2026-05-06 09:29:06 [background-preinit] INFO  o.h.validator.internal.util.Version - HV000001: Hibernate Validator 8.0.1.Final
2026-05-06 09:29:06 [main] INFO  com.sentinel.SentinelApplication - Starting SentinelApplication using Java 17.0.12 with PID 17100 (A:\Projects\Santinel\backend\target\classes started by Ajay in A:\Projects\Santinel\backend)
2026-05-06 09:29:06 [main] INFO  com.sentinel.SentinelApplication - No active profile set, falling back to 1 default profile: "default"
2026-05-06 09:29:08 [main] INFO  o.s.d.r.c.RepositoryConfigurationDelegate - Bootstrapping Spring Data MongoDB repositories in DEFAULT mode.
2026-05-06 09:29:08 [main] INFO  o.s.d.r.c.RepositoryConfigurationDelegate - Finished Spring Data repository scanning in 268 ms. Found 3 MongoDB repository interfaces.
2026-05-06 09:29:09 [main] INFO  o.s.b.w.e.tomcat.TomcatWebServer - Tomcat initialized with port 5500 (http)
2026-05-06 09:29:09 [main] INFO  o.a.coyote.http11.Http11NioProtocol - Initializing ProtocolHandler ["http-nio-5500"]
2026-05-06 09:29:09 [main] INFO  o.a.catalina.core.StandardService - Starting service [Tomcat]
2026-05-06 09:29:09 [main] INFO  o.a.catalina.core.StandardEngine - Starting Servlet engine: [Apache Tomcat/10.1.20]
2026-05-06 09:29:09 [main] INFO  o.a.c.c.C.[Tomcat].[localhost].[/] - Initializing Spring embedded WebApplicationContext
2026-05-06 09:29:09 [main] INFO  o.s.b.w.s.c.ServletWebServerApplicationContext - Root WebApplicationContext: initialization completed in 2314 ms
2026-05-06 09:29:09 [main] INFO  org.mongodb.driver.cluster - Adding discovered server ac-ipegaos-shard-00-00.n6xcems.mongodb.net:27017 to client view of cluster
2026-05-06 09:29:09 [main] INFO  org.mongodb.driver.cluster - Adding discovered server ac-ipegaos-shard-00-01.n6xcems.mongodb.net:27017 to client view of cluster
2026-05-06 09:29:09 [main] INFO  org.mongodb.driver.cluster - Adding discovered server ac-ipegaos-shard-00-02.n6xcems.mongodb.net:27017 to client view of cluster
2026-05-06 09:29:09 [main] INFO  org.mongodb.driver.client - MongoClient with metadata {"application": {"name": "Cluster0"}, "driver": {"name": "mongo-java-driver|sync|spring-boot", "version": "4.11.2"}, "os": {"type": "Windows", "name": "Windows 11", "architecture": "amd64", "version": "10.0"}, "platform": "Java/Oracle Corporation/17.0.12+8-LTS-286"} created with settings MongoClientSettings{readPreference=primary, writeConcern=WriteConcern{w=null, wTimeout=null ms, journal=null}, retryWrites=true, retryReads=true, readConcern=ReadConcern{level=null}, credential=MongoCredential{mechanism=null, userName='admin', source='admin', password=<hidden>, mechanismProperties=<hidden>}, transportSettings=null, streamFactoryFactory=null, commandListeners=[], codecRegistry=ProvidersCodecRegistry{codecProviders=[ValueCodecProvider{}, BsonValueCodecProvider{}, DBRefCodecProvider{}, DBObjectCodecProvider{}, DocumentCodecProvider{}, CollectionCodecProvider{}, IterableCodecProvider{}, MapCodecProvider{}, GeoJsonCodecProvider{}, GridFSFileCodecProvider{}, Jsr310CodecProvider{}, JsonObjectCodecProvider{}, BsonCodecProvider{}, EnumCodecProvider{}, com.mongodb.client.model.mql.ExpressionCodecProvider@724bf25f, com.mongodb.Jep395RecordCodecProvider@2abafa97, com.mongodb.KotlinCodecProvider@6f6cc7da]}, loggerSettings=LoggerSettings{maxDocumentLength=1000}, clusterSettings={hosts=[ac-ipegaos-shard-00-00.n6xcems.mongodb.net:27017, ac-ipegaos-shard-00-01.n6xcems.mongodb.net:27017, ac-ipegaos-shard-00-02.n6xcems.mongodb.net:27017], srvServiceName=mongodb, mode=MULTIPLE, requiredClusterType=REPLICA_SET, requiredReplicaSetName='atlas-12ucmv-shard-0', serverSelector='null', clusterListeners='[]', serverSelectionTimeout='30000 ms', localThreshold='15 ms'}, socketSettings=SocketSettings{connectTimeoutMS=10000, readTimeoutMS=0, receiveBufferSize=0, proxySettings=ProxySettings{host=null, port=null, username=null, password=null}}, heartbeatSocketSettings=SocketSettings{connectTimeoutMS=10000, readTimeoutMS=10000, receiveBufferSize=0, proxySettings=ProxySettings{host=null, port=null, username=null, password=null}}, connectionPoolSettings=ConnectionPoolSettings{maxSize=100, minSize=0, maxWaitTimeMS=120000, maxConnectionLifeTimeMS=0, maxConnectionIdleTimeMS=0, maintenanceInitialDelayMS=0, maintenanceFrequencyMS=60000, connectionPoolListeners=[], maxConnecting=2}, serverSettings=ServerSettings{heartbeatFrequencyMS=10000, minHeartbeatFrequencyMS=500, serverListeners='[]', serverMonitorListeners='[]'}, sslSettings=SslSettings{enabled=true, invalidHostNameAllowed=false, context=null}, applicationName='Cluster0', compressorList=[], uuidRepresentation=JAVA_LEGACY, serverApi=null, autoEncryptionSettings=null, dnsClient=null, inetAddressResolver=null, contextProvider=null}
2026-05-06 09:29:10 [cluster-ClusterId{value='69fabc8d42cc90476fbd2a8c', description='Cluster0'}-ac-ipegaos-shard-00-02.n6xcems.mongodb.net:27017] INFO  org.mongodb.driver.cluster - Monitor thread successfully connected to server with description ServerDescription{address=ac-ipegaos-shard-00-02.n6xcems.mongodb.net:27017, type=REPLICA_SET_PRIMARY, state=CONNECTED, ok=true, minWireVersion=0, maxWireVersion=25, maxDocumentSize=16777216, logicalSessionTimeoutMinutes=30, roundTripTimeNanos=350580300, setName='atlas-12ucmv-shard-0', canonicalAddress=ac-ipegaos-shard-00-02.n6xcems.mongodb.net:27017, hosts=[ac-ipegaos-shard-00-00.n6xcems.mongodb.net:27017, ac-ipegaos-shard-00-02.n6xcems.mongodb.net:27017, ac-ipegaos-shard-00-01.n6xcems.mongodb.net:27017], passives=[], arbiters=[], primary='ac-ipegaos-shard-00-02.n6xcems.mongodb.net:27017', tagSet=TagSet{[Tag{name='availabilityZone', value='aps1-az2'}, Tag{name='cacheState', value='READY'}, Tag{name='diskState', value='READY'}, Tag{name='nodeType', value='ELECTABLE'}, Tag{name='provider', value='AWS'}, Tag{name='region', value='AP_SOUTH_1'}, Tag{name='workloadType', value='OPERATIONAL'}]}, electionId=7fffffff00000000000000de, setVersion=59, topologyVersion=TopologyVersion{processId=69f3aaf9f53630c5bd712865, counter=6}, lastWriteDate=Wed May 06 09:29:10 IST 2026, lastUpdateTimeNanos=502141584600}
2026-05-06 09:29:10 [cluster-ClusterId{value='69fabc8d42cc90476fbd2a8c', description='Cluster0'}-ac-ipegaos-shard-00-00.n6xcems.mongodb.net:27017] INFO  org.mongodb.driver.cluster - Monitor thread successfully connected to server with description ServerDescription{address=ac-ipegaos-shard-00-00.n6xcems.mongodb.net:27017, type=REPLICA_SET_SECONDARY, state=CONNECTED, ok=true, minWireVersion=0, maxWireVersion=25, maxDocumentSize=16777216, logicalSessionTimeoutMinutes=30, roundTripTimeNanos=350628100, setName='atlas-12ucmv-shard-0', canonicalAddress=ac-ipegaos-shard-00-00.n6xcems.mongodb.net:27017, hosts=[ac-ipegaos-shard-00-00.n6xcems.mongodb.net:27017, ac-ipegaos-shard-00-02.n6xcems.mongodb.net:27017, ac-ipegaos-shard-00-01.n6xcems.mongodb.net:27017], passives=[], arbiters=[], primary='ac-ipegaos-shard-00-02.n6xcems.mongodb.net:27017', tagSet=TagSet{[Tag{name='availabilityZone', value='aps1-az1'}, Tag{name='cacheState', value='READY'}, Tag{name='diskState', value='READY'}, Tag{name='nodeType', value='ELECTABLE'}, Tag{name='provider', value='AWS'}, Tag{name='region', value='AP_SOUTH_1'}, Tag{name='workloadType', value='OPERATIONAL'}]}, electionId=null, setVersion=59, topologyVersion=TopologyVersion{processId=69f3a905134fe1d7a24e0f42, counter=4}, lastWriteDate=Wed May 06 09:29:10 IST 2026, lastUpdateTimeNanos=502141623800}
2026-05-06 09:29:10 [cluster-ClusterId{value='69fabc8d42cc90476fbd2a8c', description='Cluster0'}-ac-ipegaos-shard-00-02.n6xcems.mongodb.net:27017] INFO  org.mongodb.driver.cluster - Discovered replica set primary ac-ipegaos-shard-00-02.n6xcems.mongodb.net:27017 with max election id 7fffffff00000000000000de and max set version 59
2026-05-06 09:29:10 [main] WARN  o.s.b.a.s.s.UserDetailsServiceAutoConfiguration - 

Using generated security password: 4d343f99-541b-43ef-bf38-24a2af9b40a3

This generated password is for development use only. Your security configuration must be updated before running your application in production.

2026-05-06 09:29:11 [cluster-ClusterId{value='69fabc8d42cc90476fbd2a8c', description='Cluster0'}-ac-ipegaos-shard-00-01.n6xcems.mongodb.net:27017] INFO  org.mongodb.driver.cluster - Monitor thread successfully connected to server with description ServerDescription{address=ac-ipegaos-shard-00-01.n6xcems.mongodb.net:27017, type=REPLICA_SET_SECONDARY, state=CONNECTED, ok=true, minWireVersion=0, maxWireVersion=25, maxDocumentSize=16777216, logicalSessionTimeoutMinutes=30, roundTripTimeNanos=77095200, setName='atlas-12ucmv-shard-0', canonicalAddress=ac-ipegaos-shard-00-01.n6xcems.mongodb.net:27017, hosts=[ac-ipegaos-shard-00-00.n6xcems.mongodb.net:27017, ac-ipegaos-shard-00-02.n6xcems.mongodb.net:27017, ac-ipegaos-shard-00-01.n6xcems.mongodb.net:27017], passives=[], arbiters=[], primary='ac-ipegaos-shard-00-02.n6xcems.mongodb.net:27017', tagSet=TagSet{[Tag{name='availabilityZone', value='aps1-az3'}, Tag{name='cacheState', value='READY'}, Tag{name='diskState', value='READY'}, Tag{name='nodeType', value='ELECTABLE'}, Tag{name='provider', value='AWS'}, Tag{name='region', value='AP_SOUTH_1'}, Tag{name='workloadType', value='OPERATIONAL'}]}, electionId=null, setVersion=59, topologyVersion=TopologyVersion{processId=69f3ad64c76752dcd71912a2, counter=3}, lastWriteDate=Wed May 06 09:29:11 IST 2026, lastUpdateTimeNanos=502867206800}
2026-05-06 09:29:11 [main] INFO  o.s.s.web.DefaultSecurityFilterChain - Will secure any request with [org.springframework.security.web.session.DisableEncodeUrlFilter@61c5fd78, org.springframework.security.web.context.request.async.WebAsyncManagerIntegrationFilter@42503099, org.springframework.security.web.context.SecurityContextHolderFilter@33430fc, org.springframework.security.web.header.HeaderWriterFilter@e36bc01, org.springframework.web.filter.CorsFilter@39dda56f, org.springframework.security.web.authentication.logout.LogoutFilter@534d0e20, com.sentinel.security.JwtTokenFilter@60844992, org.springframework.security.web.savedrequest.RequestCacheAwareFilter@22ae32ba, org.springframework.security.web.servletapi.SecurityContextHolderAwareRequestFilter@b8b2184, org.springframework.security.web.authentication.AnonymousAuthenticationFilter@2ee456c7, org.springframework.security.web.session.SessionManagementFilter@523abba9, org.springframework.security.web.access.ExceptionTranslationFilter@24fef542, org.springframework.security.web.access.intercept.AuthorizationFilter@7b8b07ae]
2026-05-06 09:29:11 [main] INFO  o.a.coyote.http11.Http11NioProtocol - Starting ProtocolHandler ["http-nio-5500"]
2026-05-06 09:29:11 [main] INFO  o.s.b.w.e.tomcat.TomcatWebServer - Tomcat started on port 5500 (http) with context path ''
2026-05-06 09:29:11 [main] INFO  com.sentinel.SentinelApplication - Started SentinelApplication in 5.296 seconds (process running for 5.873)
2026-05-06 09:29:11 [scheduling-1] INFO  c.s.engine.TelemetryEngineService - Initiating fleet-wide telemetry cycle...
2026-05-06 09:30:11 [scheduling-1] INFO  c.s.engine.TelemetryEngineService - Initiating fleet-wide telemetry cycle...
2026-05-06 09:31:11 [scheduling-1] INFO  c.s.engine.TelemetryEngineService - Initiating fleet-wide telemetry cycle...
2026-05-06 10:11:40 [background-preinit] INFO  o.h.validator.internal.util.Version - HV000001: Hibernate Validator 8.0.1.Final
2026-05-06 10:11:40 [main] INFO  com.sentinel.SentinelApplication - Starting SentinelApplication using Java 17.0.12 with PID 16404 (A:\Projects\Santinel\backend\target\classes started by Ajay in A:\Projects\Santinel\backend)
2026-05-06 10:11:40 [main] INFO  com.sentinel.SentinelApplication - No active profile set, falling back to 1 default profile: "default"
2026-05-06 10:11:41 [main] INFO  o.s.d.r.c.RepositoryConfigurationDelegate - Bootstrapping Spring Data MongoDB repositories in DEFAULT mode.
2026-05-06 10:11:41 [main] INFO  o.s.d.r.c.RepositoryConfigurationDelegate - Finished Spring Data repository scanning in 189 ms. Found 3 MongoDB repository interfaces.
2026-05-06 10:11:42 [main] INFO  o.s.b.w.e.tomcat.TomcatWebServer - Tomcat initialized with port 5500 (http)
2026-05-06 10:11:42 [main] INFO  o.a.coyote.http11.Http11NioProtocol - Initializing ProtocolHandler ["http-nio-5500"]
2026-05-06 10:11:42 [main] INFO  o.a.catalina.core.StandardService - Starting service [Tomcat]
2026-05-06 10:11:42 [main] INFO  o.a.catalina.core.StandardEngine - Starting Servlet engine: [Apache Tomcat/10.1.20]
2026-05-06 10:11:42 [main] INFO  o.a.c.c.C.[Tomcat].[localhost].[/] - Initializing Spring embedded WebApplicationContext
2026-05-06 10:11:42 [main] INFO  o.s.b.w.s.c.ServletWebServerApplicationContext - Root WebApplicationContext: initialization completed in 1821 ms
2026-05-06 10:11:42 [main] INFO  org.mongodb.driver.cluster - Adding discovered server ac-ipegaos-shard-00-00.n6xcems.mongodb.net:27017 to client view of cluster
2026-05-06 10:11:42 [main] INFO  org.mongodb.driver.cluster - Adding discovered server ac-ipegaos-shard-00-01.n6xcems.mongodb.net:27017 to client view of cluster
2026-05-06 10:11:42 [main] INFO  org.mongodb.driver.cluster - Adding discovered server ac-ipegaos-shard-00-02.n6xcems.mongodb.net:27017 to client view of cluster
2026-05-06 10:11:42 [main] INFO  org.mongodb.driver.client - MongoClient with metadata {"application": {"name": "Cluster0"}, "driver": {"name": "mongo-java-driver|sync|spring-boot", "version": "4.11.2"}, "os": {"type": "Windows", "name": "Windows 11", "architecture": "amd64", "version": "10.0"}, "platform": "Java/Oracle Corporation/17.0.12+8-LTS-286"} created with settings MongoClientSettings{readPreference=primary, writeConcern=WriteConcern{w=null, wTimeout=null ms, journal=null}, retryWrites=true, retryReads=true, readConcern=ReadConcern{level=null}, credential=MongoCredential{mechanism=null, userName='admin', source='admin', password=<hidden>, mechanismProperties=<hidden>}, transportSettings=null, streamFactoryFactory=null, commandListeners=[], codecRegistry=ProvidersCodecRegistry{codecProviders=[ValueCodecProvider{}, BsonValueCodecProvider{}, DBRefCodecProvider{}, DBObjectCodecProvider{}, DocumentCodecProvider{}, CollectionCodecProvider{}, IterableCodecProvider{}, MapCodecProvider{}, GeoJsonCodecProvider{}, GridFSFileCodecProvider{}, Jsr310CodecProvider{}, JsonObjectCodecProvider{}, BsonCodecProvider{}, EnumCodecProvider{}, com.mongodb.client.model.mql.ExpressionCodecProvider@5460edd3, com.mongodb.Jep395RecordCodecProvider@5dbbb292, com.mongodb.KotlinCodecProvider@613f7eb7]}, loggerSettings=LoggerSettings{maxDocumentLength=1000}, clusterSettings={hosts=[ac-ipegaos-shard-00-00.n6xcems.mongodb.net:27017, ac-ipegaos-shard-00-01.n6xcems.mongodb.net:27017, ac-ipegaos-shard-00-02.n6xcems.mongodb.net:27017], srvServiceName=mongodb, mode=MULTIPLE, requiredClusterType=REPLICA_SET, requiredReplicaSetName='atlas-12ucmv-shard-0', serverSelector='null', clusterListeners='[]', serverSelectionTimeout='30000 ms', localThreshold='15 ms'}, socketSettings=SocketSettings{connectTimeoutMS=10000, readTimeoutMS=0, receiveBufferSize=0, proxySettings=ProxySettings{host=null, port=null, username=null, password=null}}, heartbeatSocketSettings=SocketSettings{connectTimeoutMS=10000, readTimeoutMS=10000, receiveBufferSize=0, proxySettings=ProxySettings{host=null, port=null, username=null, password=null}}, connectionPoolSettings=ConnectionPoolSettings{maxSize=100, minSize=0, maxWaitTimeMS=120000, maxConnectionLifeTimeMS=0, maxConnectionIdleTimeMS=0, maintenanceInitialDelayMS=0, maintenanceFrequencyMS=60000, connectionPoolListeners=[], maxConnecting=2}, serverSettings=ServerSettings{heartbeatFrequencyMS=10000, minHeartbeatFrequencyMS=500, serverListeners='[]', serverMonitorListeners='[]'}, sslSettings=SslSettings{enabled=true, invalidHostNameAllowed=false, context=null}, applicationName='Cluster0', compressorList=[], uuidRepresentation=JAVA_LEGACY, serverApi=null, autoEncryptionSettings=null, dnsClient=null, inetAddressResolver=null, contextProvider=null}
2026-05-06 10:11:43 [cluster-ClusterId{value='69fac6867fc4905693cb3a65', description='Cluster0'}-ac-ipegaos-shard-00-02.n6xcems.mongodb.net:27017] INFO  org.mongodb.driver.cluster - Monitor thread successfully connected to server with description ServerDescription{address=ac-ipegaos-shard-00-02.n6xcems.mongodb.net:27017, type=REPLICA_SET_PRIMARY, state=CONNECTED, ok=true, minWireVersion=0, maxWireVersion=25, maxDocumentSize=16777216, logicalSessionTimeoutMinutes=30, roundTripTimeNanos=279563400, setName='atlas-12ucmv-shard-0', canonicalAddress=ac-ipegaos-shard-00-02.n6xcems.mongodb.net:27017, hosts=[ac-ipegaos-shard-00-00.n6xcems.mongodb.net:27017, ac-ipegaos-shard-00-02.n6xcems.mongodb.net:27017, ac-ipegaos-shard-00-01.n6xcems.mongodb.net:27017], passives=[], arbiters=[], primary='ac-ipegaos-shard-00-02.n6xcems.mongodb.net:27017', tagSet=TagSet{[Tag{name='availabilityZone', value='aps1-az2'}, Tag{name='cacheState', value='READY'}, Tag{name='diskState', value='READY'}, Tag{name='nodeType', value='ELECTABLE'}, Tag{name='provider', value='AWS'}, Tag{name='region', value='AP_SOUTH_1'}, Tag{name='workloadType', value='OPERATIONAL'}]}, electionId=7fffffff00000000000000de, setVersion=59, topologyVersion=TopologyVersion{processId=69f3aaf9f53630c5bd712865, counter=6}, lastWriteDate=Wed May 06 10:11:43 IST 2026, lastUpdateTimeNanos=3055024714400}
2026-05-06 10:11:43 [cluster-ClusterId{value='69fac6867fc4905693cb3a65', description='Cluster0'}-ac-ipegaos-shard-00-00.n6xcems.mongodb.net:27017] INFO  org.mongodb.driver.cluster - Monitor thread successfully connected to server with description ServerDescription{address=ac-ipegaos-shard-00-00.n6xcems.mongodb.net:27017, type=REPLICA_SET_SECONDARY, state=CONNECTED, ok=true, minWireVersion=0, maxWireVersion=25, maxDocumentSize=16777216, logicalSessionTimeoutMinutes=30, roundTripTimeNanos=280436800, setName='atlas-12ucmv-shard-0', canonicalAddress=ac-ipegaos-shard-00-00.n6xcems.mongodb.net:27017, hosts=[ac-ipegaos-shard-00-00.n6xcems.mongodb.net:27017, ac-ipegaos-shard-00-02.n6xcems.mongodb.net:27017, ac-ipegaos-shard-00-01.n6xcems.mongodb.net:27017], passives=[], arbiters=[], primary='ac-ipegaos-shard-00-02.n6xcems.mongodb.net:27017', tagSet=TagSet{[Tag{name='availabilityZone', value='aps1-az1'}, Tag{name='cacheState', value='READY'}, Tag{name='diskState', value='READY'}, Tag{name='nodeType', value='ELECTABLE'}, Tag{name='provider', value='AWS'}, Tag{name='region', value='AP_SOUTH_1'}, Tag{name='workloadType', value='OPERATIONAL'}]}, electionId=null, setVersion=59, topologyVersion=TopologyVersion{processId=69f3a905134fe1d7a24e0f42, counter=4}, lastWriteDate=Wed May 06 10:11:43 IST 2026, lastUpdateTimeNanos=3055024714400}
2026-05-06 10:11:43 [cluster-ClusterId{value='69fac6867fc4905693cb3a65', description='Cluster0'}-ac-ipegaos-shard-00-01.n6xcems.mongodb.net:27017] INFO  org.mongodb.driver.cluster - Monitor thread successfully connected to server with description ServerDescription{address=ac-ipegaos-shard-00-01.n6xcems.mongodb.net:27017, type=REPLICA_SET_SECONDARY, state=CONNECTED, ok=true, minWireVersion=0, maxWireVersion=25, maxDocumentSize=16777216, logicalSessionTimeoutMinutes=30, roundTripTimeNanos=280464200, setName='atlas-12ucmv-shard-0', canonicalAddress=ac-ipegaos-shard-00-01.n6xcems.mongodb.net:27017, hosts=[ac-ipegaos-shard-00-00.n6xcems.mongodb.net:27017, ac-ipegaos-shard-00-02.n6xcems.mongodb.net:27017, ac-ipegaos-shard-00-01.n6xcems.mongodb.net:27017], passives=[], arbiters=[], primary='ac-ipegaos-shard-00-02.n6xcems.mongodb.net:27017', tagSet=TagSet{[Tag{name='availabilityZone', value='aps1-az3'}, Tag{name='cacheState', value='READY'}, Tag{name='diskState', value='READY'}, Tag{name='nodeType', value='ELECTABLE'}, Tag{name='provider', value='AWS'}, Tag{name='region', value='AP_SOUTH_1'}, Tag{name='workloadType', value='OPERATIONAL'}]}, electionId=null, setVersion=59, topologyVersion=TopologyVersion{processId=69f3ad64c76752dcd71912a2, counter=3}, lastWriteDate=Wed May 06 10:11:43 IST 2026, lastUpdateTimeNanos=3055024714500}
2026-05-06 10:11:43 [cluster-ClusterId{value='69fac6867fc4905693cb3a65', description='Cluster0'}-ac-ipegaos-shard-00-02.n6xcems.mongodb.net:27017] INFO  org.mongodb.driver.cluster - Discovered replica set primary ac-ipegaos-shard-00-02.n6xcems.mongodb.net:27017 with max election id 7fffffff00000000000000de and max set version 59
2026-05-06 10:11:43 [main] WARN  o.s.b.a.s.s.UserDetailsServiceAutoConfiguration - 

Using generated security password: 78a23d7b-764d-48fc-9655-4a8269f1e7df

This generated password is for development use only. Your security configuration must be updated before running your application in production.

2026-05-06 10:11:43 [main] INFO  o.s.s.web.DefaultSecurityFilterChain - Will secure any request with [org.springframework.security.web.session.DisableEncodeUrlFilter@6df37f7a, org.springframework.security.web.context.request.async.WebAsyncManagerIntegrationFilter@39514976, org.springframework.security.web.context.SecurityContextHolderFilter@ccd000e, org.springframework.security.web.header.HeaderWriterFilter@67a6a2d0, org.springframework.web.filter.CorsFilter@7bdb4f17, org.springframework.security.web.authentication.logout.LogoutFilter@37f71c05, com.sentinel.security.JwtTokenFilter@77856cc5, org.springframework.security.web.savedrequest.RequestCacheAwareFilter@d7055be, org.springframework.security.web.servletapi.SecurityContextHolderAwareRequestFilter@768f4b42, org.springframework.security.web.authentication.AnonymousAuthenticationFilter@1fbd5e0, org.springframework.security.web.session.SessionManagementFilter@22ae32ba, org.springframework.security.web.access.ExceptionTranslationFilter@1c8f71a7, org.springframework.security.web.access.intercept.AuthorizationFilter@39dda56f]
2026-05-06 10:11:44 [main] INFO  o.a.coyote.http11.Http11NioProtocol - Starting ProtocolHandler ["http-nio-5500"]
2026-05-06 10:11:44 [main] INFO  o.s.b.w.e.tomcat.TomcatWebServer - Tomcat started on port 5500 (http) with context path ''
2026-05-06 10:11:44 [main] INFO  com.sentinel.SentinelApplication - Started SentinelApplication in 4.207 seconds (process running for 4.787)
2026-05-06 10:11:44 [scheduling-1] INFO  c.s.engine.TelemetryEngineService - Initiating fleet-wide telemetry cycle...
2026-05-06 10:12:34 [http-nio-5500-exec-1] INFO  o.a.c.c.C.[Tomcat].[localhost].[/] - Initializing Spring DispatcherServlet 'dispatcherServlet'
2026-05-06 10:12:34 [http-nio-5500-exec-1] INFO  o.s.web.servlet.DispatcherServlet - Initializing Servlet 'dispatcherServlet'
2026-05-06 10:12:34 [http-nio-5500-exec-1] INFO  o.s.web.servlet.DispatcherServlet - Completed initialization in 2 ms
2026-05-06 10:12:35 [http-nio-5500-exec-6] WARN  o.s.w.s.m.s.DefaultHandlerExceptionResolver - Resolved [org.springframework.web.HttpRequestMethodNotSupportedException: Request method 'GET' is not supported]
2026-05-06 10:12:35 [http-nio-5500-exec-5] WARN  o.s.w.s.m.s.DefaultHandlerExceptionResolver - Resolved [org.springframework.web.HttpRequestMethodNotSupportedException: Request method 'GET' is not supported]
2026-05-06 10:12:44 [scheduling-1] INFO  c.s.engine.TelemetryEngineService - Initiating fleet-wide telemetry cycle...
2026-05-06 10:12:50 [http-nio-5500-exec-9] WARN  o.s.w.s.m.s.DefaultHandlerExceptionResolver - Resolved [org.springframework.web.HttpRequestMethodNotSupportedException: Request method 'GET' is not supported]
2026-05-06 10:12:54 [reactor-http-nio-2] INFO  c.s.engine.TelemetryEngineService - Signal Captured: https://agentrouter.org/v1 | Status: 404 | Latency: 1484ms
2026-05-06 10:12:54 [http-nio-5500-exec-1] WARN  o.s.w.s.m.s.DefaultHandlerExceptionResolver - Resolved [org.springframework.web.HttpRequestMethodNotSupportedException: Request method 'GET' is not supported]
2026-05-06 10:13:05 [http-nio-5500-exec-4] WARN  o.s.w.s.m.s.DefaultHandlerExceptionResolver - Resolved [org.springframework.web.HttpRequestMethodNotSupportedException: Request method 'GET' is not supported]
2026-05-06 10:13:20 [http-nio-5500-exec-6] WARN  o.s.w.s.m.s.DefaultHandlerExceptionResolver - Resolved [org.springframework.web.HttpRequestMethodNotSupportedException: Request method 'GET' is not supported]
2026-05-06 10:13:35 [http-nio-5500-exec-7] WARN  o.s.w.s.m.s.DefaultHandlerExceptionResolver - Resolved [org.springframework.web.HttpRequestMethodNotSupportedException: Request method 'GET' is not supported]
2026-05-06 10:13:44 [scheduling-1] INFO  c.s.engine.TelemetryEngineService - Initiating fleet-wide telemetry cycle...
2026-05-06 10:13:44 [reactor-http-nio-3] INFO  c.s.engine.TelemetryEngineService - Signal Captured: https://agentrouter.org/v1 | Status: 404 | Latency: 196ms
2026-05-06 10:13:50 [http-nio-5500-exec-10] WARN  o.s.w.s.m.s.DefaultHandlerExceptionResolver - Resolved [org.springframework.web.HttpRequestMethodNotSupportedException: Request method 'GET' is not supported]
2026-05-06 10:14:06 [http-nio-5500-exec-2] WARN  o.s.w.s.m.s.DefaultHandlerExceptionResolver - Resolved [org.springframework.web.HttpRequestMethodNotSupportedException: Request method 'GET' is not supported]
2026-05-06 10:14:21 [http-nio-5500-exec-3] WARN  o.s.w.s.m.s.DefaultHandlerExceptionResolver - Resolved [org.springframework.web.HttpRequestMethodNotSupportedException: Request method 'GET' is not supported]
2026-05-06 10:14:36 [http-nio-5500-exec-5] WARN  o.s.w.s.m.s.DefaultHandlerExceptionResolver - Resolved [org.springframework.web.HttpRequestMethodNotSupportedException: Request method 'GET' is not supported]
2026-05-06 10:14:44 [scheduling-1] INFO  c.s.engine.TelemetryEngineService - Initiating fleet-wide telemetry cycle...
2026-05-06 10:14:44 [reactor-http-nio-4] INFO  c.s.engine.TelemetryEngineService - Signal Captured: https://agentrouter.org/v1 | Status: 404 | Latency: 190ms
2026-05-06 10:14:52 [http-nio-5500-exec-9] WARN  o.s.w.s.m.s.DefaultHandlerExceptionResolver - Resolved [org.springframework.web.HttpRequestMethodNotSupportedException: Request method 'GET' is not supported]
2026-05-06 10:15:07 [http-nio-5500-exec-10] WARN  o.s.w.s.m.s.DefaultHandlerExceptionResolver - Resolved [org.springframework.web.HttpRequestMethodNotSupportedException: Request method 'GET' is not supported]
2026-05-06 10:15:23 [http-nio-5500-exec-2] WARN  o.s.w.s.m.s.DefaultHandlerExceptionResolver - Resolved [org.springframework.web.HttpRequestMethodNotSupportedException: Request method 'GET' is not supported]
2026-05-06 10:15:38 [http-nio-5500-exec-3] WARN  o.s.w.s.m.s.DefaultHandlerExceptionResolver - Resolved [org.springframework.web.HttpRequestMethodNotSupportedException: Request method 'GET' is not supported]
2026-05-06 10:15:44 [scheduling-1] INFO  c.s.engine.TelemetryEngineService - Initiating fleet-wide telemetry cycle...
2026-05-06 10:15:44 [reactor-http-nio-5] INFO  c.s.engine.TelemetryEngineService - Signal Captured: https://agentrouter.org/v1 | Status: 404 | Latency: 186ms
2026-05-06 10:15:54 [http-nio-5500-exec-5] WARN  o.s.w.s.m.s.DefaultHandlerExceptionResolver - Resolved [org.springframework.web.HttpRequestMethodNotSupportedException: Request method 'GET' is not supported]
2026-05-06 10:16:09 [http-nio-5500-exec-9] WARN  o.s.w.s.m.s.DefaultHandlerExceptionResolver - Resolved [org.springframework.web.HttpRequestMethodNotSupportedException: Request method 'GET' is not supported]
2026-05-06 10:16:24 [http-nio-5500-exec-10] WARN  o.s.w.s.m.s.DefaultHandlerExceptionResolver - Resolved [org.springframework.web.HttpRequestMethodNotSupportedException: Request method 'GET' is not supported]
2026-05-06 10:16:39 [http-nio-5500-exec-2] WARN  o.s.w.s.m.s.DefaultHandlerExceptionResolver - Resolved [org.springframework.web.HttpRequestMethodNotSupportedException: Request method 'GET' is not supported]
2026-05-06 10:16:44 [scheduling-1] INFO  c.s.engine.TelemetryEngineService - Initiating fleet-wide telemetry cycle...
2026-05-06 10:16:44 [reactor-http-nio-6] INFO  c.s.engine.TelemetryEngineService - Signal Captured: https://agentrouter.org/v1 | Status: 404 | Latency: 195ms
2026-05-06 10:16:55 [http-nio-5500-exec-3] WARN  o.s.w.s.m.s.DefaultHandlerExceptionResolver - Resolved [org.springframework.web.HttpRequestMethodNotSupportedException: Request method 'GET' is not supported]
2026-05-06 10:17:10 [http-nio-5500-exec-5] WARN  o.s.w.s.m.s.DefaultHandlerExceptionResolver - Resolved [org.springframework.web.HttpRequestMethodNotSupportedException: Request method 'GET' is not supported]
2026-05-06 10:17:25 [http-nio-5500-exec-9] WARN  o.s.w.s.m.s.DefaultHandlerExceptionResolver - Resolved [org.springframework.web.HttpRequestMethodNotSupportedException: Request method 'GET' is not supported]
2026-05-06 10:17:40 [http-nio-5500-exec-10] WARN  o.s.w.s.m.s.DefaultHandlerExceptionResolver - Resolved [org.springframework.web.HttpRequestMethodNotSupportedException: Request method 'GET' is not supported]
2026-05-06 10:17:44 [scheduling-1] INFO  c.s.engine.TelemetryEngineService - Initiating fleet-wide telemetry cycle...
2026-05-06 10:17:44 [reactor-http-nio-7] INFO  c.s.engine.TelemetryEngineService - Signal Captured: https://agentrouter.org/v1 | Status: 404 | Latency: 199ms
2026-05-06 10:17:56 [http-nio-5500-exec-2] WARN  o.s.w.s.m.s.DefaultHandlerExceptionResolver - Resolved [org.springframework.web.HttpRequestMethodNotSupportedException: Request method 'GET' is not supported]
2026-05-06 10:18:11 [http-nio-5500-exec-3] WARN  o.s.w.s.m.s.DefaultHandlerExceptionResolver - Resolved [org.springframework.web.HttpRequestMethodNotSupportedException: Request method 'GET' is not supported]
2026-05-06 10:18:26 [http-nio-5500-exec-5] WARN  o.s.w.s.m.s.DefaultHandlerExceptionResolver - Resolved [org.springframework.web.HttpRequestMethodNotSupportedException: Request method 'GET' is not supported]
2026-05-06 10:18:42 [http-nio-5500-exec-9] WARN  o.s.w.s.m.s.DefaultHandlerExceptionResolver - Resolved [org.springframework.web.HttpRequestMethodNotSupportedException: Request method 'GET' is not supported]
2026-05-06 10:18:44 [scheduling-1] INFO  c.s.engine.TelemetryEngineService - Initiating fleet-wide telemetry cycle...
2026-05-06 10:18:44 [reactor-http-nio-8] INFO  c.s.engine.TelemetryEngineService - Signal Captured: https://agentrouter.org/v1 | Status: 404 | Latency: 173ms
2026-05-06 10:18:57 [http-nio-5500-exec-10] WARN  o.s.w.s.m.s.DefaultHandlerExceptionResolver - Resolved [org.springframework.web.HttpRequestMethodNotSupportedException: Request method 'GET' is not supported]
2026-05-06 10:19:12 [http-nio-5500-exec-2] WARN  o.s.w.s.m.s.DefaultHandlerExceptionResolver - Resolved [org.springframework.web.HttpRequestMethodNotSupportedException: Request method 'GET' is not supported]
2026-05-06 10:19:27 [http-nio-5500-exec-3] WARN  o.s.w.s.m.s.DefaultHandlerExceptionResolver - Resolved [org.springframework.web.HttpRequestMethodNotSupportedException: Request method 'GET' is not supported]
2026-05-06 10:19:42 [http-nio-5500-exec-5] WARN  o.s.w.s.m.s.DefaultHandlerExceptionResolver - Resolved [org.springframework.web.HttpRequestMethodNotSupportedException: Request method 'GET' is not supported]
2026-05-06 10:19:44 [scheduling-1] INFO  c.s.engine.TelemetryEngineService - Initiating fleet-wide telemetry cycle...
2026-05-06 10:19:44 [reactor-http-nio-9] INFO  c.s.engine.TelemetryEngineService - Signal Captured: https://agentrouter.org/v1 | Status: 404 | Latency: 669ms
2026-05-06 10:19:57 [http-nio-5500-exec-9] WARN  o.s.w.s.m.s.DefaultHandlerExceptionResolver - Resolved [org.springframework.web.HttpRequestMethodNotSupportedException: Request method 'GET' is not supported]
2026-05-06 10:20:12 [http-nio-5500-exec-10] WARN  o.s.w.s.m.s.DefaultHandlerExceptionResolver - Resolved [org.springframework.web.HttpRequestMethodNotSupportedException: Request method 'GET' is not supported]
2026-05-06 10:20:27 [http-nio-5500-exec-2] WARN  o.s.w.s.m.s.DefaultHandlerExceptionResolver - Resolved [org.springframework.web.HttpRequestMethodNotSupportedException: Request method 'GET' is not supported]
2026-05-06 10:20:42 [http-nio-5500-exec-3] WARN  o.s.w.s.m.s.DefaultHandlerExceptionResolver - Resolved [org.springframework.web.HttpRequestMethodNotSupportedException: Request method 'GET' is not supported]
2026-05-06 10:20:44 [scheduling-1] INFO  c.s.engine.TelemetryEngineService - Initiating fleet-wide telemetry cycle...
2026-05-06 10:20:44 [reactor-http-nio-10] INFO  c.s.engine.TelemetryEngineService - Signal Captured: https://agentrouter.org/v1 | Status: 404 | Latency: 169ms
2026-05-06 10:20:58 [http-nio-5500-exec-5] WARN  o.s.w.s.m.s.DefaultHandlerExceptionResolver - Resolved [org.springframework.web.HttpRequestMethodNotSupportedException: Request method 'GET' is not supported]
2026-05-06 10:21:13 [http-nio-5500-exec-9] WARN  o.s.w.s.m.s.DefaultHandlerExceptionResolver - Resolved [org.springframework.web.HttpRequestMethodNotSupportedException: Request method 'GET' is not supported]
2026-05-06 10:21:28 [http-nio-5500-exec-10] WARN  o.s.w.s.m.s.DefaultHandlerExceptionResolver - Resolved [org.springframework.web.HttpRequestMethodNotSupportedException: Request method 'GET' is not supported]
2026-05-06 10:21:43 [http-nio-5500-exec-2] WARN  o.s.w.s.m.s.DefaultHandlerExceptionResolver - Resolved [org.springframework.web.HttpRequestMethodNotSupportedException: Request method 'GET' is not supported]
2026-05-06 10:21:44 [scheduling-1] INFO  c.s.engine.TelemetryEngineService - Initiating fleet-wide telemetry cycle...
2026-05-06 10:21:44 [reactor-http-nio-11] INFO  c.s.engine.TelemetryEngineService - Signal Captured: https://agentrouter.org/v1 | Status: 404 | Latency: 190ms
2026-05-06 10:21:58 [http-nio-5500-exec-3] WARN  o.s.w.s.m.s.DefaultHandlerExceptionResolver - Resolved [org.springframework.web.HttpRequestMethodNotSupportedException: Request method 'GET' is not supported]
2026-05-06 10:22:14 [http-nio-5500-exec-5] WARN  o.s.w.s.m.s.DefaultHandlerExceptionResolver - Resolved [org.springframework.web.HttpRequestMethodNotSupportedException: Request method 'GET' is not supported]
2026-05-06 10:22:30 [http-nio-5500-exec-9] WARN  o.s.w.s.m.s.DefaultHandlerExceptionResolver - Resolved [org.springframework.web.HttpRequestMethodNotSupportedException: Request method 'GET' is not supported]
2026-05-06 10:22:44 [scheduling-1] INFO  c.s.engine.TelemetryEngineService - Initiating fleet-wide telemetry cycle...
2026-05-06 10:22:44 [reactor-http-nio-12] INFO  c.s.engine.TelemetryEngineService - Signal Captured: https://agentrouter.org/v1 | Status: 404 | Latency: 186ms
2026-05-06 10:22:45 [http-nio-5500-exec-10] WARN  o.s.w.s.m.s.DefaultHandlerExceptionResolver - Resolved [org.springframework.web.HttpRequestMethodNotSupportedException: Request method 'GET' is not supported]
2026-05-06 10:23:00 [http-nio-5500-exec-2] WARN  o.s.w.s.m.s.DefaultHandlerExceptionResolver - Resolved [org.springframework.web.HttpRequestMethodNotSupportedException: Request method 'GET' is not supported]
2026-05-06 10:23:15 [http-nio-5500-exec-3] WARN  o.s.w.s.m.s.DefaultHandlerExceptionResolver - Resolved [org.springframework.web.HttpRequestMethodNotSupportedException: Request method 'GET' is not supported]
2026-05-06 10:23:31 [http-nio-5500-exec-5] WARN  o.s.w.s.m.s.DefaultHandlerExceptionResolver - Resolved [org.springframework.web.HttpRequestMethodNotSupportedException: Request method 'GET' is not supported]
2026-05-06 10:23:44 [scheduling-1] INFO  c.s.engine.TelemetryEngineService - Initiating fleet-wide telemetry cycle...
2026-05-06 10:23:44 [reactor-http-nio-1] INFO  c.s.engine.TelemetryEngineService - Signal Captured: https://agentrouter.org/v1 | Status: 404 | Latency: 187ms
2026-05-06 10:23:46 [http-nio-5500-exec-9] WARN  o.s.w.s.m.s.DefaultHandlerExceptionResolver - Resolved [org.springframework.web.HttpRequestMethodNotSupportedException: Request method 'GET' is not supported]
2026-05-06 10:24:01 [http-nio-5500-exec-10] WARN  o.s.w.s.m.s.DefaultHandlerExceptionResolver - Resolved [org.springframework.web.HttpRequestMethodNotSupportedException: Request method 'GET' is not supported]
2026-05-06 10:24:16 [http-nio-5500-exec-2] WARN  o.s.w.s.m.s.DefaultHandlerExceptionResolver - Resolved [org.springframework.web.HttpRequestMethodNotSupportedException: Request method 'GET' is not supported]
2026-05-06 10:24:32 [http-nio-5500-exec-3] WARN  o.s.w.s.m.s.DefaultHandlerExceptionResolver - Resolved [org.springframework.web.HttpRequestMethodNotSupportedException: Request method 'GET' is not supported]
2026-05-06 10:24:44 [scheduling-1] INFO  c.s.engine.TelemetryEngineService - Initiating fleet-wide telemetry cycle...
2026-05-06 10:24:44 [reactor-http-nio-2] INFO  c.s.engine.TelemetryEngineService - Signal Captured: https://agentrouter.org/v1 | Status: 404 | Latency: 192ms
2026-05-06 10:24:47 [http-nio-5500-exec-5] WARN  o.s.w.s.m.s.DefaultHandlerExceptionResolver - Resolved [org.springframework.web.HttpRequestMethodNotSupportedException: Request method 'GET' is not supported]
2026-05-06 10:25:02 [http-nio-5500-exec-9] WARN  o.s.w.s.m.s.DefaultHandlerExceptionResolver - Resolved [org.springframework.web.HttpRequestMethodNotSupportedException: Request method 'GET' is not supported]
2026-05-06 10:25:17 [http-nio-5500-exec-10] WARN  o.s.w.s.m.s.DefaultHandlerExceptionResolver - Resolved [org.springframework.web.HttpRequestMethodNotSupportedException: Request method 'GET' is not supported]
2026-05-06 10:25:33 [http-nio-5500-exec-2] WARN  o.s.w.s.m.s.DefaultHandlerExceptionResolver - Resolved [org.springframework.web.HttpRequestMethodNotSupportedException: Request method 'GET' is not supported]
2026-05-06 10:25:44 [scheduling-1] INFO  c.s.engine.TelemetryEngineService - Initiating fleet-wide telemetry cycle...
2026-05-06 10:25:44 [reactor-http-nio-3] INFO  c.s.engine.TelemetryEngineService - Signal Captured: https://agentrouter.org/v1 | Status: 404 | Latency: 175ms
2026-05-06 10:25:48 [http-nio-5500-exec-3] WARN  o.s.w.s.m.s.DefaultHandlerExceptionResolver - Resolved [org.springframework.web.HttpRequestMethodNotSupportedException: Request method 'GET' is not supported]
2026-05-06 10:26:03 [http-nio-5500-exec-5] WARN  o.s.w.s.m.s.DefaultHandlerExceptionResolver - Resolved [org.springframework.web.HttpRequestMethodNotSupportedException: Request method 'GET' is not supported]
2026-05-06 10:26:18 [http-nio-5500-exec-9] WARN  o.s.w.s.m.s.DefaultHandlerExceptionResolver - Resolved [org.springframework.web.HttpRequestMethodNotSupportedException: Request method 'GET' is not supported]
2026-05-06 10:26:34 [http-nio-5500-exec-10] WARN  o.s.w.s.m.s.DefaultHandlerExceptionResolver - Resolved [org.springframework.web.HttpRequestMethodNotSupportedException: Request method 'GET' is not supported]
2026-05-06 10:26:44 [scheduling-1] INFO  c.s.engine.TelemetryEngineService - Initiating fleet-wide telemetry cycle...
2026-05-06 10:26:44 [reactor-http-nio-4] INFO  c.s.engine.TelemetryEngineService - Signal Captured: https://agentrouter.org/v1 | Status: 404 | Latency: 178ms
2026-05-06 10:26:49 [http-nio-5500-exec-2] WARN  o.s.w.s.m.s.DefaultHandlerExceptionResolver - Resolved [org.springframework.web.HttpRequestMethodNotSupportedException: Request method 'GET' is not supported]
2026-05-06 10:27:04 [http-nio-5500-exec-3] WARN  o.s.w.s.m.s.DefaultHandlerExceptionResolver - Resolved [org.springframework.web.HttpRequestMethodNotSupportedException: Request method 'GET' is not supported]
2026-05-06 10:27:20 [http-nio-5500-exec-5] WARN  o.s.w.s.m.s.DefaultHandlerExceptionResolver - Resolved [org.springframework.web.HttpRequestMethodNotSupportedException: Request method 'GET' is not supported]
2026-05-06 10:27:35 [http-nio-5500-exec-9] WARN  o.s.w.s.m.s.DefaultHandlerExceptionResolver - Resolved [org.springframework.web.HttpRequestMethodNotSupportedException: Request method 'GET' is not supported]
2026-05-06 10:27:44 [scheduling-1] INFO  c.s.engine.TelemetryEngineService - Initiating fleet-wide telemetry cycle...
2026-05-06 10:27:44 [reactor-http-nio-5] INFO  c.s.engine.TelemetryEngineService - Signal Captured: https://agentrouter.org/v1 | Status: 404 | Latency: 184ms
2026-05-06 10:27:50 [http-nio-5500-exec-10] WARN  o.s.w.s.m.s.DefaultHandlerExceptionResolver - Resolved [org.springframework.web.HttpRequestMethodNotSupportedException: Request method 'GET' is not supported]
2026-05-06 10:28:05 [http-nio-5500-exec-2] WARN  o.s.w.s.m.s.DefaultHandlerExceptionResolver - Resolved [org.springframework.web.HttpRequestMethodNotSupportedException: Request method 'GET' is not supported]
2026-05-06 10:28:21 [http-nio-5500-exec-3] WARN  o.s.w.s.m.s.DefaultHandlerExceptionResolver - Resolved [org.springframework.web.HttpRequestMethodNotSupportedException: Request method 'GET' is not supported]
2026-05-06 10:28:36 [http-nio-5500-exec-5] WARN  o.s.w.s.m.s.DefaultHandlerExceptionResolver - Resolved [org.springframework.web.HttpRequestMethodNotSupportedException: Request method 'GET' is not supported]
2026-05-06 10:28:44 [scheduling-1] INFO  c.s.engine.TelemetryEngineService - Initiating fleet-wide telemetry cycle...
2026-05-06 10:28:44 [reactor-http-nio-6] INFO  c.s.engine.TelemetryEngineService - Signal Captured: https://agentrouter.org/v1 | Status: 404 | Latency: 163ms
2026-05-06 10:28:51 [http-nio-5500-exec-9] WARN  o.s.w.s.m.s.DefaultHandlerExceptionResolver - Resolved [org.springframework.web.HttpRequestMethodNotSupportedException: Request method 'GET' is not supported]
2026-05-06 10:29:06 [http-nio-5500-exec-10] WARN  o.s.w.s.m.s.DefaultHandlerExceptionResolver - Resolved [org.springframework.web.HttpRequestMethodNotSupportedException: Request method 'GET' is not supported]
2026-05-06 10:29:22 [http-nio-5500-exec-2] WARN  o.s.w.s.m.s.DefaultHandlerExceptionResolver - Resolved [org.springframework.web.HttpRequestMethodNotSupportedException: Request method 'GET' is not supported]
2026-05-06 10:29:37 [http-nio-5500-exec-3] WARN  o.s.w.s.m.s.DefaultHandlerExceptionResolver - Resolved [org.springframework.web.HttpRequestMethodNotSupportedException: Request method 'GET' is not supported]
2026-05-06 10:29:44 [scheduling-1] INFO  c.s.engine.TelemetryEngineService - Initiating fleet-wide telemetry cycle...
2026-05-06 10:29:44 [reactor-http-nio-7] INFO  c.s.engine.TelemetryEngineService - Signal Captured: https://agentrouter.org/v1 | Status: 404 | Latency: 462ms
2026-05-06 10:29:52 [http-nio-5500-exec-5] WARN  o.s.w.s.m.s.DefaultHandlerExceptionResolver - Resolved [org.springframework.web.HttpRequestMethodNotSupportedException: Request method 'GET' is not supported]
2026-05-06 10:30:07 [http-nio-5500-exec-9] WARN  o.s.w.s.m.s.DefaultHandlerExceptionResolver - Resolved [org.springframework.web.HttpRequestMethodNotSupportedException: Request method 'GET' is not supported]
2026-05-06 10:30:23 [http-nio-5500-exec-10] WARN  o.s.w.s.m.s.DefaultHandlerExceptionResolver - Resolved [org.springframework.web.HttpRequestMethodNotSupportedException: Request method 'GET' is not supported]
2026-05-06 10:30:38 [http-nio-5500-exec-2] WARN  o.s.w.s.m.s.DefaultHandlerExceptionResolver - Resolved [org.springframework.web.HttpRequestMethodNotSupportedException: Request method 'GET' is not supported]
2026-05-06 10:30:44 [scheduling-1] INFO  c.s.engine.TelemetryEngineService - Initiating fleet-wide telemetry cycle...
2026-05-06 10:30:44 [reactor-http-nio-8] INFO  c.s.engine.TelemetryEngineService - Signal Captured: https://agentrouter.org/v1 | Status: 404 | Latency: 177ms
2026-05-06 10:30:54 [http-nio-5500-exec-3] WARN  o.s.w.s.m.s.DefaultHandlerExceptionResolver - Resolved [org.springframework.web.HttpRequestMethodNotSupportedException: Request method 'GET' is not supported]
2026-05-06 10:31:09 [http-nio-5500-exec-5] WARN  o.s.w.s.m.s.DefaultHandlerExceptionResolver - Resolved [org.springframework.web.HttpRequestMethodNotSupportedException: Request method 'GET' is not supported]
2026-05-06 10:31:25 [http-nio-5500-exec-9] WARN  o.s.w.s.m.s.DefaultHandlerExceptionResolver - Resolved [org.springframework.web.HttpRequestMethodNotSupportedException: Request method 'GET' is not supported]
2026-05-06 10:31:40 [http-nio-5500-exec-10] WARN  o.s.w.s.m.s.DefaultHandlerExceptionResolver - Resolved [org.springframework.web.HttpRequestMethodNotSupportedException: Request method 'GET' is not supported]
2026-05-06 10:31:44 [scheduling-1] INFO  c.s.engine.TelemetryEngineService - Initiating fleet-wide telemetry cycle...
2026-05-06 10:31:44 [reactor-http-nio-9] INFO  c.s.engine.TelemetryEngineService - Signal Captured: https://agentrouter.org/v1 | Status: 404 | Latency: 184ms
2026-05-06 10:31:55 [http-nio-5500-exec-2] WARN  o.s.w.s.m.s.DefaultHandlerExceptionResolver - Resolved [org.springframework.web.HttpRequestMethodNotSupportedException: Request method 'GET' is not supported]
2026-05-06 10:32:10 [http-nio-5500-exec-3] WARN  o.s.w.s.m.s.DefaultHandlerExceptionResolver - Resolved [org.springframework.web.HttpRequestMethodNotSupportedException: Request method 'GET' is not supported]
2026-05-06 10:32:26 [http-nio-5500-exec-5] WARN  o.s.w.s.m.s.DefaultHandlerExceptionResolver - Resolved [org.springframework.web.HttpRequestMethodNotSupportedException: Request method 'GET' is not supported]
2026-05-06 10:32:41 [http-nio-5500-exec-9] WARN  o.s.w.s.m.s.DefaultHandlerExceptionResolver - Resolved [org.springframework.web.HttpRequestMethodNotSupportedException: Request method 'GET' is not supported]
2026-05-06 10:32:44 [scheduling-1] INFO  c.s.engine.TelemetryEngineService - Initiating fleet-wide telemetry cycle...
2026-05-06 10:32:44 [reactor-http-nio-10] INFO  c.s.engine.TelemetryEngineService - Signal Captured: https://agentrouter.org/v1 | Status: 404 | Latency: 171ms
2026-05-06 10:32:56 [http-nio-5500-exec-10] WARN  o.s.w.s.m.s.DefaultHandlerExceptionResolver - Resolved [org.springframework.web.HttpRequestMethodNotSupportedException: Request method 'GET' is not supported]
2026-05-06 10:33:12 [http-nio-5500-exec-2] WARN  o.s.w.s.m.s.DefaultHandlerExceptionResolver - Resolved [org.springframework.web.HttpRequestMethodNotSupportedException: Request method 'GET' is not supported]
2026-05-06 10:33:27 [http-nio-5500-exec-3] WARN  o.s.w.s.m.s.DefaultHandlerExceptionResolver - Resolved [org.springframework.web.HttpRequestMethodNotSupportedException: Request method 'GET' is not supported]
2026-05-06 10:33:42 [http-nio-5500-exec-5] WARN  o.s.w.s.m.s.DefaultHandlerExceptionResolver - Resolved [org.springframework.web.HttpRequestMethodNotSupportedException: Request method 'GET' is not supported]
2026-05-06 10:33:44 [scheduling-1] INFO  c.s.engine.TelemetryEngineService - Initiating fleet-wide telemetry cycle...
2026-05-06 10:33:44 [reactor-http-nio-11] INFO  c.s.engine.TelemetryEngineService - Signal Captured: https://agentrouter.org/v1 | Status: 404 | Latency: 304ms
2026-05-06 10:33:58 [http-nio-5500-exec-9] WARN  o.s.w.s.m.s.DefaultHandlerExceptionResolver - Resolved [org.springframework.web.HttpRequestMethodNotSupportedException: Request method 'GET' is not supported]
2026-05-06 10:34:13 [http-nio-5500-exec-10] WARN  o.s.w.s.m.s.DefaultHandlerExceptionResolver - Resolved [org.springframework.web.HttpRequestMethodNotSupportedException: Request method 'GET' is not supported]
2026-05-06 10:34:29 [http-nio-5500-exec-2] WARN  o.s.w.s.m.s.DefaultHandlerExceptionResolver - Resolved [org.springframework.web.HttpRequestMethodNotSupportedException: Request method 'GET' is not supported]
2026-05-06 10:34:44 [scheduling-1] INFO  c.s.engine.TelemetryEngineService - Initiating fleet-wide telemetry cycle...
2026-05-06 10:34:44 [reactor-http-nio-12] INFO  c.s.engine.TelemetryEngineService - Signal Captured: https://agentrouter.org/v1 | Status: 404 | Latency: 177ms
2026-05-06 10:34:44 [http-nio-5500-exec-3] WARN  o.s.w.s.m.s.DefaultHandlerExceptionResolver - Resolved [org.springframework.web.HttpRequestMethodNotSupportedException: Request method 'GET' is not supported]
2026-05-06 10:34:59 [http-nio-5500-exec-5] WARN  o.s.w.s.m.s.DefaultHandlerExceptionResolver - Resolved [org.springframework.web.HttpRequestMethodNotSupportedException: Request method 'GET' is not supported]
2026-05-06 10:35:15 [http-nio-5500-exec-9] WARN  o.s.w.s.m.s.DefaultHandlerExceptionResolver - Resolved [org.springframework.web.HttpRequestMethodNotSupportedException: Request method 'GET' is not supported]
2026-05-06 10:35:30 [http-nio-5500-exec-10] WARN  o.s.w.s.m.s.DefaultHandlerExceptionResolver - Resolved [org.springframework.web.HttpRequestMethodNotSupportedException: Request method 'GET' is not supported]
2026-05-06 10:35:44 [scheduling-1] INFO  c.s.engine.TelemetryEngineService - Initiating fleet-wide telemetry cycle...
2026-05-06 10:35:44 [reactor-http-nio-1] INFO  c.s.engine.TelemetryEngineService - Signal Captured: https://agentrouter.org/v1 | Status: 404 | Latency: 185ms
2026-05-06 10:35:46 [http-nio-5500-exec-2] WARN  o.s.w.s.m.s.DefaultHandlerExceptionResolver - Resolved [org.springframework.web.HttpRequestMethodNotSupportedException: Request method 'GET' is not supported]
2026-05-06 10:36:01 [http-nio-5500-exec-3] WARN  o.s.w.s.m.s.DefaultHandlerExceptionResolver - Resolved [org.springframework.web.HttpRequestMethodNotSupportedException: Request method 'GET' is not supported]
2026-05-06 10:36:17 [http-nio-5500-exec-5] WARN  o.s.w.s.m.s.DefaultHandlerExceptionResolver - Resolved [org.springframework.web.HttpRequestMethodNotSupportedException: Request method 'GET' is not supported]
2026-05-06 10:36:32 [http-nio-5500-exec-9] WARN  o.s.w.s.m.s.DefaultHandlerExceptionResolver - Resolved [org.springframework.web.HttpRequestMethodNotSupportedException: Request method 'GET' is not supported]
2026-05-06 10:36:44 [scheduling-1] INFO  c.s.engine.TelemetryEngineService - Initiating fleet-wide telemetry cycle...
2026-05-06 10:36:44 [reactor-http-nio-2] INFO  c.s.engine.TelemetryEngineService - Signal Captured: https://agentrouter.org/v1 | Status: 404 | Latency: 184ms
2026-05-06 10:36:47 [http-nio-5500-exec-10] WARN  o.s.w.s.m.s.DefaultHandlerExceptionResolver - Resolved [org.springframework.web.HttpRequestMethodNotSupportedException: Request method 'GET' is not supported]
2026-05-06 10:37:03 [http-nio-5500-exec-2] WARN  o.s.w.s.m.s.DefaultHandlerExceptionResolver - Resolved [org.springframework.web.HttpRequestMethodNotSupportedException: Request method 'GET' is not supported]
2026-05-06 10:37:18 [http-nio-5500-exec-3] WARN  o.s.w.s.m.s.DefaultHandlerExceptionResolver - Resolved [org.springframework.web.HttpRequestMethodNotSupportedException: Request method 'GET' is not supported]
2026-05-06 10:37:33 [http-nio-5500-exec-5] WARN  o.s.w.s.m.s.DefaultHandlerExceptionResolver - Resolved [org.springframework.web.HttpRequestMethodNotSupportedException: Request method 'GET' is not supported]
2026-05-06 10:37:44 [scheduling-1] INFO  c.s.engine.TelemetryEngineService - Initiating fleet-wide telemetry cycle...
2026-05-06 10:37:44 [reactor-http-nio-3] INFO  c.s.engine.TelemetryEngineService - Signal Captured: https://agentrouter.org/v1 | Status: 404 | Latency: 186ms
2026-05-06 10:37:48 [http-nio-5500-exec-9] WARN  o.s.w.s.m.s.DefaultHandlerExceptionResolver - Resolved [org.springframework.web.HttpRequestMethodNotSupportedException: Request method 'GET' is not supported]
2026-05-06 10:38:03 [http-nio-5500-exec-10] WARN  o.s.w.s.m.s.DefaultHandlerExceptionResolver - Resolved [org.springframework.web.HttpRequestMethodNotSupportedException: Request method 'GET' is not supported]
2026-05-06 10:38:18 [http-nio-5500-exec-2] WARN  o.s.w.s.m.s.DefaultHandlerExceptionResolver - Resolved [org.springframework.web.HttpRequestMethodNotSupportedException: Request method 'GET' is not supported]
2026-05-06 10:38:34 [http-nio-5500-exec-3] WARN  o.s.w.s.m.s.DefaultHandlerExceptionResolver - Resolved [org.springframework.web.HttpRequestMethodNotSupportedException: Request method 'GET' is not supported]
2026-05-06 10:38:44 [scheduling-1] INFO  c.s.engine.TelemetryEngineService - Initiating fleet-wide telemetry cycle...
2026-05-06 10:38:44 [reactor-http-nio-4] INFO  c.s.engine.TelemetryEngineService - Signal Captured: https://agentrouter.org/v1 | Status: 404 | Latency: 284ms
2026-05-06 10:38:49 [http-nio-5500-exec-5] WARN  o.s.w.s.m.s.DefaultHandlerExceptionResolver - Resolved [org.springframework.web.HttpRequestMethodNotSupportedException: Request method 'GET' is not supported]
2026-05-06 10:38:51 [http-nio-5500-exec-9] WARN  o.s.w.s.m.s.DefaultHandlerExceptionResolver - Resolved [org.springframework.web.bind.MethodArgumentNotValidException: Validation failed for argument [0] in public org.springframework.http.ResponseEntity<?> com.sentinel.controllers.AuthController.signup(com.sentinel.models.User): [Field error in object 'user' on field 'password': rejected value [password]; codes [Pattern.user.password,Pattern.password,Pattern.java.lang.String,Pattern]; arguments [org.springframework.context.support.DefaultMessageSourceResolvable: codes [user.password,password]; arguments []; default message [password],[Ljakarta.validation.constraints.Pattern$Flag;@4b4a0a1f,^(?=.*[0-9])(?=.*[a-zA-Z]).{8,}$]; default message [must match "^(?=.*[0-9])(?=.*[a-zA-Z]).{8,}$"]] ]
2026-05-06 10:39:04 [http-nio-5500-exec-10] WARN  o.s.w.s.m.s.DefaultHandlerExceptionResolver - Resolved [org.springframework.web.HttpRequestMethodNotSupportedException: Request method 'GET' is not supported]
2026-05-06 10:39:19 [http-nio-5500-exec-2] WARN  o.s.w.s.m.s.DefaultHandlerExceptionResolver - Resolved [org.springframework.web.HttpRequestMethodNotSupportedException: Request method 'GET' is not supported]
2026-05-06 10:39:24 [http-nio-5500-exec-6] WARN  o.s.w.s.m.s.DefaultHandlerExceptionResolver - Resolved [org.springframework.web.HttpRequestMethodNotSupportedException: Request method 'GET' is not supported]
2026-05-06 10:39:24 [http-nio-5500-exec-5] WARN  o.s.w.s.m.s.DefaultHandlerExceptionResolver - Resolved [org.springframework.web.HttpRequestMethodNotSupportedException: Request method 'GET' is not supported]
2026-05-06 10:39:39 [http-nio-5500-exec-10] WARN  o.s.w.s.m.s.DefaultHandlerExceptionResolver - Resolved [org.springframework.web.HttpRequestMethodNotSupportedException: Request method 'GET' is not supported]
2026-05-06 10:39:44 [scheduling-1] INFO  c.s.engine.TelemetryEngineService - Initiating fleet-wide telemetry cycle...
2026-05-06 10:39:44 [reactor-http-nio-5] INFO  c.s.engine.TelemetryEngineService - Signal Captured: https://agentrouter.org/v1 | Status: 404 | Latency: 183ms
2026-05-06 10:39:46 [http-nio-5500-exec-3] WARN  o.s.w.s.m.s.DefaultHandlerExceptionResolver - Resolved [org.springframework.web.HttpRequestMethodNotSupportedException: Request method 'GET' is not supported]
2026-05-06 10:39:46 [http-nio-5500-exec-6] WARN  o.s.w.s.m.s.DefaultHandlerExceptionResolver - Resolved [org.springframework.web.HttpRequestMethodNotSupportedException: Request method 'GET' is not supported]
2026-05-06 10:39:55 [http-nio-5500-exec-7] WARN  o.s.w.s.m.s.DefaultHandlerExceptionResolver - Resolved [org.springframework.web.HttpRequestMethodNotSupportedException: Request method 'GET' is not supported]
2026-05-06 10:40:00 [http-nio-5500-exec-8] WARN  o.s.w.s.m.s.DefaultHandlerExceptionResolver - Resolved [org.springframework.web.HttpRequestMethodNotSupportedException: Request method 'GET' is not supported]
2026-05-06 10:40:10 [http-nio-5500-exec-1] WARN  o.s.w.s.m.s.DefaultHandlerExceptionResolver - Resolved [org.springframework.web.HttpRequestMethodNotSupportedException: Request method 'GET' is not supported]
2026-05-06 10:40:13 [reactor-http-nio-6] INFO  c.s.engine.TelemetryEngineService - Signal Captured: http://httpbin.org/status/200 | Status: 200 | Latency: 457ms
2026-05-06 10:40:14 [http-nio-5500-exec-6] WARN  o.s.w.s.m.s.DefaultHandlerExceptionResolver - Resolved [org.springframework.web.HttpRequestMethodNotSupportedException: Request method 'GET' is not supported]
2026-05-06 10:40:15 [http-nio-5500-exec-5] WARN  o.s.w.s.m.s.DefaultHandlerExceptionResolver - Resolved [org.springframework.web.HttpRequestMethodNotSupportedException: Request method 'GET' is not supported]
2026-05-06 10:40:25 [http-nio-5500-exec-9] WARN  o.s.w.s.m.s.DefaultHandlerExceptionResolver - Resolved [org.springframework.web.HttpRequestMethodNotSupportedException: Request method 'GET' is not supported]
2026-05-06 10:40:30 [http-nio-5500-exec-10] WARN  o.s.w.s.m.s.DefaultHandlerExceptionResolver - Resolved [org.springframework.web.HttpRequestMethodNotSupportedException: Request method 'GET' is not supported]
2026-05-06 10:40:41 [http-nio-5500-exec-2] WARN  o.s.w.s.m.s.DefaultHandlerExceptionResolver - Resolved [org.springframework.web.HttpRequestMethodNotSupportedException: Request method 'GET' is not supported]
2026-05-06 10:40:44 [scheduling-1] INFO  c.s.engine.TelemetryEngineService - Initiating fleet-wide telemetry cycle...
2026-05-06 10:40:44 [reactor-http-nio-6] INFO  c.s.engine.TelemetryEngineService - Signal Captured: http://httpbin.org/status/200 | Status: 200 | Latency: 218ms
2026-05-06 10:40:44 [reactor-http-nio-7] INFO  c.s.engine.TelemetryEngineService - Signal Captured: https://agentrouter.org/v1 | Status: 404 | Latency: 421ms
2026-05-06 10:40:45 [http-nio-5500-exec-3] WARN  o.s.w.s.m.s.DefaultHandlerExceptionResolver - Resolved [org.springframework.web.HttpRequestMethodNotSupportedException: Request method 'GET' is not supported]
2026-05-06 10:40:57 [http-nio-5500-exec-5] WARN  o.s.w.s.m.s.DefaultHandlerExceptionResolver - Resolved [org.springframework.web.HttpRequestMethodNotSupportedException: Request method 'GET' is not supported]
2026-05-06 10:41:00 [http-nio-5500-exec-9] WARN  o.s.w.s.m.s.DefaultHandlerExceptionResolver - Resolved [org.springframework.web.HttpRequestMethodNotSupportedException: Request method 'GET' is not supported]
2026-05-06 10:41:12 [http-nio-5500-exec-10] WARN  o.s.w.s.m.s.DefaultHandlerExceptionResolver - Resolved [org.springframework.web.HttpRequestMethodNotSupportedException: Request method 'GET' is not supported]
2026-05-06 10:41:15 [http-nio-5500-exec-2] WARN  o.s.w.s.m.s.DefaultHandlerExceptionResolver - Resolved [org.springframework.web.HttpRequestMethodNotSupportedException: Request method 'GET' is not supported]
2026-05-06 10:41:27 [reactor-http-nio-8] INFO  c.s.engine.TelemetryEngineService - Signal Captured: https://httpbin.org/get | Status: 200 | Latency: 999ms
2026-05-06 10:41:27 [http-nio-5500-exec-5] WARN  o.s.w.s.m.s.DefaultHandlerExceptionResolver - Resolved [org.springframework.web.HttpRequestMethodNotSupportedException: Request method 'GET' is not supported]
2026-05-06 10:41:28 [http-nio-5500-exec-9] WARN  o.s.w.s.m.s.DefaultHandlerExceptionResolver - Resolved [org.springframework.web.HttpRequestMethodNotSupportedException: Request method 'GET' is not supported]
2026-05-06 10:41:30 [http-nio-5500-exec-8] WARN  o.s.w.s.m.s.DefaultHandlerExceptionResolver - Resolved [org.springframework.web.HttpRequestMethodNotSupportedException: Request method 'GET' is not supported]
2026-05-06 10:41:43 [http-nio-5500-exec-1] WARN  o.s.w.s.m.s.DefaultHandlerExceptionResolver - Resolved [org.springframework.web.HttpRequestMethodNotSupportedException: Request method 'GET' is not supported]
2026-05-06 10:41:44 [scheduling-1] INFO  c.s.engine.TelemetryEngineService - Initiating fleet-wide telemetry cycle...
2026-05-06 10:41:44 [reactor-http-nio-9] INFO  c.s.engine.TelemetryEngineService - Signal Captured: https://agentrouter.org/v1 | Status: 404 | Latency: 196ms
2026-05-06 10:41:44 [reactor-http-nio-6] WARN  r.n.http.client.HttpClientConnect - [e9de611c-3, L:/192.168.29.253:61747 ! R:httpbin.org/107.23.218.37:80] The connection observed an error
reactor.netty.http.client.PrematureCloseException: Connection prematurely closed BEFORE response
2026-05-06 10:41:44 [reactor-http-nio-8] INFO  c.s.engine.TelemetryEngineService - Signal Captured: https://httpbin.org/get | Status: 200 | Latency: 225ms
2026-05-06 10:41:44 [reactor-http-nio-6] INFO  c.s.engine.TelemetryEngineService - Signal Captured: http://httpbin.org/status/200 | Status: 500 | Latency: 249ms
2026-05-06 10:41:45 [http-nio-5500-exec-4] WARN  o.s.w.s.m.s.DefaultHandlerExceptionResolver - Resolved [org.springframework.web.HttpRequestMethodNotSupportedException: Request method 'GET' is not supported]
2026-05-06 10:41:58 [http-nio-5500-exec-6] WARN  o.s.w.s.m.s.DefaultHandlerExceptionResolver - Resolved [org.springframework.web.HttpRequestMethodNotSupportedException: Request method 'GET' is not supported]
2026-05-06 10:42:00 [http-nio-5500-exec-7] WARN  o.s.w.s.m.s.DefaultHandlerExceptionResolver - Resolved [org.springframework.web.HttpRequestMethodNotSupportedException: Request method 'GET' is not supported]
2026-05-06 10:42:13 [http-nio-5500-exec-8] WARN  o.s.w.s.m.s.DefaultHandlerExceptionResolver - Resolved [org.springframework.web.HttpRequestMethodNotSupportedException: Request method 'GET' is not supported]
2026-05-06 10:42:15 [http-nio-5500-exec-1] WARN  o.s.w.s.m.s.DefaultHandlerExceptionResolver - Resolved [org.springframework.web.HttpRequestMethodNotSupportedException: Request method 'GET' is not supported]
2026-05-06 10:42:29 [http-nio-5500-exec-4] WARN  o.s.w.s.m.s.DefaultHandlerExceptionResolver - Resolved [org.springframework.web.HttpRequestMethodNotSupportedException: Request method 'GET' is not supported]
2026-05-06 10:42:30 [http-nio-5500-exec-6] WARN  o.s.w.s.m.s.DefaultHandlerExceptionResolver - Resolved [org.springframework.web.HttpRequestMethodNotSupportedException: Request method 'GET' is not supported]
2026-05-06 10:42:44 [scheduling-1] INFO  c.s.engine.TelemetryEngineService - Initiating fleet-wide telemetry cycle...
2026-05-06 10:42:44 [reactor-http-nio-8] WARN  r.n.http.client.HttpClientConnect - [a18c7ceb-3, L:/192.168.29.253:62309 ! R:httpbin.org/52.73.30.72:443] The connection observed an error
reactor.netty.http.client.PrematureCloseException: Connection prematurely closed BEFORE response
2026-05-06 10:42:44 [reactor-http-nio-10] INFO  c.s.engine.TelemetryEngineService - Signal Captured: https://agentrouter.org/v1 | Status: 404 | Latency: 195ms
2026-05-06 10:42:44 [reactor-http-nio-8] INFO  c.s.engine.TelemetryEngineService - Signal Captured: https://httpbin.org/get | Status: 500 | Latency: 223ms
2026-05-06 10:42:44 [http-nio-5500-exec-7] WARN  o.s.w.s.m.s.DefaultHandlerExceptionResolver - Resolved [org.springframework.web.HttpRequestMethodNotSupportedException: Request method 'GET' is not supported]
2026-05-06 10:42:44 [reactor-http-nio-11] INFO  c.s.engine.TelemetryEngineService - Signal Captured: http://httpbin.org/status/200 | Status: 200 | Latency: 435ms
2026-05-06 10:42:45 [http-nio-5500-exec-8] WARN  o.s.w.s.m.s.DefaultHandlerExceptionResolver - Resolved [org.springframework.web.HttpRequestMethodNotSupportedException: Request method 'GET' is not supported]
2026-05-06 10:42:59 [http-nio-5500-exec-1] WARN  o.s.w.s.m.s.DefaultHandlerExceptionResolver - Resolved [org.springframework.web.HttpRequestMethodNotSupportedException: Request method 'GET' is not supported]
2026-05-06 10:43:00 [http-nio-5500-exec-4] WARN  o.s.w.s.m.s.DefaultHandlerExceptionResolver - Resolved [org.springframework.web.HttpRequestMethodNotSupportedException: Request method 'GET' is not supported]
2026-05-06 10:43:15 [http-nio-5500-exec-6] WARN  o.s.w.s.m.s.DefaultHandlerExceptionResolver - Resolved [org.springframework.web.HttpRequestMethodNotSupportedException: Request method 'GET' is not supported]
2026-05-06 10:43:15 [http-nio-5500-exec-7] WARN  o.s.w.s.m.s.DefaultHandlerExceptionResolver - Resolved [org.springframework.web.HttpRequestMethodNotSupportedException: Request method 'GET' is not supported]
2026-05-06 10:43:30 [http-nio-5500-exec-8] WARN  o.s.w.s.m.s.DefaultHandlerExceptionResolver - Resolved [org.springframework.web.HttpRequestMethodNotSupportedException: Request method 'GET' is not supported]
2026-05-06 10:43:30 [http-nio-5500-exec-1] WARN  o.s.w.s.m.s.DefaultHandlerExceptionResolver - Resolved [org.springframework.web.HttpRequestMethodNotSupportedException: Request method 'GET' is not supported]
2026-05-06 10:43:37 [http-nio-5500-exec-3] WARN  o.s.w.s.m.s.DefaultHandlerExceptionResolver - Resolved [org.springframework.web.HttpRequestMethodNotSupportedException: Request method 'GET' is not supported]
2026-05-06 10:43:37 [http-nio-5500-exec-6] WARN  o.s.w.s.m.s.DefaultHandlerExceptionResolver - Resolved [org.springframework.web.HttpRequestMethodNotSupportedException: Request method 'GET' is not supported]
2026-05-06 10:43:44 [scheduling-1] INFO  c.s.engine.TelemetryEngineService - Initiating fleet-wide telemetry cycle...
2026-05-06 10:43:44 [reactor-http-nio-12] INFO  c.s.engine.TelemetryEngineService - Signal Captured: https://agentrouter.org/v1 | Status: 404 | Latency: 178ms
2026-05-06 10:43:44 [reactor-http-nio-11] INFO  c.s.engine.TelemetryEngineService - Signal Captured: http://httpbin.org/status/200 | Status: 200 | Latency: 214ms
2026-05-06 10:43:45 [reactor-http-nio-1] INFO  c.s.engine.TelemetryEngineService - Signal Captured: https://httpbin.org/get | Status: 200 | Latency: 900ms
2026-05-06 10:43:45 [http-nio-5500-exec-7] WARN  o.s.w.s.m.s.DefaultHandlerExceptionResolver - Resolved [org.springframework.web.HttpRequestMethodNotSupportedException: Request method 'GET' is not supported]
2026-05-06 10:43:52 [http-nio-5500-exec-8] WARN  o.s.w.s.m.s.DefaultHandlerExceptionResolver - Resolved [org.springframework.web.HttpRequestMethodNotSupportedException: Request method 'GET' is not supported]
2026-05-06 10:44:00 [http-nio-5500-exec-1] WARN  o.s.w.s.m.s.DefaultHandlerExceptionResolver - Resolved [org.springframework.web.HttpRequestMethodNotSupportedException: Request method 'GET' is not supported]
2026-05-06 10:44:07 [http-nio-5500-exec-2] WARN  o.s.w.s.m.s.DefaultHandlerExceptionResolver - Resolved [org.springframework.web.HttpRequestMethodNotSupportedException: Request method 'GET' is not supported]
2026-05-06 10:44:15 [http-nio-5500-exec-3] WARN  o.s.w.s.m.s.DefaultHandlerExceptionResolver - Resolved [org.springframework.web.HttpRequestMethodNotSupportedException: Request method 'GET' is not supported]
2026-05-06 10:44:22 [http-nio-5500-exec-7] WARN  o.s.w.s.m.s.DefaultHandlerExceptionResolver - Resolved [org.springframework.web.HttpRequestMethodNotSupportedException: Request method 'GET' is not supported]
2026-05-06 10:44:30 [http-nio-5500-exec-8] WARN  o.s.w.s.m.s.DefaultHandlerExceptionResolver - Resolved [org.springframework.web.HttpRequestMethodNotSupportedException: Request method 'GET' is not supported]
2026-05-06 10:44:37 [http-nio-5500-exec-1] WARN  o.s.w.s.m.s.DefaultHandlerExceptionResolver - Resolved [org.springframework.web.HttpRequestMethodNotSupportedException: Request method 'GET' is not supported]
2026-05-06 10:44:44 [scheduling-1] INFO  c.s.engine.TelemetryEngineService - Initiating fleet-wide telemetry cycle...
2026-05-06 10:44:44 [reactor-http-nio-2] INFO  c.s.engine.TelemetryEngineService - Signal Captured: https://agentrouter.org/v1 | Status: 404 | Latency: 184ms
2026-05-06 10:44:44 [reactor-http-nio-11] INFO  c.s.engine.TelemetryEngineService - Signal Captured: http://httpbin.org/status/200 | Status: 200 | Latency: 215ms
2026-05-06 10:44:44 [reactor-http-nio-1] INFO  c.s.engine.TelemetryEngineService - Signal Captured: https://httpbin.org/get | Status: 200 | Latency: 285ms
2026-05-06 10:44:45 [http-nio-5500-exec-2] WARN  o.s.w.s.m.s.DefaultHandlerExceptionResolver - Resolved [org.springframework.web.HttpRequestMethodNotSupportedException: Request method 'GET' is not supported]
2026-05-06 10:44:52 [http-nio-5500-exec-3] WARN  o.s.w.s.m.s.DefaultHandlerExceptionResolver - Resolved [org.springframework.web.HttpRequestMethodNotSupportedException: Request method 'GET' is not supported]
2026-05-06 10:45:00 [http-nio-5500-exec-7] WARN  o.s.w.s.m.s.DefaultHandlerExceptionResolver - Resolved [org.springframework.web.HttpRequestMethodNotSupportedException: Request method 'GET' is not supported]
2026-05-06 10:45:07 [http-nio-5500-exec-8] WARN  o.s.w.s.m.s.DefaultHandlerExceptionResolver - Resolved [org.springframework.web.HttpRequestMethodNotSupportedException: Request method 'GET' is not supported]
2026-05-06 10:45:15 [http-nio-5500-exec-1] WARN  o.s.w.s.m.s.DefaultHandlerExceptionResolver - Resolved [org.springframework.web.HttpRequestMethodNotSupportedException: Request method 'GET' is not supported]
2026-05-06 10:45:22 [http-nio-5500-exec-2] WARN  o.s.w.s.m.s.DefaultHandlerExceptionResolver - Resolved [org.springframework.web.HttpRequestMethodNotSupportedException: Request method 'GET' is not supported]
2026-05-06 10:45:30 [http-nio-5500-exec-3] WARN  o.s.w.s.m.s.DefaultHandlerExceptionResolver - Resolved [org.springframework.web.HttpRequestMethodNotSupportedException: Request method 'GET' is not supported]
2026-05-06 10:45:37 [http-nio-5500-exec-7] WARN  o.s.w.s.m.s.DefaultHandlerExceptionResolver - Resolved [org.springframework.web.HttpRequestMethodNotSupportedException: Request method 'GET' is not supported]
2026-05-06 10:45:44 [scheduling-1] INFO  c.s.engine.TelemetryEngineService - Initiating fleet-wide telemetry cycle...
2026-05-06 10:45:44 [reactor-http-nio-3] INFO  c.s.engine.TelemetryEngineService - Signal Captured: https://agentrouter.org/v1 | Status: 404 | Latency: 168ms
2026-05-06 10:45:44 [reactor-http-nio-11] WARN  r.n.http.client.HttpClientConnect - [bb8a44dc-4, L:/192.168.29.253:62331 ! R:httpbin.org/54.225.113.51:80] The connection observed an error
reactor.netty.http.client.PrematureCloseException: Connection prematurely closed BEFORE response
2026-05-06 10:45:44 [reactor-http-nio-1] INFO  c.s.engine.TelemetryEngineService - Signal Captured: https://httpbin.org/get | Status: 200 | Latency: 217ms
2026-05-06 10:45:44 [reactor-http-nio-11] INFO  c.s.engine.TelemetryEngineService - Signal Captured: http://httpbin.org/status/200 | Status: 500 | Latency: 205ms
2026-05-06 10:45:45 [http-nio-5500-exec-8] WARN  o.s.w.s.m.s.DefaultHandlerExceptionResolver - Resolved [org.springframework.web.HttpRequestMethodNotSupportedException: Request method 'GET' is not supported]
2026-05-06 10:45:52 [http-nio-5500-exec-1] WARN  o.s.w.s.m.s.DefaultHandlerExceptionResolver - Resolved [org.springframework.web.HttpRequestMethodNotSupportedException: Request method 'GET' is not supported]
2026-05-06 10:46:00 [http-nio-5500-exec-2] WARN  o.s.w.s.m.s.DefaultHandlerExceptionResolver - Resolved [org.springframework.web.HttpRequestMethodNotSupportedException: Request method 'GET' is not supported]
2026-05-06 10:46:07 [http-nio-5500-exec-3] WARN  o.s.w.s.m.s.DefaultHandlerExceptionResolver - Resolved [org.springframework.web.HttpRequestMethodNotSupportedException: Request method 'GET' is not supported]
2026-05-06 10:46:15 [http-nio-5500-exec-7] WARN  o.s.w.s.m.s.DefaultHandlerExceptionResolver - Resolved [org.springframework.web.HttpRequestMethodNotSupportedException: Request method 'GET' is not supported]
2026-05-06 10:46:22 [http-nio-5500-exec-8] WARN  o.s.w.s.m.s.DefaultHandlerExceptionResolver - Resolved [org.springframework.web.HttpRequestMethodNotSupportedException: Request method 'GET' is not supported]
2026-05-06 10:46:30 [http-nio-5500-exec-1] WARN  o.s.w.s.m.s.DefaultHandlerExceptionResolver - Resolved [org.springframework.web.HttpRequestMethodNotSupportedException: Request method 'GET' is not supported]
2026-05-06 10:46:37 [http-nio-5500-exec-2] WARN  o.s.w.s.m.s.DefaultHandlerExceptionResolver - Resolved [org.springframework.web.HttpRequestMethodNotSupportedException: Request method 'GET' is not supported]
2026-05-06 10:46:44 [scheduling-1] INFO  c.s.engine.TelemetryEngineService - Initiating fleet-wide telemetry cycle...
2026-05-06 10:46:44 [reactor-http-nio-4] INFO  c.s.engine.TelemetryEngineService - Signal Captured: https://agentrouter.org/v1 | Status: 404 | Latency: 197ms
2026-05-06 10:46:44 [reactor-http-nio-1] INFO  c.s.engine.TelemetryEngineService - Signal Captured: https://httpbin.org/get | Status: 200 | Latency: 219ms
2026-05-06 10:46:44 [reactor-http-nio-5] INFO  c.s.engine.TelemetryEngineService - Signal Captured: http://httpbin.org/status/200 | Status: 200 | Latency: 443ms
2026-05-06 10:46:45 [http-nio-5500-exec-3] WARN  o.s.w.s.m.s.DefaultHandlerExceptionResolver - Resolved [org.springframework.web.HttpRequestMethodNotSupportedException: Request method 'GET' is not supported]
2026-05-06 10:46:52 [http-nio-5500-exec-7] WARN  o.s.w.s.m.s.DefaultHandlerExceptionResolver - Resolved [org.springframework.web.HttpRequestMethodNotSupportedException: Request method 'GET' is not supported]
2026-05-06 10:47:00 [http-nio-5500-exec-8] WARN  o.s.w.s.m.s.DefaultHandlerExceptionResolver - Resolved [org.springframework.web.HttpRequestMethodNotSupportedException: Request method 'GET' is not supported]
2026-05-06 10:47:07 [http-nio-5500-exec-1] WARN  o.s.w.s.m.s.DefaultHandlerExceptionResolver - Resolved [org.springframework.web.HttpRequestMethodNotSupportedException: Request method 'GET' is not supported]
2026-05-06 10:47:15 [http-nio-5500-exec-2] WARN  o.s.w.s.m.s.DefaultHandlerExceptionResolver - Resolved [org.springframework.web.HttpRequestMethodNotSupportedException: Request method 'GET' is not supported]
2026-05-06 10:47:22 [http-nio-5500-exec-3] WARN  o.s.w.s.m.s.DefaultHandlerExceptionResolver - Resolved [org.springframework.web.HttpRequestMethodNotSupportedException: Request method 'GET' is not supported]
2026-05-06 10:47:30 [http-nio-5500-exec-7] WARN  o.s.w.s.m.s.DefaultHandlerExceptionResolver - Resolved [org.springframework.web.HttpRequestMethodNotSupportedException: Request method 'GET' is not supported]
2026-05-06 10:47:39 [http-nio-5500-exec-8] WARN  o.s.w.s.m.s.DefaultHandlerExceptionResolver - Resolved [org.springframework.web.HttpRequestMethodNotSupportedException: Request method 'GET' is not supported]
2026-05-06 10:47:44 [scheduling-1] INFO  c.s.engine.TelemetryEngineService - Initiating fleet-wide telemetry cycle...
2026-05-06 10:47:44 [reactor-http-nio-6] INFO  c.s.engine.TelemetryEngineService - Signal Captured: https://agentrouter.org/v1 | Status: 404 | Latency: 178ms
2026-05-06 10:47:44 [reactor-http-nio-1] INFO  c.s.engine.TelemetryEngineService - Signal Captured: https://httpbin.org/get | Status: 200 | Latency: 218ms
2026-05-06 10:47:44 [reactor-http-nio-5] INFO  c.s.engine.TelemetryEngineService - Signal Captured: http://httpbin.org/status/200 | Status: 200 | Latency: 218ms
2026-05-06 10:47:45 [http-nio-5500-exec-1] WARN  o.s.w.s.m.s.DefaultHandlerExceptionResolver - Resolved [org.springframework.web.HttpRequestMethodNotSupportedException: Request method 'GET' is not supported]
2026-05-06 10:47:52 [http-nio-5500-exec-2] WARN  o.s.w.s.m.s.DefaultHandlerExceptionResolver - Resolved [org.springframework.web.HttpRequestMethodNotSupportedException: Request method 'GET' is not supported]
2026-05-06 10:48:00 [http-nio-5500-exec-3] WARN  o.s.w.s.m.s.DefaultHandlerExceptionResolver - Resolved [org.springframework.web.HttpRequestMethodNotSupportedException: Request method 'GET' is not supported]
2026-05-06 10:48:07 [http-nio-5500-exec-7] WARN  o.s.w.s.m.s.DefaultHandlerExceptionResolver - Resolved [org.springframework.web.HttpRequestMethodNotSupportedException: Request method 'GET' is not supported]
2026-05-06 10:48:15 [http-nio-5500-exec-8] WARN  o.s.w.s.m.s.DefaultHandlerExceptionResolver - Resolved [org.springframework.web.HttpRequestMethodNotSupportedException: Request method 'GET' is not supported]
2026-05-06 10:48:22 [http-nio-5500-exec-1] WARN  o.s.w.s.m.s.DefaultHandlerExceptionResolver - Resolved [org.springframework.web.HttpRequestMethodNotSupportedException: Request method 'GET' is not supported]
2026-05-06 10:48:30 [http-nio-5500-exec-2] WARN  o.s.w.s.m.s.DefaultHandlerExceptionResolver - Resolved [org.springframework.web.HttpRequestMethodNotSupportedException: Request method 'GET' is not supported]
2026-05-06 10:48:37 [http-nio-5500-exec-3] WARN  o.s.w.s.m.s.DefaultHandlerExceptionResolver - Resolved [org.springframework.web.HttpRequestMethodNotSupportedException: Request method 'GET' is not supported]
2026-05-06 10:48:44 [scheduling-1] INFO  c.s.engine.TelemetryEngineService - Initiating fleet-wide telemetry cycle...
2026-05-06 10:48:44 [reactor-http-nio-5] INFO  c.s.engine.TelemetryEngineService - Signal Captured: http://httpbin.org/status/200 | Status: 200 | Latency: 218ms
2026-05-06 10:48:44 [reactor-http-nio-1] INFO  c.s.engine.TelemetryEngineService - Signal Captured: https://httpbin.org/get | Status: 200 | Latency: 218ms
2026-05-06 10:48:44 [reactor-http-nio-7] INFO  c.s.engine.TelemetryEngineService - Signal Captured: https://agentrouter.org/v1 | Status: 404 | Latency: 560ms
2026-05-06 10:48:45 [http-nio-5500-exec-7] WARN  o.s.w.s.m.s.DefaultHandlerExceptionResolver - Resolved [org.springframework.web.HttpRequestMethodNotSupportedException: Request method 'GET' is not supported]
2026-05-06 10:48:52 [http-nio-5500-exec-8] WARN  o.s.w.s.m.s.DefaultHandlerExceptionResolver - Resolved [org.springframework.web.HttpRequestMethodNotSupportedException: Request method 'GET' is not supported]
2026-05-06 10:49:00 [http-nio-5500-exec-1] WARN  o.s.w.s.m.s.DefaultHandlerExceptionResolver - Resolved [org.springframework.web.HttpRequestMethodNotSupportedException: Request method 'GET' is not supported]
2026-05-06 10:49:07 [http-nio-5500-exec-2] WARN  o.s.w.s.m.s.DefaultHandlerExceptionResolver - Resolved [org.springframework.web.HttpRequestMethodNotSupportedException: Request method 'GET' is not supported]
2026-05-06 10:49:15 [http-nio-5500-exec-3] WARN  o.s.w.s.m.s.DefaultHandlerExceptionResolver - Resolved [org.springframework.web.HttpRequestMethodNotSupportedException: Request method 'GET' is not supported]
2026-05-06 10:49:22 [http-nio-5500-exec-7] WARN  o.s.w.s.m.s.DefaultHandlerExceptionResolver - Resolved [org.springframework.web.HttpRequestMethodNotSupportedException: Request method 'GET' is not supported]
2026-05-06 10:49:30 [http-nio-5500-exec-8] WARN  o.s.w.s.m.s.DefaultHandlerExceptionResolver - Resolved [org.springframework.web.HttpRequestMethodNotSupportedException: Request method 'GET' is not supported]
2026-05-06 10:49:37 [http-nio-5500-exec-1] WARN  o.s.w.s.m.s.DefaultHandlerExceptionResolver - Resolved [org.springframework.web.HttpRequestMethodNotSupportedException: Request method 'GET' is not supported]
2026-05-06 10:49:44 [scheduling-1] INFO  c.s.engine.TelemetryEngineService - Initiating fleet-wide telemetry cycle...
2026-05-06 10:49:44 [reactor-http-nio-5] WARN  r.n.http.client.HttpClientConnect - [62d79c0d-4, L:/192.168.29.253:58930 ! R:httpbin.org/44.199.179.5:80] The connection observed an error
reactor.netty.http.client.PrematureCloseException: Connection prematurely closed BEFORE response
2026-05-06 10:49:44 [reactor-http-nio-1] WARN  r.n.http.client.HttpClientConnect - [e4c6882b-7, L:/192.168.29.253:62352 ! R:httpbin.org/107.23.218.37:443] The connection observed an error
reactor.netty.http.client.PrematureCloseException: Connection prematurely closed BEFORE response
2026-05-06 10:49:44 [reactor-http-nio-8] INFO  c.s.engine.TelemetryEngineService - Signal Captured: https://agentrouter.org/v1 | Status: 404 | Latency: 200ms
2026-05-06 10:49:44 [reactor-http-nio-5] INFO  c.s.engine.TelemetryEngineService - Signal Captured: http://httpbin.org/status/200 | Status: 500 | Latency: 216ms
2026-05-06 10:49:44 [reactor-http-nio-1] INFO  c.s.engine.TelemetryEngineService - Signal Captured: https://httpbin.org/get | Status: 500 | Latency: 220ms
2026-05-06 10:49:45 [http-nio-5500-exec-2] WARN  o.s.w.s.m.s.DefaultHandlerExceptionResolver - Resolved [org.springframework.web.HttpRequestMethodNotSupportedException: Request method 'GET' is not supported]
2026-05-06 10:49:52 [http-nio-5500-exec-3] WARN  o.s.w.s.m.s.DefaultHandlerExceptionResolver - Resolved [org.springframework.web.HttpRequestMethodNotSupportedException: Request method 'GET' is not supported]
2026-05-06 10:50:00 [http-nio-5500-exec-7] WARN  o.s.w.s.m.s.DefaultHandlerExceptionResolver - Resolved [org.springframework.web.HttpRequestMethodNotSupportedException: Request method 'GET' is not supported]
2026-05-06 10:50:07 [http-nio-5500-exec-8] WARN  o.s.w.s.m.s.DefaultHandlerExceptionResolver - Resolved [org.springframework.web.HttpRequestMethodNotSupportedException: Request method 'GET' is not supported]
2026-05-06 10:50:15 [http-nio-5500-exec-1] WARN  o.s.w.s.m.s.DefaultHandlerExceptionResolver - Resolved [org.springframework.web.HttpRequestMethodNotSupportedException: Request method 'GET' is not supported]
2026-05-06 10:50:22 [http-nio-5500-exec-2] WARN  o.s.w.s.m.s.DefaultHandlerExceptionResolver - Resolved [org.springframework.web.HttpRequestMethodNotSupportedException: Request method 'GET' is not supported]
2026-05-06 10:50:30 [http-nio-5500-exec-3] WARN  o.s.w.s.m.s.DefaultHandlerExceptionResolver - Resolved [org.springframework.web.HttpRequestMethodNotSupportedException: Request method 'GET' is not supported]
2026-05-06 10:50:37 [http-nio-5500-exec-7] WARN  o.s.w.s.m.s.DefaultHandlerExceptionResolver - Resolved [org.springframework.web.HttpRequestMethodNotSupportedException: Request method 'GET' is not supported]
2026-05-06 10:50:44 [scheduling-1] INFO  c.s.engine.TelemetryEngineService - Initiating fleet-wide telemetry cycle...
2026-05-06 10:50:44 [reactor-http-nio-9] INFO  c.s.engine.TelemetryEngineService - Signal Captured: https://agentrouter.org/v1 | Status: 404 | Latency: 167ms
2026-05-06 10:50:44 [reactor-http-nio-10] INFO  c.s.engine.TelemetryEngineService - Signal Captured: http://httpbin.org/status/200 | Status: 200 | Latency: 449ms
2026-05-06 10:50:45 [reactor-http-nio-11] INFO  c.s.engine.TelemetryEngineService - Signal Captured: https://httpbin.org/get | Status: 200 | Latency: 917ms
2026-05-06 10:50:45 [http-nio-5500-exec-8] WARN  o.s.w.s.m.s.DefaultHandlerExceptionResolver - Resolved [org.springframework.web.HttpRequestMethodNotSupportedException: Request method 'GET' is not supported]
2026-05-06 10:50:52 [http-nio-5500-exec-1] WARN  o.s.w.s.m.s.DefaultHandlerExceptionResolver - Resolved [org.springframework.web.HttpRequestMethodNotSupportedException: Request method 'GET' is not supported]
2026-05-06 10:51:00 [http-nio-5500-exec-2] WARN  o.s.w.s.m.s.DefaultHandlerExceptionResolver - Resolved [org.springframework.web.HttpRequestMethodNotSupportedException: Request method 'GET' is not supported]
2026-05-06 10:51:07 [http-nio-5500-exec-3] WARN  o.s.w.s.m.s.DefaultHandlerExceptionResolver - Resolved [org.springframework.web.HttpRequestMethodNotSupportedException: Request method 'GET' is not supported]
2026-05-06 10:51:15 [http-nio-5500-exec-7] WARN  o.s.w.s.m.s.DefaultHandlerExceptionResolver - Resolved [org.springframework.web.HttpRequestMethodNotSupportedException: Request method 'GET' is not supported]
2026-05-06 10:51:22 [http-nio-5500-exec-8] WARN  o.s.w.s.m.s.DefaultHandlerExceptionResolver - Resolved [org.springframework.web.HttpRequestMethodNotSupportedException: Request method 'GET' is not supported]
2026-05-06 10:51:30 [http-nio-5500-exec-1] WARN  o.s.w.s.m.s.DefaultHandlerExceptionResolver - Resolved [org.springframework.web.HttpRequestMethodNotSupportedException: Request method 'GET' is not supported]
2026-05-06 10:51:37 [http-nio-5500-exec-2] WARN  o.s.w.s.m.s.DefaultHandlerExceptionResolver - Resolved [org.springframework.web.HttpRequestMethodNotSupportedException: Request method 'GET' is not supported]
2026-05-06 10:51:44 [scheduling-1] INFO  c.s.engine.TelemetryEngineService - Initiating fleet-wide telemetry cycle...
2026-05-06 10:51:44 [reactor-http-nio-12] INFO  c.s.engine.TelemetryEngineService - Signal Captured: https://agentrouter.org/v1 | Status: 404 | Latency: 195ms
2026-05-06 10:51:44 [reactor-http-nio-10] INFO  c.s.engine.TelemetryEngineService - Signal Captured: http://httpbin.org/status/200 | Status: 200 | Latency: 229ms
2026-05-06 10:51:44 [reactor-http-nio-11] INFO  c.s.engine.TelemetryEngineService - Signal Captured: https://httpbin.org/get | Status: 200 | Latency: 233ms
2026-05-06 10:51:45 [http-nio-5500-exec-3] WARN  o.s.w.s.m.s.DefaultHandlerExceptionResolver - Resolved [org.springframework.web.HttpRequestMethodNotSupportedException: Request method 'GET' is not supported]
2026-05-06 10:51:52 [http-nio-5500-exec-7] WARN  o.s.w.s.m.s.DefaultHandlerExceptionResolver - Resolved [org.springframework.web.HttpRequestMethodNotSupportedException: Request method 'GET' is not supported]
2026-05-06 10:52:00 [http-nio-5500-exec-8] WARN  o.s.w.s.m.s.DefaultHandlerExceptionResolver - Resolved [org.springframework.web.HttpRequestMethodNotSupportedException: Request method 'GET' is not supported]
2026-05-06 10:52:07 [http-nio-5500-exec-1] WARN  o.s.w.s.m.s.DefaultHandlerExceptionResolver - Resolved [org.springframework.web.HttpRequestMethodNotSupportedException: Request method 'GET' is not supported]
2026-05-06 10:52:15 [http-nio-5500-exec-2] WARN  o.s.w.s.m.s.DefaultHandlerExceptionResolver - Resolved [org.springframework.web.HttpRequestMethodNotSupportedException: Request method 'GET' is not supported]
2026-05-06 10:52:22 [http-nio-5500-exec-3] WARN  o.s.w.s.m.s.DefaultHandlerExceptionResolver - Resolved [org.springframework.web.HttpRequestMethodNotSupportedException: Request method 'GET' is not supported]
2026-05-06 10:52:30 [http-nio-5500-exec-7] WARN  o.s.w.s.m.s.DefaultHandlerExceptionResolver - Resolved [org.springframework.web.HttpRequestMethodNotSupportedException: Request method 'GET' is not supported]
2026-05-06 10:52:37 [http-nio-5500-exec-8] WARN  o.s.w.s.m.s.DefaultHandlerExceptionResolver - Resolved [org.springframework.web.HttpRequestMethodNotSupportedException: Request method 'GET' is not supported]
2026-05-06 10:52:44 [scheduling-1] INFO  c.s.engine.TelemetryEngineService - Initiating fleet-wide telemetry cycle...
2026-05-06 10:52:44 [reactor-http-nio-1] INFO  c.s.engine.TelemetryEngineService - Signal Captured: https://agentrouter.org/v1 | Status: 404 | Latency: 173ms
2026-05-06 10:52:44 [reactor-http-nio-10] INFO  c.s.engine.TelemetryEngineService - Signal Captured: http://httpbin.org/status/200 | Status: 200 | Latency: 220ms
2026-05-06 10:52:44 [reactor-http-nio-11] INFO  c.s.engine.TelemetryEngineService - Signal Captured: https://httpbin.org/get | Status: 200 | Latency: 224ms
2026-05-06 10:52:45 [http-nio-5500-exec-1] WARN  o.s.w.s.m.s.DefaultHandlerExceptionResolver - Resolved [org.springframework.web.HttpRequestMethodNotSupportedException: Request method 'GET' is not supported]
2026-05-06 10:52:52 [http-nio-5500-exec-2] WARN  o.s.w.s.m.s.DefaultHandlerExceptionResolver - Resolved [org.springframework.web.HttpRequestMethodNotSupportedException: Request method 'GET' is not supported]
2026-05-06 10:53:00 [http-nio-5500-exec-3] WARN  o.s.w.s.m.s.DefaultHandlerExceptionResolver - Resolved [org.springframework.web.HttpRequestMethodNotSupportedException: Request method 'GET' is not supported]
2026-05-06 10:53:07 [http-nio-5500-exec-7] WARN  o.s.w.s.m.s.DefaultHandlerExceptionResolver - Resolved [org.springframework.web.HttpRequestMethodNotSupportedException: Request method 'GET' is not supported]
2026-05-06 10:53:15 [http-nio-5500-exec-8] WARN  o.s.w.s.m.s.DefaultHandlerExceptionResolver - Resolved [org.springframework.web.HttpRequestMethodNotSupportedException: Request method 'GET' is not supported]
2026-05-06 10:53:22 [http-nio-5500-exec-1] WARN  o.s.w.s.m.s.DefaultHandlerExceptionResolver - Resolved [org.springframework.web.HttpRequestMethodNotSupportedException: Request method 'GET' is not supported]
2026-05-06 10:53:30 [http-nio-5500-exec-2] WARN  o.s.w.s.m.s.DefaultHandlerExceptionResolver - Resolved [org.springframework.web.HttpRequestMethodNotSupportedException: Request method 'GET' is not supported]
2026-05-06 10:53:37 [http-nio-5500-exec-3] WARN  o.s.w.s.m.s.DefaultHandlerExceptionResolver - Resolved [org.springframework.web.HttpRequestMethodNotSupportedException: Request method 'GET' is not supported]
2026-05-06 10:53:44 [scheduling-1] INFO  c.s.engine.TelemetryEngineService - Initiating fleet-wide telemetry cycle...
2026-05-06 10:53:44 [reactor-http-nio-2] INFO  c.s.engine.TelemetryEngineService - Signal Captured: https://agentrouter.org/v1 | Status: 404 | Latency: 170ms
2026-05-06 10:53:44 [reactor-http-nio-10] WARN  r.n.http.client.HttpClientConnect - [78cfe1a6-4, L:/192.168.29.253:50299 ! R:httpbin.org/98.83.84.78:80] The connection observed an error
reactor.netty.http.client.PrematureCloseException: Connection prematurely closed BEFORE response
2026-05-06 10:53:44 [reactor-http-nio-10] INFO  c.s.engine.TelemetryEngineService - Signal Captured: http://httpbin.org/status/200 | Status: 500 | Latency: 218ms
2026-05-06 10:53:44 [reactor-http-nio-11] INFO  c.s.engine.TelemetryEngineService - Signal Captured: https://httpbin.org/get | Status: 200 | Latency: 226ms
2026-05-06 10:53:45 [http-nio-5500-exec-7] WARN  o.s.w.s.m.s.DefaultHandlerExceptionResolver - Resolved [org.springframework.web.HttpRequestMethodNotSupportedException: Request method 'GET' is not supported]
2026-05-06 10:53:47 [http-nio-5500-exec-9] WARN  o.s.w.s.m.s.DefaultHandlerExceptionResolver - Resolved [org.springframework.web.HttpRequestMethodNotSupportedException: Request method 'GET' is not supported]
2026-05-06 10:53:47 [http-nio-5500-exec-8] WARN  o.s.w.s.m.s.DefaultHandlerExceptionResolver - Resolved [org.springframework.web.HttpRequestMethodNotSupportedException: Request method 'GET' is not supported]
2026-05-06 10:53:52 [http-nio-5500-exec-1] WARN  o.s.w.s.m.s.DefaultHandlerExceptionResolver - Resolved [org.springframework.web.HttpRequestMethodNotSupportedException: Request method 'GET' is not supported]
2026-05-06 10:54:02 [http-nio-5500-exec-2] WARN  o.s.w.s.m.s.DefaultHandlerExceptionResolver - Resolved [org.springframework.web.HttpRequestMethodNotSupportedException: Request method 'GET' is not supported]
2026-05-06 10:54:07 [http-nio-5500-exec-3] WARN  o.s.w.s.m.s.DefaultHandlerExceptionResolver - Resolved [org.springframework.web.HttpRequestMethodNotSupportedException: Request method 'GET' is not supported]
2026-05-06 10:54:17 [http-nio-5500-exec-7] WARN  o.s.w.s.m.s.DefaultHandlerExceptionResolver - Resolved [org.springframework.web.HttpRequestMethodNotSupportedException: Request method 'GET' is not supported]
2026-05-06 10:54:22 [http-nio-5500-exec-8] WARN  o.s.w.s.m.s.DefaultHandlerExceptionResolver - Resolved [org.springframework.web.HttpRequestMethodNotSupportedException: Request method 'GET' is not supported]
2026-05-06 10:54:32 [http-nio-5500-exec-1] WARN  o.s.w.s.m.s.DefaultHandlerExceptionResolver - Resolved [org.springframework.web.HttpRequestMethodNotSupportedException: Request method 'GET' is not supported]
2026-05-06 10:54:37 [http-nio-5500-exec-2] WARN  o.s.w.s.m.s.DefaultHandlerExceptionResolver - Resolved [org.springframework.web.HttpRequestMethodNotSupportedException: Request method 'GET' is not supported]
2026-05-06 10:54:44 [scheduling-1] INFO  c.s.engine.TelemetryEngineService - Initiating fleet-wide telemetry cycle...
2026-05-06 10:54:44 [reactor-http-nio-3] INFO  c.s.engine.TelemetryEngineService - Signal Captured: https://agentrouter.org/v1 | Status: 404 | Latency: 186ms
2026-05-06 10:54:44 [reactor-http-nio-11] WARN  r.n.http.client.HttpClientConnect - [83e5b195-5, L:/192.168.29.253:50300 ! R:httpbin.org/98.83.84.78:443] The connection observed an error
reactor.netty.http.client.PrematureCloseException: Connection prematurely closed BEFORE response
2026-05-06 10:54:44 [reactor-http-nio-11] INFO  c.s.engine.TelemetryEngineService - Signal Captured: https://httpbin.org/get | Status: 500 | Latency: 217ms
2026-05-06 10:54:44 [reactor-http-nio-4] INFO  c.s.engine.TelemetryEngineService - Signal Captured: http://httpbin.org/status/200 | Status: 200 | Latency: 437ms
2026-05-06 10:54:47 [http-nio-5500-exec-3] WARN  o.s.w.s.m.s.DefaultHandlerExceptionResolver - Resolved [org.springframework.web.HttpRequestMethodNotSupportedException: Request method 'GET' is not supported]
2026-05-06 10:54:52 [http-nio-5500-exec-7] WARN  o.s.w.s.m.s.DefaultHandlerExceptionResolver - Resolved [org.springframework.web.HttpRequestMethodNotSupportedException: Request method 'GET' is not supported]
2026-05-06 10:55:02 [http-nio-5500-exec-8] WARN  o.s.w.s.m.s.DefaultHandlerExceptionResolver - Resolved [org.springframework.web.HttpRequestMethodNotSupportedException: Request method 'GET' is not supported]
2026-05-06 10:55:07 [http-nio-5500-exec-1] WARN  o.s.w.s.m.s.DefaultHandlerExceptionResolver - Resolved [org.springframework.web.HttpRequestMethodNotSupportedException: Request method 'GET' is not supported]
2026-05-06 10:55:17 [http-nio-5500-exec-2] WARN  o.s.w.s.m.s.DefaultHandlerExceptionResolver - Resolved [org.springframework.web.HttpRequestMethodNotSupportedException: Request method 'GET' is not supported]
2026-05-06 10:55:22 [http-nio-5500-exec-3] WARN  o.s.w.s.m.s.DefaultHandlerExceptionResolver - Resolved [org.springframework.web.HttpRequestMethodNotSupportedException: Request method 'GET' is not supported]
2026-05-06 10:55:32 [http-nio-5500-exec-7] WARN  o.s.w.s.m.s.DefaultHandlerExceptionResolver - Resolved [org.springframework.web.HttpRequestMethodNotSupportedException: Request method 'GET' is not supported]
2026-05-06 10:55:37 [http-nio-5500-exec-8] WARN  o.s.w.s.m.s.DefaultHandlerExceptionResolver - Resolved [org.springframework.web.HttpRequestMethodNotSupportedException: Request method 'GET' is not supported]
2026-05-06 10:55:44 [scheduling-1] INFO  c.s.engine.TelemetryEngineService - Initiating fleet-wide telemetry cycle...
2026-05-06 10:55:44 [reactor-http-nio-5] INFO  c.s.engine.TelemetryEngineService - Signal Captured: https://agentrouter.org/v1 | Status: 404 | Latency: 185ms
2026-05-06 10:55:44 [reactor-http-nio-4] INFO  c.s.engine.TelemetryEngineService - Signal Captured: http://httpbin.org/status/200 | Status: 200 | Latency: 213ms
2026-05-06 10:55:45 [reactor-http-nio-6] INFO  c.s.engine.TelemetryEngineService - Signal Captured: https://httpbin.org/get | Status: 200 | Latency: 901ms
2026-05-06 10:55:47 [http-nio-5500-exec-1] WARN  o.s.w.s.m.s.DefaultHandlerExceptionResolver - Resolved [org.springframework.web.HttpRequestMethodNotSupportedException: Request method 'GET' is not supported]
2026-05-06 10:55:53 [http-nio-5500-exec-2] WARN  o.s.w.s.m.s.DefaultHandlerExceptionResolver - Resolved [org.springframework.web.HttpRequestMethodNotSupportedException: Request method 'GET' is not supported]
2026-05-06 10:56:02 [http-nio-5500-exec-3] WARN  o.s.w.s.m.s.DefaultHandlerExceptionResolver - Resolved [org.springframework.web.HttpRequestMethodNotSupportedException: Request method 'GET' is not supported]
2026-05-06 10:56:09 [http-nio-5500-exec-7] WARN  o.s.w.s.m.s.DefaultHandlerExceptionResolver - Resolved [org.springframework.web.HttpRequestMethodNotSupportedException: Request method 'GET' is not supported]
2026-05-06 10:56:17 [http-nio-5500-exec-8] WARN  o.s.w.s.m.s.DefaultHandlerExceptionResolver - Resolved [org.springframework.web.HttpRequestMethodNotSupportedException: Request method 'GET' is not supported]
2026-05-06 10:56:25 [http-nio-5500-exec-1] WARN  o.s.w.s.m.s.DefaultHandlerExceptionResolver - Resolved [org.springframework.web.HttpRequestMethodNotSupportedException: Request method 'GET' is not supported]
2026-05-06 10:56:32 [http-nio-5500-exec-2] WARN  o.s.w.s.m.s.DefaultHandlerExceptionResolver - Resolved [org.springframework.web.HttpRequestMethodNotSupportedException: Request method 'GET' is not supported]
2026-05-06 10:56:40 [http-nio-5500-exec-3] WARN  o.s.w.s.m.s.DefaultHandlerExceptionResolver - Resolved [org.springframework.web.HttpRequestMethodNotSupportedException: Request method 'GET' is not supported]
2026-05-06 10:56:44 [scheduling-1] INFO  c.s.engine.TelemetryEngineService - Initiating fleet-wide telemetry cycle...
2026-05-06 10:56:44 [reactor-http-nio-7] INFO  c.s.engine.TelemetryEngineService - Signal Captured: https://agentrouter.org/v1 | Status: 404 | Latency: 163ms
2026-05-06 10:56:44 [reactor-http-nio-4] INFO  c.s.engine.TelemetryEngineService - Signal Captured: http://httpbin.org/status/200 | Status: 200 | Latency: 212ms
2026-05-06 10:56:44 [reactor-http-nio-6] INFO  c.s.engine.TelemetryEngineService - Signal Captured: https://httpbin.org/get | Status: 200 | Latency: 220ms
2026-05-06 10:56:47 [http-nio-5500-exec-7] WARN  o.s.w.s.m.s.DefaultHandlerExceptionResolver - Resolved [org.springframework.web.HttpRequestMethodNotSupportedException: Request method 'GET' is not supported]
2026-05-06 10:56:55 [http-nio-5500-exec-8] WARN  o.s.w.s.m.s.DefaultHandlerExceptionResolver - Resolved [org.springframework.web.HttpRequestMethodNotSupportedException: Request method 'GET' is not supported]
2026-05-06 10:57:02 [http-nio-5500-exec-1] WARN  o.s.w.s.m.s.DefaultHandlerExceptionResolver - Resolved [org.springframework.web.HttpRequestMethodNotSupportedException: Request method 'GET' is not supported]
2026-05-06 10:57:10 [http-nio-5500-exec-2] WARN  o.s.w.s.m.s.DefaultHandlerExceptionResolver - Resolved [org.springframework.web.HttpRequestMethodNotSupportedException: Request method 'GET' is not supported]
2026-05-06 10:57:17 [http-nio-5500-exec-3] WARN  o.s.w.s.m.s.DefaultHandlerExceptionResolver - Resolved [org.springframework.web.HttpRequestMethodNotSupportedException: Request method 'GET' is not supported]
2026-05-06 10:57:25 [http-nio-5500-exec-7] WARN  o.s.w.s.m.s.DefaultHandlerExceptionResolver - Resolved [org.springframework.web.HttpRequestMethodNotSupportedException: Request method 'GET' is not supported]
2026-05-06 10:57:32 [http-nio-5500-exec-8] WARN  o.s.w.s.m.s.DefaultHandlerExceptionResolver - Resolved [org.springframework.web.HttpRequestMethodNotSupportedException: Request method 'GET' is not supported]
2026-05-06 10:57:40 [http-nio-5500-exec-1] WARN  o.s.w.s.m.s.DefaultHandlerExceptionResolver - Resolved [org.springframework.web.HttpRequestMethodNotSupportedException: Request method 'GET' is not supported]
2026-05-06 10:57:44 [scheduling-1] INFO  c.s.engine.TelemetryEngineService - Initiating fleet-wide telemetry cycle...
2026-05-06 10:57:44 [reactor-http-nio-8] INFO  c.s.engine.TelemetryEngineService - Signal Captured: https://agentrouter.org/v1 | Status: 404 | Latency: 168ms
2026-05-06 10:57:44 [reactor-http-nio-6] INFO  c.s.engine.TelemetryEngineService - Signal Captured: https://httpbin.org/get | Status: 200 | Latency: 218ms
2026-05-06 10:57:44 [reactor-http-nio-4] INFO  c.s.engine.TelemetryEngineService - Signal Captured: http://httpbin.org/status/200 | Status: 200 | Latency: 218ms
2026-05-06 10:57:47 [http-nio-5500-exec-2] WARN  o.s.w.s.m.s.DefaultHandlerExceptionResolver - Resolved [org.springframework.web.HttpRequestMethodNotSupportedException: Request method 'GET' is not supported]
2026-05-06 10:57:55 [http-nio-5500-exec-3] WARN  o.s.w.s.m.s.DefaultHandlerExceptionResolver - Resolved [org.springframework.web.HttpRequestMethodNotSupportedException: Request method 'GET' is not supported]
2026-05-06 10:58:02 [http-nio-5500-exec-7] WARN  o.s.w.s.m.s.DefaultHandlerExceptionResolver - Resolved [org.springframework.web.HttpRequestMethodNotSupportedException: Request method 'GET' is not supported]
2026-05-06 10:58:11 [http-nio-5500-exec-8] WARN  o.s.w.s.m.s.DefaultHandlerExceptionResolver - Resolved [org.springframework.web.HttpRequestMethodNotSupportedException: Request method 'GET' is not supported]
2026-05-06 10:58:17 [http-nio-5500-exec-1] WARN  o.s.w.s.m.s.DefaultHandlerExceptionResolver - Resolved [org.springframework.web.HttpRequestMethodNotSupportedException: Request method 'GET' is not supported]
2026-05-06 10:58:26 [http-nio-5500-exec-2] WARN  o.s.w.s.m.s.DefaultHandlerExceptionResolver - Resolved [org.springframework.web.HttpRequestMethodNotSupportedException: Request method 'GET' is not supported]
2026-05-06 10:58:32 [http-nio-5500-exec-3] WARN  o.s.w.s.m.s.DefaultHandlerExceptionResolver - Resolved [org.springframework.web.HttpRequestMethodNotSupportedException: Request method 'GET' is not supported]
2026-05-06 10:58:41 [http-nio-5500-exec-7] WARN  o.s.w.s.m.s.DefaultHandlerExceptionResolver - Resolved [org.springframework.web.HttpRequestMethodNotSupportedException: Request method 'GET' is not supported]
2026-05-06 10:58:44 [scheduling-1] INFO  c.s.engine.TelemetryEngineService - Initiating fleet-wide telemetry cycle...
2026-05-06 10:58:44 [reactor-http-nio-9] INFO  c.s.engine.TelemetryEngineService - Signal Captured: https://agentrouter.org/v1 | Status: 404 | Latency: 169ms
2026-05-06 10:58:44 [reactor-http-nio-4] INFO  c.s.engine.TelemetryEngineService - Signal Captured: http://httpbin.org/status/200 | Status: 200 | Latency: 214ms
2026-05-06 10:58:44 [reactor-http-nio-6] INFO  c.s.engine.TelemetryEngineService - Signal Captured: https://httpbin.org/get | Status: 200 | Latency: 220ms
2026-05-06 10:58:47 [http-nio-5500-exec-8] WARN  o.s.w.s.m.s.DefaultHandlerExceptionResolver - Resolved [org.springframework.web.HttpRequestMethodNotSupportedException: Request method 'GET' is not supported]
2026-05-06 10:58:56 [http-nio-5500-exec-1] WARN  o.s.w.s.m.s.DefaultHandlerExceptionResolver - Resolved [org.springframework.web.HttpRequestMethodNotSupportedException: Request method 'GET' is not supported]
2026-05-06 10:59:02 [http-nio-5500-exec-2] WARN  o.s.w.s.m.s.DefaultHandlerExceptionResolver - Resolved [org.springframework.web.HttpRequestMethodNotSupportedException: Request method 'GET' is not supported]
2026-05-06 10:59:12 [http-nio-5500-exec-3] WARN  o.s.w.s.m.s.DefaultHandlerExceptionResolver - Resolved [org.springframework.web.HttpRequestMethodNotSupportedException: Request method 'GET' is not supported]
2026-05-06 10:59:17 [http-nio-5500-exec-7] WARN  o.s.w.s.m.s.DefaultHandlerExceptionResolver - Resolved [org.springframework.web.HttpRequestMethodNotSupportedException: Request method 'GET' is not supported]
2026-05-06 10:59:27 [http-nio-5500-exec-8] WARN  o.s.w.s.m.s.DefaultHandlerExceptionResolver - Resolved [org.springframework.web.HttpRequestMethodNotSupportedException: Request method 'GET' is not supported]
2026-05-06 10:59:32 [http-nio-5500-exec-1] WARN  o.s.w.s.m.s.DefaultHandlerExceptionResolver - Resolved [org.springframework.web.HttpRequestMethodNotSupportedException: Request method 'GET' is not supported]
2026-05-06 10:59:43 [http-nio-5500-exec-2] WARN  o.s.w.s.m.s.DefaultHandlerExceptionResolver - Resolved [org.springframework.web.HttpRequestMethodNotSupportedException: Request method 'GET' is not supported]
2026-05-06 10:59:44 [scheduling-1] INFO  c.s.engine.TelemetryEngineService - Initiating fleet-wide telemetry cycle...
2026-05-06 10:59:44 [reactor-http-nio-4] WARN  r.n.http.client.HttpClientConnect - [abd7bf68-6, L:/192.168.29.253:55540 ! R:httpbin.org/54.225.113.51:80] The connection observed an error
reactor.netty.http.client.PrematureCloseException: Connection prematurely closed BEFORE response
2026-05-06 10:59:44 [reactor-http-nio-6] WARN  r.n.http.client.HttpClientConnect - [fa7b402f-5, L:/192.168.29.253:55553 ! R:httpbin.org/107.23.218.37:443] The connection observed an error
reactor.netty.http.client.PrematureCloseException: Connection prematurely closed BEFORE response
2026-05-06 10:59:44 [reactor-http-nio-10] INFO  c.s.engine.TelemetryEngineService - Signal Captured: https://agentrouter.org/v1 | Status: 404 | Latency: 187ms
2026-05-06 10:59:44 [reactor-http-nio-4] INFO  c.s.engine.TelemetryEngineService - Signal Captured: http://httpbin.org/status/200 | Status: 500 | Latency: 210ms
2026-05-06 10:59:44 [reactor-http-nio-6] INFO  c.s.engine.TelemetryEngineService - Signal Captured: https://httpbin.org/get | Status: 500 | Latency: 217ms
2026-05-06 10:59:47 [http-nio-5500-exec-3] WARN  o.s.w.s.m.s.DefaultHandlerExceptionResolver - Resolved [org.springframework.web.HttpRequestMethodNotSupportedException: Request method 'GET' is not supported]
2026-05-06 10:59:58 [http-nio-5500-exec-7] WARN  o.s.w.s.m.s.DefaultHandlerExceptionResolver - Resolved [org.springframework.web.HttpRequestMethodNotSupportedException: Request method 'GET' is not supported]
2026-05-06 11:00:02 [http-nio-5500-exec-8] WARN  o.s.w.s.m.s.DefaultHandlerExceptionResolver - Resolved [org.springframework.web.HttpRequestMethodNotSupportedException: Request method 'GET' is not supported]
2026-05-06 11:00:13 [http-nio-5500-exec-1] WARN  o.s.w.s.m.s.DefaultHandlerExceptionResolver - Resolved [org.springframework.web.HttpRequestMethodNotSupportedException: Request method 'GET' is not supported]
2026-05-06 11:00:17 [http-nio-5500-exec-2] WARN  o.s.w.s.m.s.DefaultHandlerExceptionResolver - Resolved [org.springframework.web.HttpRequestMethodNotSupportedException: Request method 'GET' is not supported]
2026-05-06 11:00:29 [http-nio-5500-exec-3] WARN  o.s.w.s.m.s.DefaultHandlerExceptionResolver - Resolved [org.springframework.web.HttpRequestMethodNotSupportedException: Request method 'GET' is not supported]
2026-05-06 11:00:32 [http-nio-5500-exec-7] WARN  o.s.w.s.m.s.DefaultHandlerExceptionResolver - Resolved [org.springframework.web.HttpRequestMethodNotSupportedException: Request method 'GET' is not supported]
2026-05-06 11:00:44 [scheduling-1] INFO  c.s.engine.TelemetryEngineService - Initiating fleet-wide telemetry cycle...
2026-05-06 11:00:44 [reactor-http-nio-11] INFO  c.s.engine.TelemetryEngineService - Signal Captured: https://agentrouter.org/v1 | Status: 404 | Latency: 174ms
2026-05-06 11:00:44 [http-nio-5500-exec-8] WARN  o.s.w.s.m.s.DefaultHandlerExceptionResolver - Resolved [org.springframework.web.HttpRequestMethodNotSupportedException: Request method 'GET' is not supported]
2026-05-06 11:00:45 [reactor-http-nio-1] INFO  c.s.engine.TelemetryEngineService - Signal Captured: https://httpbin.org/get | Status: 200 | Latency: 924ms
2026-05-06 11:00:45 [reactor-http-nio-12] INFO  c.s.engine.TelemetryEngineService - Signal Captured: http://httpbin.org/status/200 | Status: 200 | Latency: 1023ms
2026-05-06 11:00:47 [http-nio-5500-exec-1] WARN  o.s.w.s.m.s.DefaultHandlerExceptionResolver - Resolved [org.springframework.web.HttpRequestMethodNotSupportedException: Request method 'GET' is not supported]
2026-05-06 11:01:00 [http-nio-5500-exec-2] WARN  o.s.w.s.m.s.DefaultHandlerExceptionResolver - Resolved [org.springframework.web.HttpRequestMethodNotSupportedException: Request method 'GET' is not supported]
2026-05-06 11:01:02 [http-nio-5500-exec-3] WARN  o.s.w.s.m.s.DefaultHandlerExceptionResolver - Resolved [org.springframework.web.HttpRequestMethodNotSupportedException: Request method 'GET' is not supported]
2026-05-06 11:01:15 [http-nio-5500-exec-7] WARN  o.s.w.s.m.s.DefaultHandlerExceptionResolver - Resolved [org.springframework.web.HttpRequestMethodNotSupportedException: Request method 'GET' is not supported]
2026-05-06 11:01:17 [http-nio-5500-exec-8] WARN  o.s.w.s.m.s.DefaultHandlerExceptionResolver - Resolved [org.springframework.web.HttpRequestMethodNotSupportedException: Request method 'GET' is not supported]
2026-05-06 11:01:30 [http-nio-5500-exec-1] WARN  o.s.w.s.m.s.DefaultHandlerExceptionResolver - Resolved [org.springframework.web.HttpRequestMethodNotSupportedException: Request method 'GET' is not supported]
2026-05-06 11:01:32 [http-nio-5500-exec-2] WARN  o.s.w.s.m.s.DefaultHandlerExceptionResolver - Resolved [org.springframework.web.HttpRequestMethodNotSupportedException: Request method 'GET' is not supported]
2026-05-06 11:01:44 [scheduling-1] INFO  c.s.engine.TelemetryEngineService - Initiating fleet-wide telemetry cycle...
2026-05-06 11:01:44 [reactor-http-nio-2] INFO  c.s.engine.TelemetryEngineService - Signal Captured: https://agentrouter.org/v1 | Status: 404 | Latency: 184ms
2026-05-06 11:01:44 [reactor-http-nio-12] INFO  c.s.engine.TelemetryEngineService - Signal Captured: http://httpbin.org/status/200 | Status: 200 | Latency: 224ms
2026-05-06 11:01:44 [reactor-http-nio-1] INFO  c.s.engine.TelemetryEngineService - Signal Captured: https://httpbin.org/get | Status: 200 | Latency: 233ms
2026-05-06 11:01:46 [http-nio-5500-exec-3] WARN  o.s.w.s.m.s.DefaultHandlerExceptionResolver - Resolved [org.springframework.web.HttpRequestMethodNotSupportedException: Request method 'GET' is not supported]
2026-05-06 11:01:47 [http-nio-5500-exec-7] WARN  o.s.w.s.m.s.DefaultHandlerExceptionResolver - Resolved [org.springframework.web.HttpRequestMethodNotSupportedException: Request method 'GET' is not supported]
2026-05-06 11:02:01 [http-nio-5500-exec-8] WARN  o.s.w.s.m.s.DefaultHandlerExceptionResolver - Resolved [org.springframework.web.HttpRequestMethodNotSupportedException: Request method 'GET' is not supported]
2026-05-06 11:02:02 [http-nio-5500-exec-1] WARN  o.s.w.s.m.s.DefaultHandlerExceptionResolver - Resolved [org.springframework.web.HttpRequestMethodNotSupportedException: Request method 'GET' is not supported]
2026-05-06 11:02:16 [http-nio-5500-exec-2] WARN  o.s.w.s.m.s.DefaultHandlerExceptionResolver - Resolved [org.springframework.web.HttpRequestMethodNotSupportedException: Request method 'GET' is not supported]
2026-05-06 11:02:17 [http-nio-5500-exec-3] WARN  o.s.w.s.m.s.DefaultHandlerExceptionResolver - Resolved [org.springframework.web.HttpRequestMethodNotSupportedException: Request method 'GET' is not supported]
2026-05-06 11:02:32 [http-nio-5500-exec-7] WARN  o.s.w.s.m.s.DefaultHandlerExceptionResolver - Resolved [org.springframework.web.HttpRequestMethodNotSupportedException: Request method 'GET' is not supported]
2026-05-06 11:02:32 [http-nio-5500-exec-8] WARN  o.s.w.s.m.s.DefaultHandlerExceptionResolver - Resolved [org.springframework.web.HttpRequestMethodNotSupportedException: Request method 'GET' is not supported]
2026-05-06 11:02:44 [scheduling-1] INFO  c.s.engine.TelemetryEngineService - Initiating fleet-wide telemetry cycle...
2026-05-06 11:02:44 [reactor-http-nio-1] WARN  r.n.http.client.HttpClientConnect - [b3cbfeb9-3, L:/192.168.29.253:57658 ! R:httpbin.org/52.73.30.72:443] The connection observed an error
reactor.netty.http.client.PrematureCloseException: Connection prematurely closed BEFORE response
2026-05-06 11:02:44 [reactor-http-nio-3] INFO  c.s.engine.TelemetryEngineService - Signal Captured: https://agentrouter.org/v1 | Status: 404 | Latency: 192ms
2026-05-06 11:02:44 [reactor-http-nio-1] INFO  c.s.engine.TelemetryEngineService - Signal Captured: https://httpbin.org/get | Status: 500 | Latency: 228ms
2026-05-06 11:02:44 [reactor-http-nio-12] INFO  c.s.engine.TelemetryEngineService - Signal Captured: http://httpbin.org/status/200 | Status: 200 | Latency: 227ms
2026-05-06 11:02:47 [http-nio-5500-exec-1] WARN  o.s.w.s.m.s.DefaultHandlerExceptionResolver - Resolved [org.springframework.web.HttpRequestMethodNotSupportedException: Request method 'GET' is not supported]
2026-05-06 11:02:47 [http-nio-5500-exec-2] WARN  o.s.w.s.m.s.DefaultHandlerExceptionResolver - Resolved [org.springframework.web.HttpRequestMethodNotSupportedException: Request method 'GET' is not supported]
2026-05-06 11:03:02 [http-nio-5500-exec-3] WARN  o.s.w.s.m.s.DefaultHandlerExceptionResolver - Resolved [org.springframework.web.HttpRequestMethodNotSupportedException: Request method 'GET' is not supported]
2026-05-06 11:03:02 [http-nio-5500-exec-7] WARN  o.s.w.s.m.s.DefaultHandlerExceptionResolver - Resolved [org.springframework.web.HttpRequestMethodNotSupportedException: Request method 'GET' is not supported]
2026-05-06 11:03:17 [http-nio-5500-exec-8] WARN  o.s.w.s.m.s.DefaultHandlerExceptionResolver - Resolved [org.springframework.web.HttpRequestMethodNotSupportedException: Request method 'GET' is not supported]
2026-05-06 11:03:17 [http-nio-5500-exec-1] WARN  o.s.w.s.m.s.DefaultHandlerExceptionResolver - Resolved [org.springframework.web.HttpRequestMethodNotSupportedException: Request method 'GET' is not supported]
2026-05-06 11:03:32 [http-nio-5500-exec-2] WARN  o.s.w.s.m.s.DefaultHandlerExceptionResolver - Resolved [org.springframework.web.HttpRequestMethodNotSupportedException: Request method 'GET' is not supported]
2026-05-06 11:03:33 [http-nio-5500-exec-3] WARN  o.s.w.s.m.s.DefaultHandlerExceptionResolver - Resolved [org.springframework.web.HttpRequestMethodNotSupportedException: Request method 'GET' is not supported]
2026-05-06 11:03:44 [scheduling-1] INFO  c.s.engine.TelemetryEngineService - Initiating fleet-wide telemetry cycle...
2026-05-06 11:03:44 [reactor-http-nio-4] INFO  c.s.engine.TelemetryEngineService - Signal Captured: https://agentrouter.org/v1 | Status: 404 | Latency: 179ms
2026-05-06 11:03:44 [reactor-http-nio-12] INFO  c.s.engine.TelemetryEngineService - Signal Captured: http://httpbin.org/status/200 | Status: 200 | Latency: 228ms
2026-05-06 11:03:45 [reactor-http-nio-5] INFO  c.s.engine.TelemetryEngineService - Signal Captured: https://httpbin.org/get | Status: 200 | Latency: 933ms
2026-05-06 11:03:47 [http-nio-5500-exec-7] WARN  o.s.w.s.m.s.DefaultHandlerExceptionResolver - Resolved [org.springframework.web.HttpRequestMethodNotSupportedException: Request method 'GET' is not supported]
2026-05-06 11:03:48 [http-nio-5500-exec-8] WARN  o.s.w.s.m.s.DefaultHandlerExceptionResolver - Resolved [org.springframework.web.HttpRequestMethodNotSupportedException: Request method 'GET' is not supported]
2026-05-06 11:04:02 [http-nio-5500-exec-1] WARN  o.s.w.s.m.s.DefaultHandlerExceptionResolver - Resolved [org.springframework.web.HttpRequestMethodNotSupportedException: Request method 'GET' is not supported]
2026-05-06 11:04:03 [http-nio-5500-exec-2] WARN  o.s.w.s.m.s.DefaultHandlerExceptionResolver - Resolved [org.springframework.web.HttpRequestMethodNotSupportedException: Request method 'GET' is not supported]
2026-05-06 11:04:17 [http-nio-5500-exec-3] WARN  o.s.w.s.m.s.DefaultHandlerExceptionResolver - Resolved [org.springframework.web.HttpRequestMethodNotSupportedException: Request method 'GET' is not supported]
2026-05-06 11:04:19 [http-nio-5500-exec-9] WARN  o.s.w.s.m.s.DefaultHandlerExceptionResolver - Resolved [org.springframework.web.HttpRequestMethodNotSupportedException: Request method 'GET' is not supported]
2026-05-06 11:04:32 [http-nio-5500-exec-8] WARN  o.s.w.s.m.s.DefaultHandlerExceptionResolver - Resolved [org.springframework.web.HttpRequestMethodNotSupportedException: Request method 'GET' is not supported]
2026-05-06 11:04:34 [http-nio-5500-exec-1] WARN  o.s.w.s.m.s.DefaultHandlerExceptionResolver - Resolved [org.springframework.web.HttpRequestMethodNotSupportedException: Request method 'GET' is not supported]
2026-05-06 11:04:44 [scheduling-1] INFO  c.s.engine.TelemetryEngineService - Initiating fleet-wide telemetry cycle...
2026-05-06 11:04:44 [reactor-http-nio-6] INFO  c.s.engine.TelemetryEngineService - Signal Captured: https://agentrouter.org/v1 | Status: 404 | Latency: 193ms
2026-05-06 11:04:44 [reactor-http-nio-12] INFO  c.s.engine.TelemetryEngineService - Signal Captured: http://httpbin.org/status/200 | Status: 200 | Latency: 223ms
2026-05-06 11:04:44 [reactor-http-nio-5] INFO  c.s.engine.TelemetryEngineService - Signal Captured: https://httpbin.org/get | Status: 200 | Latency: 228ms
2026-05-06 11:04:47 [http-nio-5500-exec-2] WARN  o.s.w.s.m.s.DefaultHandlerExceptionResolver - Resolved [org.springframework.web.HttpRequestMethodNotSupportedException: Request method 'GET' is not supported]
2026-05-06 11:04:49 [http-nio-5500-exec-3] WARN  o.s.w.s.m.s.DefaultHandlerExceptionResolver - Resolved [org.springframework.web.HttpRequestMethodNotSupportedException: Request method 'GET' is not supported]
2026-05-06 11:05:02 [http-nio-5500-exec-9] WARN  o.s.w.s.m.s.DefaultHandlerExceptionResolver - Resolved [org.springframework.web.HttpRequestMethodNotSupportedException: Request method 'GET' is not supported]
2026-05-06 11:05:04 [http-nio-5500-exec-8] WARN  o.s.w.s.m.s.DefaultHandlerExceptionResolver - Resolved [org.springframework.web.HttpRequestMethodNotSupportedException: Request method 'GET' is not supported]
2026-05-06 11:05:17 [http-nio-5500-exec-1] WARN  o.s.w.s.m.s.DefaultHandlerExceptionResolver - Resolved [org.springframework.web.HttpRequestMethodNotSupportedException: Request method 'GET' is not supported]
2026-05-06 11:05:20 [http-nio-5500-exec-2] WARN  o.s.w.s.m.s.DefaultHandlerExceptionResolver - Resolved [org.springframework.web.HttpRequestMethodNotSupportedException: Request method 'GET' is not supported]
2026-05-06 11:05:32 [http-nio-5500-exec-3] WARN  o.s.w.s.m.s.DefaultHandlerExceptionResolver - Resolved [org.springframework.web.HttpRequestMethodNotSupportedException: Request method 'GET' is not supported]
2026-05-06 11:05:35 [http-nio-5500-exec-9] WARN  o.s.w.s.m.s.DefaultHandlerExceptionResolver - Resolved [org.springframework.web.HttpRequestMethodNotSupportedException: Request method 'GET' is not supported]
2026-05-06 11:05:44 [scheduling-1] INFO  c.s.engine.TelemetryEngineService - Initiating fleet-wide telemetry cycle...
2026-05-06 11:05:44 [reactor-http-nio-7] INFO  c.s.engine.TelemetryEngineService - Signal Captured: https://agentrouter.org/v1 | Status: 404 | Latency: 178ms
2026-05-06 11:05:44 [reactor-http-nio-12] WARN  r.n.http.client.HttpClientConnect - [968bae1a-6, L:/192.168.29.253:57659 ! R:httpbin.org/52.73.30.72:80] The connection observed an error
reactor.netty.http.client.PrematureCloseException: Connection prematurely closed BEFORE response
2026-05-06 11:05:44 [reactor-http-nio-5] WARN  r.n.http.client.HttpClientConnect - [76739ac8-3, L:/192.168.29.253:50193 ! R:httpbin.org/44.199.179.5:443] The connection observed an error
reactor.netty.http.client.PrematureCloseException: Connection prematurely closed BEFORE response
2026-05-06 11:05:44 [reactor-http-nio-12] INFO  c.s.engine.TelemetryEngineService - Signal Captured: http://httpbin.org/status/200 | Status: 500 | Latency: 217ms
2026-05-06 11:05:44 [reactor-http-nio-5] INFO  c.s.engine.TelemetryEngineService - Signal Captured: https://httpbin.org/get | Status: 500 | Latency: 220ms
2026-05-06 11:05:47 [http-nio-5500-exec-8] WARN  o.s.w.s.m.s.DefaultHandlerExceptionResolver - Resolved [org.springframework.web.HttpRequestMethodNotSupportedException: Request method 'GET' is not supported]
2026-05-06 11:05:51 [http-nio-5500-exec-1] WARN  o.s.w.s.m.s.DefaultHandlerExceptionResolver - Resolved [org.springframework.web.HttpRequestMethodNotSupportedException: Request method 'GET' is not supported]
2026-05-06 11:06:02 [http-nio-5500-exec-2] WARN  o.s.w.s.m.s.DefaultHandlerExceptionResolver - Resolved [org.springframework.web.HttpRequestMethodNotSupportedException: Request method 'GET' is not supported]
2026-05-06 11:06:06 [http-nio-5500-exec-3] WARN  o.s.w.s.m.s.DefaultHandlerExceptionResolver - Resolved [org.springframework.web.HttpRequestMethodNotSupportedException: Request method 'GET' is not supported]
2026-05-06 11:06:17 [http-nio-5500-exec-9] WARN  o.s.w.s.m.s.DefaultHandlerExceptionResolver - Resolved [org.springframework.web.HttpRequestMethodNotSupportedException: Request method 'GET' is not supported]
2026-05-06 11:06:21 [http-nio-5500-exec-8] WARN  o.s.w.s.m.s.DefaultHandlerExceptionResolver - Resolved [org.springframework.web.HttpRequestMethodNotSupportedException: Request method 'GET' is not supported]
2026-05-06 11:06:32 [http-nio-5500-exec-1] WARN  o.s.w.s.m.s.DefaultHandlerExceptionResolver - Resolved [org.springframework.web.HttpRequestMethodNotSupportedException: Request method 'GET' is not supported]
2026-05-06 11:06:37 [http-nio-5500-exec-2] WARN  o.s.w.s.m.s.DefaultHandlerExceptionResolver - Resolved [org.springframework.web.HttpRequestMethodNotSupportedException: Request method 'GET' is not supported]
2026-05-06 11:06:44 [scheduling-1] INFO  c.s.engine.TelemetryEngineService - Initiating fleet-wide telemetry cycle...
2026-05-06 11:06:44 [reactor-http-nio-8] INFO  c.s.engine.TelemetryEngineService - Signal Captured: https://agentrouter.org/v1 | Status: 404 | Latency: 203ms
2026-05-06 11:06:44 [reactor-http-nio-9] INFO  c.s.engine.TelemetryEngineService - Signal Captured: http://httpbin.org/status/200 | Status: 200 | Latency: 509ms
2026-05-06 11:06:45 [reactor-http-nio-10] INFO  c.s.engine.TelemetryEngineService - Signal Captured: https://httpbin.org/get | Status: 200 | Latency: 924ms
2026-05-06 11:06:47 [http-nio-5500-exec-3] WARN  o.s.w.s.m.s.DefaultHandlerExceptionResolver - Resolved [org.springframework.web.HttpRequestMethodNotSupportedException: Request method 'GET' is not supported]
2026-05-06 11:06:52 [http-nio-5500-exec-9] WARN  o.s.w.s.m.s.DefaultHandlerExceptionResolver - Resolved [org.springframework.web.HttpRequestMethodNotSupportedException: Request method 'GET' is not supported]
2026-05-06 11:07:02 [http-nio-5500-exec-8] WARN  o.s.w.s.m.s.DefaultHandlerExceptionResolver - Resolved [org.springframework.web.HttpRequestMethodNotSupportedException: Request method 'GET' is not supported]
2026-05-06 11:07:07 [http-nio-5500-exec-1] WARN  o.s.w.s.m.s.DefaultHandlerExceptionResolver - Resolved [org.springframework.web.HttpRequestMethodNotSupportedException: Request method 'GET' is not supported]
2026-05-06 11:07:17 [http-nio-5500-exec-2] WARN  o.s.w.s.m.s.DefaultHandlerExceptionResolver - Resolved [org.springframework.web.HttpRequestMethodNotSupportedException: Request method 'GET' is not supported]
2026-05-06 11:07:22 [http-nio-5500-exec-5] WARN  o.s.w.s.m.s.DefaultHandlerExceptionResolver - Resolved [org.springframework.web.HttpRequestMethodNotSupportedException: Request method 'GET' is not supported]
2026-05-06 11:07:32 [http-nio-5500-exec-7] WARN  o.s.w.s.m.s.DefaultHandlerExceptionResolver - Resolved [org.springframework.web.HttpRequestMethodNotSupportedException: Request method 'GET' is not supported]
2026-05-06 11:07:38 [http-nio-5500-exec-10] WARN  o.s.w.s.m.s.DefaultHandlerExceptionResolver - Resolved [org.springframework.web.HttpRequestMethodNotSupportedException: Request method 'GET' is not supported]
2026-05-06 11:07:44 [scheduling-1] INFO  c.s.engine.TelemetryEngineService - Initiating fleet-wide telemetry cycle...
2026-05-06 11:07:44 [reactor-http-nio-11] INFO  c.s.engine.TelemetryEngineService - Signal Captured: https://agentrouter.org/v1 | Status: 404 | Latency: 166ms
2026-05-06 11:07:44 [reactor-http-nio-9] INFO  c.s.engine.TelemetryEngineService - Signal Captured: http://httpbin.org/status/200 | Status: 200 | Latency: 227ms
2026-05-06 11:07:44 [reactor-http-nio-10] INFO  c.s.engine.TelemetryEngineService - Signal Captured: https://httpbin.org/get | Status: 200 | Latency: 226ms
2026-05-06 11:07:47 [http-nio-5500-exec-4] WARN  o.s.w.s.m.s.DefaultHandlerExceptionResolver - Resolved [org.springframework.web.HttpRequestMethodNotSupportedException: Request method 'GET' is not supported]
2026-05-06 11:07:53 [http-nio-5500-exec-6] WARN  o.s.w.s.m.s.DefaultHandlerExceptionResolver - Resolved [org.springframework.web.HttpRequestMethodNotSupportedException: Request method 'GET' is not supported]
2026-05-06 11:08:02 [http-nio-5500-exec-5] WARN  o.s.w.s.m.s.DefaultHandlerExceptionResolver - Resolved [org.springframework.web.HttpRequestMethodNotSupportedException: Request method 'GET' is not supported]
2026-05-06 11:08:08 [http-nio-5500-exec-7] WARN  o.s.w.s.m.s.DefaultHandlerExceptionResolver - Resolved [org.springframework.web.HttpRequestMethodNotSupportedException: Request method 'GET' is not supported]
2026-05-06 11:08:17 [http-nio-5500-exec-10] WARN  o.s.w.s.m.s.DefaultHandlerExceptionResolver - Resolved [org.springframework.web.HttpRequestMethodNotSupportedException: Request method 'GET' is not supported]
2026-05-06 11:08:23 [http-nio-5500-exec-4] WARN  o.s.w.s.m.s.DefaultHandlerExceptionResolver - Resolved [org.springframework.web.HttpRequestMethodNotSupportedException: Request method 'GET' is not supported]
2026-05-06 11:08:32 [http-nio-5500-exec-6] WARN  o.s.w.s.m.s.DefaultHandlerExceptionResolver - Resolved [org.springframework.web.HttpRequestMethodNotSupportedException: Request method 'GET' is not supported]
2026-05-06 11:08:39 [http-nio-5500-exec-5] WARN  o.s.w.s.m.s.DefaultHandlerExceptionResolver - Resolved [org.springframework.web.HttpRequestMethodNotSupportedException: Request method 'GET' is not supported]
2026-05-06 11:08:44 [scheduling-1] INFO  c.s.engine.TelemetryEngineService - Initiating fleet-wide telemetry cycle...
2026-05-06 11:08:44 [reactor-http-nio-12] INFO  c.s.engine.TelemetryEngineService - Signal Captured: https://agentrouter.org/v1 | Status: 404 | Latency: 186ms
2026-05-06 11:08:44 [reactor-http-nio-10] WARN  r.n.http.client.HttpClientConnect - [50bedecb-3, L:/192.168.29.253:50230 ! R:httpbin.org/107.23.218.37:443] The connection observed an error
reactor.netty.http.client.PrematureCloseException: Connection prematurely closed BEFORE response
2026-05-06 11:08:44 [reactor-http-nio-9] WARN  r.n.http.client.HttpClientConnect - [91ffcc27-3, L:/192.168.29.253:50231 ! R:httpbin.org/107.23.218.37:80] The connection observed an error
reactor.netty.http.client.PrematureCloseException: Connection prematurely closed BEFORE response
2026-05-06 11:08:44 [reactor-http-nio-10] INFO  c.s.engine.TelemetryEngineService - Signal Captured: https://httpbin.org/get | Status: 500 | Latency: 220ms
2026-05-06 11:08:44 [reactor-http-nio-9] INFO  c.s.engine.TelemetryEngineService - Signal Captured: http://httpbin.org/status/200 | Status: 500 | Latency: 222ms
2026-05-06 11:08:47 [http-nio-5500-exec-7] WARN  o.s.w.s.m.s.DefaultHandlerExceptionResolver - Resolved [org.springframework.web.HttpRequestMethodNotSupportedException: Request method 'GET' is not supported]
2026-05-06 11:08:54 [http-nio-5500-exec-10] WARN  o.s.w.s.m.s.DefaultHandlerExceptionResolver - Resolved [org.springframework.web.HttpRequestMethodNotSupportedException: Request method 'GET' is not supported]
2026-05-06 11:09:02 [http-nio-5500-exec-4] WARN  o.s.w.s.m.s.DefaultHandlerExceptionResolver - Resolved [org.springframework.web.HttpRequestMethodNotSupportedException: Request method 'GET' is not supported]
2026-05-06 11:09:09 [http-nio-5500-exec-6] WARN  o.s.w.s.m.s.DefaultHandlerExceptionResolver - Resolved [org.springframework.web.HttpRequestMethodNotSupportedException: Request method 'GET' is not supported]
2026-05-06 11:09:17 [http-nio-5500-exec-5] WARN  o.s.w.s.m.s.DefaultHandlerExceptionResolver - Resolved [org.springframework.web.HttpRequestMethodNotSupportedException: Request method 'GET' is not supported]
2026-05-06 11:09:25 [http-nio-5500-exec-7] WARN  o.s.w.s.m.s.DefaultHandlerExceptionResolver - Resolved [org.springframework.web.HttpRequestMethodNotSupportedException: Request method 'GET' is not supported]
2026-05-06 11:09:32 [http-nio-5500-exec-10] WARN  o.s.w.s.m.s.DefaultHandlerExceptionResolver - Resolved [org.springframework.web.HttpRequestMethodNotSupportedException: Request method 'GET' is not supported]
2026-05-06 11:09:40 [http-nio-5500-exec-4] WARN  o.s.w.s.m.s.DefaultHandlerExceptionResolver - Resolved [org.springframework.web.HttpRequestMethodNotSupportedException: Request method 'GET' is not supported]
2026-05-06 11:09:44 [scheduling-1] INFO  c.s.engine.TelemetryEngineService - Initiating fleet-wide telemetry cycle...
2026-05-06 11:09:44 [reactor-http-nio-1] INFO  c.s.engine.TelemetryEngineService - Signal Captured: https://agentrouter.org/v1 | Status: 404 | Latency: 172ms
2026-05-06 11:09:44 [reactor-http-nio-2] INFO  c.s.engine.TelemetryEngineService - Signal Captured: http://httpbin.org/status/200 | Status: 200 | Latency: 467ms
2026-05-06 11:09:45 [reactor-http-nio-3] INFO  c.s.engine.TelemetryEngineService - Signal Captured: https://httpbin.org/get | Status: 200 | Latency: 902ms
2026-05-06 11:09:47 [http-nio-5500-exec-6] WARN  o.s.w.s.m.s.DefaultHandlerExceptionResolver - Resolved [org.springframework.web.HttpRequestMethodNotSupportedException: Request method 'GET' is not supported]
2026-05-06 11:09:55 [http-nio-5500-exec-5] WARN  o.s.w.s.m.s.DefaultHandlerExceptionResolver - Resolved [org.springframework.web.HttpRequestMethodNotSupportedException: Request method 'GET' is not supported]
2026-05-06 11:10:02 [http-nio-5500-exec-7] WARN  o.s.w.s.m.s.DefaultHandlerExceptionResolver - Resolved [org.springframework.web.HttpRequestMethodNotSupportedException: Request method 'GET' is not supported]
2026-05-06 11:10:10 [http-nio-5500-exec-10] WARN  o.s.w.s.m.s.DefaultHandlerExceptionResolver - Resolved [org.springframework.web.HttpRequestMethodNotSupportedException: Request method 'GET' is not supported]
2026-05-06 11:10:17 [http-nio-5500-exec-4] WARN  o.s.w.s.m.s.DefaultHandlerExceptionResolver - Resolved [org.springframework.web.HttpRequestMethodNotSupportedException: Request method 'GET' is not supported]
2026-05-06 11:10:25 [http-nio-5500-exec-6] WARN  o.s.w.s.m.s.DefaultHandlerExceptionResolver - Resolved [org.springframework.web.HttpRequestMethodNotSupportedException: Request method 'GET' is not supported]
2026-05-06 11:10:32 [http-nio-5500-exec-5] WARN  o.s.w.s.m.s.DefaultHandlerExceptionResolver - Resolved [org.springframework.web.HttpRequestMethodNotSupportedException: Request method 'GET' is not supported]
2026-05-06 11:10:41 [http-nio-5500-exec-7] WARN  o.s.w.s.m.s.DefaultHandlerExceptionResolver - Resolved [org.springframework.web.HttpRequestMethodNotSupportedException: Request method 'GET' is not supported]
2026-05-06 11:10:44 [scheduling-1] INFO  c.s.engine.TelemetryEngineService - Initiating fleet-wide telemetry cycle...
2026-05-06 11:10:44 [reactor-http-nio-4] INFO  c.s.engine.TelemetryEngineService - Signal Captured: https://agentrouter.org/v1 | Status: 404 | Latency: 178ms
2026-05-06 11:10:44 [reactor-http-nio-3] INFO  c.s.engine.TelemetryEngineService - Signal Captured: https://httpbin.org/get | Status: 200 | Latency: 221ms
2026-05-06 11:10:44 [reactor-http-nio-2] INFO  c.s.engine.TelemetryEngineService - Signal Captured: http://httpbin.org/status/200 | Status: 200 | Latency: 225ms
2026-05-06 11:10:47 [http-nio-5500-exec-10] WARN  o.s.w.s.m.s.DefaultHandlerExceptionResolver - Resolved [org.springframework.web.HttpRequestMethodNotSupportedException: Request method 'GET' is not supported]
2026-05-06 11:10:56 [http-nio-5500-exec-4] WARN  o.s.w.s.m.s.DefaultHandlerExceptionResolver - Resolved [org.springframework.web.HttpRequestMethodNotSupportedException: Request method 'GET' is not supported]
2026-05-06 11:11:02 [http-nio-5500-exec-6] WARN  o.s.w.s.m.s.DefaultHandlerExceptionResolver - Resolved [org.springframework.web.HttpRequestMethodNotSupportedException: Request method 'GET' is not supported]
2026-05-06 11:11:11 [http-nio-5500-exec-5] WARN  o.s.w.s.m.s.DefaultHandlerExceptionResolver - Resolved [org.springframework.web.HttpRequestMethodNotSupportedException: Request method 'GET' is not supported]
2026-05-06 11:11:17 [http-nio-5500-exec-7] WARN  o.s.w.s.m.s.DefaultHandlerExceptionResolver - Resolved [org.springframework.web.HttpRequestMethodNotSupportedException: Request method 'GET' is not supported]
2026-05-06 11:11:27 [http-nio-5500-exec-10] WARN  o.s.w.s.m.s.DefaultHandlerExceptionResolver - Resolved [org.springframework.web.HttpRequestMethodNotSupportedException: Request method 'GET' is not supported]
2026-05-06 11:11:32 [http-nio-5500-exec-4] WARN  o.s.w.s.m.s.DefaultHandlerExceptionResolver - Resolved [org.springframework.web.HttpRequestMethodNotSupportedException: Request method 'GET' is not supported]
2026-05-06 11:11:42 [http-nio-5500-exec-6] WARN  o.s.w.s.m.s.DefaultHandlerExceptionResolver - Resolved [org.springframework.web.HttpRequestMethodNotSupportedException: Request method 'GET' is not supported]
2026-05-06 11:11:44 [scheduling-1] INFO  c.s.engine.TelemetryEngineService - Initiating fleet-wide telemetry cycle...
2026-05-06 11:11:44 [reactor-http-nio-3] WARN  r.n.http.client.HttpClientConnect - [9df08cc3-3, L:/192.168.29.253:52786 ! R:httpbin.org/52.73.30.72:443] The connection observed an error
reactor.netty.http.client.PrematureCloseException: Connection prematurely closed BEFORE response
2026-05-06 11:11:44 [reactor-http-nio-2] WARN  r.n.http.client.HttpClientConnect - [9b509a60-3, L:/192.168.29.253:52785 ! R:httpbin.org/52.73.30.72:80] The connection observed an error
reactor.netty.http.client.PrematureCloseException: Connection prematurely closed BEFORE response
2026-05-06 11:11:44 [reactor-http-nio-3] INFO  c.s.engine.TelemetryEngineService - Signal Captured: https://httpbin.org/get | Status: 500 | Latency: 215ms
2026-05-06 11:11:44 [reactor-http-nio-2] INFO  c.s.engine.TelemetryEngineService - Signal Captured: http://httpbin.org/status/200 | Status: 500 | Latency: 223ms
2026-05-06 11:11:44 [reactor-http-nio-5] INFO  c.s.engine.TelemetryEngineService - Signal Captured: https://agentrouter.org/v1 | Status: 404 | Latency: 280ms
2026-05-06 11:11:47 [http-nio-5500-exec-5] WARN  o.s.w.s.m.s.DefaultHandlerExceptionResolver - Resolved [org.springframework.web.HttpRequestMethodNotSupportedException: Request method 'GET' is not supported]
2026-05-06 11:11:57 [http-nio-5500-exec-7] WARN  o.s.w.s.m.s.DefaultHandlerExceptionResolver - Resolved [org.springframework.web.HttpRequestMethodNotSupportedException: Request method 'GET' is not supported]
2026-05-06 11:12:02 [http-nio-5500-exec-10] WARN  o.s.w.s.m.s.DefaultHandlerExceptionResolver - Resolved [org.springframework.web.HttpRequestMethodNotSupportedException: Request method 'GET' is not supported]
2026-05-06 11:12:12 [http-nio-5500-exec-4] WARN  o.s.w.s.m.s.DefaultHandlerExceptionResolver - Resolved [org.springframework.web.HttpRequestMethodNotSupportedException: Request method 'GET' is not supported]
2026-05-06 11:12:17 [http-nio-5500-exec-6] WARN  o.s.w.s.m.s.DefaultHandlerExceptionResolver - Resolved [org.springframework.web.HttpRequestMethodNotSupportedException: Request method 'GET' is not supported]
2026-05-06 11:12:28 [http-nio-5500-exec-5] WARN  o.s.w.s.m.s.DefaultHandlerExceptionResolver - Resolved [org.springframework.web.HttpRequestMethodNotSupportedException: Request method 'GET' is not supported]
2026-05-06 11:12:32 [http-nio-5500-exec-7] WARN  o.s.w.s.m.s.DefaultHandlerExceptionResolver - Resolved [org.springframework.web.HttpRequestMethodNotSupportedException: Request method 'GET' is not supported]
2026-05-06 11:12:43 [http-nio-5500-exec-10] WARN  o.s.w.s.m.s.DefaultHandlerExceptionResolver - Resolved [org.springframework.web.HttpRequestMethodNotSupportedException: Request method 'GET' is not supported]
2026-05-06 11:12:44 [scheduling-1] INFO  c.s.engine.TelemetryEngineService - Initiating fleet-wide telemetry cycle...
2026-05-06 11:12:44 [reactor-http-nio-6] INFO  c.s.engine.TelemetryEngineService - Signal Captured: https://agentrouter.org/v1 | Status: 404 | Latency: 177ms
2026-05-06 11:12:44 [reactor-http-nio-7] INFO  c.s.engine.TelemetryEngineService - Signal Captured: http://httpbin.org/status/200 | Status: 200 | Latency: 452ms
2026-05-06 11:12:45 [reactor-http-nio-8] INFO  c.s.engine.TelemetryEngineService - Signal Captured: https://httpbin.org/get | Status: 200 | Latency: 926ms
2026-05-06 11:12:47 [http-nio-5500-exec-4] WARN  o.s.w.s.m.s.DefaultHandlerExceptionResolver - Resolved [org.springframework.web.HttpRequestMethodNotSupportedException: Request method 'GET' is not supported]
2026-05-06 11:12:58 [http-nio-5500-exec-6] WARN  o.s.w.s.m.s.DefaultHandlerExceptionResolver - Resolved [org.springframework.web.HttpRequestMethodNotSupportedException: Request method 'GET' is not supported]
2026-05-06 11:13:02 [http-nio-5500-exec-5] WARN  o.s.w.s.m.s.DefaultHandlerExceptionResolver - Resolved [org.springframework.web.HttpRequestMethodNotSupportedException: Request method 'GET' is not supported]
2026-05-06 11:13:14 [http-nio-5500-exec-7] WARN  o.s.w.s.m.s.DefaultHandlerExceptionResolver - Resolved [org.springframework.web.HttpRequestMethodNotSupportedException: Request method 'GET' is not supported]
2026-05-06 11:13:17 [http-nio-5500-exec-10] WARN  o.s.w.s.m.s.DefaultHandlerExceptionResolver - Resolved [org.springframework.web.HttpRequestMethodNotSupportedException: Request method 'GET' is not supported]
2026-05-06 11:13:29 [http-nio-5500-exec-4] WARN  o.s.w.s.m.s.DefaultHandlerExceptionResolver - Resolved [org.springframework.web.HttpRequestMethodNotSupportedException: Request method 'GET' is not supported]
2026-05-06 11:13:32 [http-nio-5500-exec-6] WARN  o.s.w.s.m.s.DefaultHandlerExceptionResolver - Resolved [org.springframework.web.HttpRequestMethodNotSupportedException: Request method 'GET' is not supported]
2026-05-06 11:13:44 [scheduling-1] INFO  c.s.engine.TelemetryEngineService - Initiating fleet-wide telemetry cycle...
2026-05-06 11:13:44 [reactor-http-nio-7] INFO  c.s.engine.TelemetryEngineService - Signal Captured: http://httpbin.org/status/200 | Status: 200 | Latency: 226ms
2026-05-06 11:13:44 [reactor-http-nio-8] INFO  c.s.engine.TelemetryEngineService - Signal Captured: https://httpbin.org/get | Status: 200 | Latency: 227ms
2026-05-06 11:13:44 [reactor-http-nio-9] INFO  c.s.engine.TelemetryEngineService - Signal Captured: https://agentrouter.org/v1 | Status: 404 | Latency: 219ms
2026-05-06 11:13:46 [http-nio-5500-exec-5] WARN  o.s.w.s.m.s.DefaultHandlerExceptionResolver - Resolved [org.springframework.web.HttpRequestMethodNotSupportedException: Request method 'GET' is not supported]
2026-05-06 11:13:47 [http-nio-5500-exec-7] WARN  o.s.w.s.m.s.DefaultHandlerExceptionResolver - Resolved [org.springframework.web.HttpRequestMethodNotSupportedException: Request method 'GET' is not supported]
2026-05-06 11:14:00 [http-nio-5500-exec-10] WARN  o.s.w.s.m.s.DefaultHandlerExceptionResolver - Resolved [org.springframework.web.HttpRequestMethodNotSupportedException: Request method 'GET' is not supported]
2026-05-06 11:14:02 [http-nio-5500-exec-4] WARN  o.s.w.s.m.s.DefaultHandlerExceptionResolver - Resolved [org.springframework.web.HttpRequestMethodNotSupportedException: Request method 'GET' is not supported]
2026-05-06 11:14:16 [http-nio-5500-exec-6] WARN  o.s.w.s.m.s.DefaultHandlerExceptionResolver - Resolved [org.springframework.web.HttpRequestMethodNotSupportedException: Request method 'GET' is not supported]
2026-05-06 11:14:17 [http-nio-5500-exec-5] WARN  o.s.w.s.m.s.DefaultHandlerExceptionResolver - Resolved [org.springframework.web.HttpRequestMethodNotSupportedException: Request method 'GET' is not supported]
2026-05-06 11:14:31 [http-nio-5500-exec-7] WARN  o.s.w.s.m.s.DefaultHandlerExceptionResolver - Resolved [org.springframework.web.HttpRequestMethodNotSupportedException: Request method 'GET' is not supported]
2026-05-06 11:14:32 [http-nio-5500-exec-10] WARN  o.s.w.s.m.s.DefaultHandlerExceptionResolver - Resolved [org.springframework.web.HttpRequestMethodNotSupportedException: Request method 'GET' is not supported]
2026-05-06 11:14:44 [scheduling-1] INFO  c.s.engine.TelemetryEngineService - Initiating fleet-wide telemetry cycle...
2026-05-06 11:14:44 [reactor-http-nio-7] WARN  r.n.http.client.HttpClientConnect - [d7b239ef-3, L:/192.168.29.253:51747 ! R:httpbin.org/98.83.84.78:80] The connection observed an error
reactor.netty.http.client.PrematureCloseException: Connection prematurely closed BEFORE response
2026-05-06 11:14:44 [reactor-http-nio-8] WARN  r.n.http.client.HttpClientConnect - [ba260edf-3, L:/192.168.29.253:51746 ! R:httpbin.org/98.83.84.78:443] The connection observed an error
reactor.netty.http.client.PrematureCloseException: Connection prematurely closed BEFORE response
2026-05-06 11:14:44 [reactor-http-nio-8] INFO  c.s.engine.TelemetryEngineService - Signal Captured: https://httpbin.org/get | Status: 500 | Latency: 9ms
2026-05-06 11:14:44 [reactor-http-nio-7] INFO  c.s.engine.TelemetryEngineService - Signal Captured: http://httpbin.org/status/200 | Status: 500 | Latency: 2ms
2026-05-06 11:14:44 [reactor-http-nio-10] INFO  c.s.engine.TelemetryEngineService - Signal Captured: https://agentrouter.org/v1 | Status: 404 | Latency: 182ms
2026-05-06 11:14:46 [http-nio-5500-exec-4] WARN  o.s.w.s.m.s.DefaultHandlerExceptionResolver - Resolved [org.springframework.web.HttpRequestMethodNotSupportedException: Request method 'GET' is not supported]
2026-05-06 11:14:47 [http-nio-5500-exec-6] WARN  o.s.w.s.m.s.DefaultHandlerExceptionResolver - Resolved [org.springframework.web.HttpRequestMethodNotSupportedException: Request method 'GET' is not supported]
2026-05-06 11:15:02 [http-nio-5500-exec-5] WARN  o.s.w.s.m.s.DefaultHandlerExceptionResolver - Resolved [org.springframework.web.HttpRequestMethodNotSupportedException: Request method 'GET' is not supported]
2026-05-06 11:15:02 [http-nio-5500-exec-7] WARN  o.s.w.s.m.s.DefaultHandlerExceptionResolver - Resolved [org.springframework.web.HttpRequestMethodNotSupportedException: Request method 'GET' is not supported]
2026-05-06 11:15:17 [http-nio-5500-exec-10] WARN  o.s.w.s.m.s.DefaultHandlerExceptionResolver - Resolved [org.springframework.web.HttpRequestMethodNotSupportedException: Request method 'GET' is not supported]
2026-05-06 11:15:17 [http-nio-5500-exec-4] WARN  o.s.w.s.m.s.DefaultHandlerExceptionResolver - Resolved [org.springframework.web.HttpRequestMethodNotSupportedException: Request method 'GET' is not supported]
2026-05-06 11:15:32 [http-nio-5500-exec-6] WARN  o.s.w.s.m.s.DefaultHandlerExceptionResolver - Resolved [org.springframework.web.HttpRequestMethodNotSupportedException: Request method 'GET' is not supported]
2026-05-06 11:15:32 [http-nio-5500-exec-5] WARN  o.s.w.s.m.s.DefaultHandlerExceptionResolver - Resolved [org.springframework.web.HttpRequestMethodNotSupportedException: Request method 'GET' is not supported]
2026-05-06 11:15:44 [scheduling-1] INFO  c.s.engine.TelemetryEngineService - Initiating fleet-wide telemetry cycle...
2026-05-06 11:15:44 [reactor-http-nio-11] INFO  c.s.engine.TelemetryEngineService - Signal Captured: https://agentrouter.org/v1 | Status: 404 | Latency: 170ms
2026-05-06 11:15:44 [reactor-http-nio-12] INFO  c.s.engine.TelemetryEngineService - Signal Captured: http://httpbin.org/status/200 | Status: 200 | Latency: 422ms
2026-05-06 11:15:45 [reactor-http-nio-1] INFO  c.s.engine.TelemetryEngineService - Signal Captured: https://httpbin.org/get | Status: 200 | Latency: 1217ms
2026-05-06 11:15:47 [http-nio-5500-exec-7] WARN  o.s.w.s.m.s.DefaultHandlerExceptionResolver - Resolved [org.springframework.web.HttpRequestMethodNotSupportedException: Request method 'GET' is not supported]
2026-05-06 11:15:48 [http-nio-5500-exec-10] WARN  o.s.w.s.m.s.DefaultHandlerExceptionResolver - Resolved [org.springframework.web.HttpRequestMethodNotSupportedException: Request method 'GET' is not supported]
2026-05-06 11:16:02 [http-nio-5500-exec-4] WARN  o.s.w.s.m.s.DefaultHandlerExceptionResolver - Resolved [org.springframework.web.HttpRequestMethodNotSupportedException: Request method 'GET' is not supported]
2026-05-06 11:16:03 [http-nio-5500-exec-6] WARN  o.s.w.s.m.s.DefaultHandlerExceptionResolver - Resolved [org.springframework.web.HttpRequestMethodNotSupportedException: Request method 'GET' is not supported]
2026-05-06 11:16:17 [http-nio-5500-exec-10] WARN  o.s.w.s.m.s.DefaultHandlerExceptionResolver - Resolved [org.springframework.web.HttpRequestMethodNotSupportedException: Request method 'GET' is not supported]
2026-05-06 11:16:18 [http-nio-5500-exec-4] WARN  o.s.w.s.m.s.DefaultHandlerExceptionResolver - Resolved [org.springframework.web.HttpRequestMethodNotSupportedException: Request method 'GET' is not supported]
2026-05-06 11:16:32 [http-nio-5500-exec-5] WARN  o.s.w.s.m.s.DefaultHandlerExceptionResolver - Resolved [org.springframework.web.HttpRequestMethodNotSupportedException: Request method 'GET' is not supported]
2026-05-06 11:16:33 [http-nio-5500-exec-7] WARN  o.s.w.s.m.s.DefaultHandlerExceptionResolver - Resolved [org.springframework.web.HttpRequestMethodNotSupportedException: Request method 'GET' is not supported]
2026-05-06 11:16:44 [scheduling-1] INFO  c.s.engine.TelemetryEngineService - Initiating fleet-wide telemetry cycle...
2026-05-06 11:16:44 [reactor-http-nio-2] INFO  c.s.engine.TelemetryEngineService - Signal Captured: https://agentrouter.org/v1 | Status: 404 | Latency: 190ms
2026-05-06 11:16:44 [reactor-http-nio-12] INFO  c.s.engine.TelemetryEngineService - Signal Captured: http://httpbin.org/status/200 | Status: 200 | Latency: 207ms
2026-05-06 11:16:44 [reactor-http-nio-1] INFO  c.s.engine.TelemetryEngineService - Signal Captured: https://httpbin.org/get | Status: 200 | Latency: 225ms
2026-05-06 11:16:47 [http-nio-5500-exec-10] WARN  o.s.w.s.m.s.DefaultHandlerExceptionResolver - Resolved [org.springframework.web.HttpRequestMethodNotSupportedException: Request method 'GET' is not supported]
2026-05-06 11:16:48 [http-nio-5500-exec-4] WARN  o.s.w.s.m.s.DefaultHandlerExceptionResolver - Resolved [org.springframework.web.HttpRequestMethodNotSupportedException: Request method 'GET' is not supported]
2026-05-06 11:17:02 [http-nio-5500-exec-2] WARN  o.s.w.s.m.s.DefaultHandlerExceptionResolver - Resolved [org.springframework.web.HttpRequestMethodNotSupportedException: Request method 'GET' is not supported]
2026-05-06 11:17:04 [http-nio-5500-exec-5] WARN  o.s.w.s.m.s.DefaultHandlerExceptionResolver - Resolved [org.springframework.web.HttpRequestMethodNotSupportedException: Request method 'GET' is not supported]
2026-05-06 11:17:17 [http-nio-5500-exec-7] WARN  o.s.w.s.m.s.DefaultHandlerExceptionResolver - Resolved [org.springframework.web.HttpRequestMethodNotSupportedException: Request method 'GET' is not supported]
2026-05-06 11:17:19 [http-nio-5500-exec-10] WARN  o.s.w.s.m.s.DefaultHandlerExceptionResolver - Resolved [org.springframework.web.HttpRequestMethodNotSupportedException: Request method 'GET' is not supported]
2026-05-06 11:17:32 [http-nio-5500-exec-4] WARN  o.s.w.s.m.s.DefaultHandlerExceptionResolver - Resolved [org.springframework.web.HttpRequestMethodNotSupportedException: Request method 'GET' is not supported]
2026-05-06 11:17:34 [http-nio-5500-exec-2] WARN  o.s.w.s.m.s.DefaultHandlerExceptionResolver - Resolved [org.springframework.web.HttpRequestMethodNotSupportedException: Request method 'GET' is not supported]
2026-05-06 11:17:44 [scheduling-1] INFO  c.s.engine.TelemetryEngineService - Initiating fleet-wide telemetry cycle...
2026-05-06 11:17:44 [reactor-http-nio-12] WARN  r.n.http.client.HttpClientConnect - [5b4f331b-3, L:/192.168.29.253:60402 ! R:httpbin.org/54.225.113.51:80] The connection observed an error
reactor.netty.http.client.PrematureCloseException: Connection prematurely closed BEFORE response
2026-05-06 11:17:44 [reactor-http-nio-1] WARN  r.n.http.client.HttpClientConnect - [79077f0b-3, L:/192.168.29.253:60403 ! R:httpbin.org/54.225.113.51:443] The connection observed an error
reactor.netty.http.client.PrematureCloseException: Connection prematurely closed BEFORE response
2026-05-06 11:17:44 [reactor-http-nio-12] INFO  c.s.engine.TelemetryEngineService - Signal Captured: http://httpbin.org/status/200 | Status: 500 | Latency: 174ms
2026-05-06 11:17:44 [reactor-http-nio-3] INFO  c.s.engine.TelemetryEngineService - Signal Captured: https://agentrouter.org/v1 | Status: 404 | Latency: 185ms
2026-05-06 11:17:44 [reactor-http-nio-1] INFO  c.s.engine.TelemetryEngineService - Signal Captured: https://httpbin.org/get | Status: 500 | Latency: 193ms
2026-05-06 11:17:47 [http-nio-5500-exec-5] WARN  o.s.w.s.m.s.DefaultHandlerExceptionResolver - Resolved [org.springframework.web.HttpRequestMethodNotSupportedException: Request method 'GET' is not supported]
2026-05-06 11:17:50 [http-nio-5500-exec-7] WARN  o.s.w.s.m.s.DefaultHandlerExceptionResolver - Resolved [org.springframework.web.HttpRequestMethodNotSupportedException: Request method 'GET' is not supported]
2026-05-06 11:18:02 [http-nio-5500-exec-10] WARN  o.s.w.s.m.s.DefaultHandlerExceptionResolver - Resolved [org.springframework.web.HttpRequestMethodNotSupportedException: Request method 'GET' is not supported]
2026-05-06 11:18:05 [http-nio-5500-exec-4] WARN  o.s.w.s.m.s.DefaultHandlerExceptionResolver - Resolved [org.springframework.web.HttpRequestMethodNotSupportedException: Request method 'GET' is not supported]
2026-05-06 11:18:17 [http-nio-5500-exec-2] WARN  o.s.w.s.m.s.DefaultHandlerExceptionResolver - Resolved [org.springframework.web.HttpRequestMethodNotSupportedException: Request method 'GET' is not supported]
2026-05-06 11:18:20 [http-nio-5500-exec-5] WARN  o.s.w.s.m.s.DefaultHandlerExceptionResolver - Resolved [org.springframework.web.HttpRequestMethodNotSupportedException: Request method 'GET' is not supported]
2026-05-06 11:18:32 [http-nio-5500-exec-7] WARN  o.s.w.s.m.s.DefaultHandlerExceptionResolver - Resolved [org.springframework.web.HttpRequestMethodNotSupportedException: Request method 'GET' is not supported]
2026-05-06 11:18:36 [http-nio-5500-exec-10] WARN  o.s.w.s.m.s.DefaultHandlerExceptionResolver - Resolved [org.springframework.web.HttpRequestMethodNotSupportedException: Request method 'GET' is not supported]
2026-05-06 11:18:44 [scheduling-1] INFO  c.s.engine.TelemetryEngineService - Initiating fleet-wide telemetry cycle...
2026-05-06 11:18:44 [reactor-http-nio-4] INFO  c.s.engine.TelemetryEngineService - Signal Captured: https://agentrouter.org/v1 | Status: 404 | Latency: 270ms
2026-05-06 11:18:44 [reactor-http-nio-5] INFO  c.s.engine.TelemetryEngineService - Signal Captured: http://httpbin.org/status/200 | Status: 200 | Latency: 456ms
2026-05-06 11:18:45 [reactor-http-nio-6] INFO  c.s.engine.TelemetryEngineService - Signal Captured: https://httpbin.org/get | Status: 200 | Latency: 1214ms
2026-05-06 11:18:47 [http-nio-5500-exec-4] WARN  o.s.w.s.m.s.DefaultHandlerExceptionResolver - Resolved [org.springframework.web.HttpRequestMethodNotSupportedException: Request method 'GET' is not supported]
2026-05-06 11:18:51 [http-nio-5500-exec-2] WARN  o.s.w.s.m.s.DefaultHandlerExceptionResolver - Resolved [org.springframework.web.HttpRequestMethodNotSupportedException: Request method 'GET' is not supported]
2026-05-06 11:19:02 [http-nio-5500-exec-5] WARN  o.s.w.s.m.s.DefaultHandlerExceptionResolver - Resolved [org.springframework.web.HttpRequestMethodNotSupportedException: Request method 'GET' is not supported]
2026-05-06 11:19:06 [http-nio-5500-exec-7] WARN  o.s.w.s.m.s.DefaultHandlerExceptionResolver - Resolved [org.springframework.web.HttpRequestMethodNotSupportedException: Request method 'GET' is not supported]
2026-05-06 11:19:17 [http-nio-5500-exec-10] WARN  o.s.w.s.m.s.DefaultHandlerExceptionResolver - Resolved [org.springframework.web.HttpRequestMethodNotSupportedException: Request method 'GET' is not supported]
2026-05-06 11:19:22 [http-nio-5500-exec-4] WARN  o.s.w.s.m.s.DefaultHandlerExceptionResolver - Resolved [org.springframework.web.HttpRequestMethodNotSupportedException: Request method 'GET' is not supported]
2026-05-06 11:19:32 [http-nio-5500-exec-2] WARN  o.s.w.s.m.s.DefaultHandlerExceptionResolver - Resolved [org.springframework.web.HttpRequestMethodNotSupportedException: Request method 'GET' is not supported]
2026-05-06 11:19:37 [http-nio-5500-exec-5] WARN  o.s.w.s.m.s.DefaultHandlerExceptionResolver - Resolved [org.springframework.web.HttpRequestMethodNotSupportedException: Request method 'GET' is not supported]
2026-05-06 11:19:44 [scheduling-1] INFO  c.s.engine.TelemetryEngineService - Initiating fleet-wide telemetry cycle...
2026-05-06 11:19:44 [reactor-http-nio-7] INFO  c.s.engine.TelemetryEngineService - Signal Captured: https://agentrouter.org/v1 | Status: 404 | Latency: 183ms
2026-05-06 11:19:44 [reactor-http-nio-5] INFO  c.s.engine.TelemetryEngineService - Signal Captured: http://httpbin.org/status/200 | Status: 200 | Latency: 329ms
2026-05-06 11:19:44 [reactor-http-nio-6] INFO  c.s.engine.TelemetryEngineService - Signal Captured: https://httpbin.org/get | Status: 200 | Latency: 350ms
2026-05-06 11:19:47 [http-nio-5500-exec-7] WARN  o.s.w.s.m.s.DefaultHandlerExceptionResolver - Resolved [org.springframework.web.HttpRequestMethodNotSupportedException: Request method 'GET' is not supported]
2026-05-06 11:19:52 [http-nio-5500-exec-10] WARN  o.s.w.s.m.s.DefaultHandlerExceptionResolver - Resolved [org.springframework.web.HttpRequestMethodNotSupportedException: Request method 'GET' is not supported]
2026-05-06 11:20:02 [http-nio-5500-exec-4] WARN  o.s.w.s.m.s.DefaultHandlerExceptionResolver - Resolved [org.springframework.web.HttpRequestMethodNotSupportedException: Request method 'GET' is not supported]
2026-05-06 11:20:08 [http-nio-5500-exec-2] WARN  o.s.w.s.m.s.DefaultHandlerExceptionResolver - Resolved [org.springframework.web.HttpRequestMethodNotSupportedException: Request method 'GET' is not supported]
2026-05-06 11:20:17 [http-nio-5500-exec-5] WARN  o.s.w.s.m.s.DefaultHandlerExceptionResolver - Resolved [org.springframework.web.HttpRequestMethodNotSupportedException: Request method 'GET' is not supported]
2026-05-06 11:20:23 [http-nio-5500-exec-7] WARN  o.s.w.s.m.s.DefaultHandlerExceptionResolver - Resolved [org.springframework.web.HttpRequestMethodNotSupportedException: Request method 'GET' is not supported]
2026-05-06 11:20:32 [http-nio-5500-exec-10] WARN  o.s.w.s.m.s.DefaultHandlerExceptionResolver - Resolved [org.springframework.web.HttpRequestMethodNotSupportedException: Request method 'GET' is not supported]
2026-05-06 11:20:38 [http-nio-5500-exec-4] WARN  o.s.w.s.m.s.DefaultHandlerExceptionResolver - Resolved [org.springframework.web.HttpRequestMethodNotSupportedException: Request method 'GET' is not supported]
2026-05-06 11:20:44 [scheduling-1] INFO  c.s.engine.TelemetryEngineService - Initiating fleet-wide telemetry cycle...
2026-05-06 11:20:44 [reactor-http-nio-8] INFO  c.s.engine.TelemetryEngineService - Signal Captured: https://agentrouter.org/v1 | Status: 404 | Latency: 196ms
2026-05-06 11:20:44 [reactor-http-nio-6] INFO  c.s.engine.TelemetryEngineService - Signal Captured: https://httpbin.org/get | Status: 200 | Latency: 227ms
2026-05-06 11:20:44 [reactor-http-nio-5] INFO  c.s.engine.TelemetryEngineService - Signal Captured: http://httpbin.org/status/200 | Status: 200 | Latency: 243ms
2026-05-06 11:20:47 [http-nio-5500-exec-2] WARN  o.s.w.s.m.s.DefaultHandlerExceptionResolver - Resolved [org.springframework.web.HttpRequestMethodNotSupportedException: Request method 'GET' is not supported]
2026-05-06 11:20:55 [http-nio-5500-exec-5] WARN  o.s.w.s.m.s.DefaultHandlerExceptionResolver - Resolved [org.springframework.web.HttpRequestMethodNotSupportedException: Request method 'GET' is not supported]
2026-05-06 11:21:02 [http-nio-5500-exec-7] WARN  o.s.w.s.m.s.DefaultHandlerExceptionResolver - Resolved [org.springframework.web.HttpRequestMethodNotSupportedException: Request method 'GET' is not supported]
2026-05-06 11:21:09 [http-nio-5500-exec-10] WARN  o.s.w.s.m.s.DefaultHandlerExceptionResolver - Resolved [org.springframework.web.HttpRequestMethodNotSupportedException: Request method 'GET' is not supported]
2026-05-06 11:21:17 [http-nio-5500-exec-4] WARN  o.s.w.s.m.s.DefaultHandlerExceptionResolver - Resolved [org.springframework.web.HttpRequestMethodNotSupportedException: Request method 'GET' is not supported]
2026-05-06 11:21:24 [http-nio-5500-exec-2] WARN  o.s.w.s.m.s.DefaultHandlerExceptionResolver - Resolved [org.springframework.web.HttpRequestMethodNotSupportedException: Request method 'GET' is not supported]
2026-05-06 11:21:32 [http-nio-5500-exec-5] WARN  o.s.w.s.m.s.DefaultHandlerExceptionResolver - Resolved [org.springframework.web.HttpRequestMethodNotSupportedException: Request method 'GET' is not supported]
2026-05-06 11:21:41 [http-nio-5500-exec-7] WARN  o.s.w.s.m.s.DefaultHandlerExceptionResolver - Resolved [org.springframework.web.HttpRequestMethodNotSupportedException: Request method 'GET' is not supported]
2026-05-06 11:21:44 [scheduling-1] INFO  c.s.engine.TelemetryEngineService - Initiating fleet-wide telemetry cycle...
2026-05-06 11:21:44 [reactor-http-nio-5] INFO  c.s.engine.TelemetryEngineService - Signal Captured: http://httpbin.org/status/200 | Status: 200 | Latency: 211ms
2026-05-06 11:21:44 [reactor-http-nio-9] INFO  c.s.engine.TelemetryEngineService - Signal Captured: https://agentrouter.org/v1 | Status: 404 | Latency: 212ms
2026-05-06 11:21:44 [reactor-http-nio-6] INFO  c.s.engine.TelemetryEngineService - Signal Captured: https://httpbin.org/get | Status: 200 | Latency: 229ms
2026-05-06 11:21:47 [http-nio-5500-exec-10] WARN  o.s.w.s.m.s.DefaultHandlerExceptionResolver - Resolved [org.springframework.web.HttpRequestMethodNotSupportedException: Request method 'GET' is not supported]
2026-05-06 11:21:56 [http-nio-5500-exec-4] WARN  o.s.w.s.m.s.DefaultHandlerExceptionResolver - Resolved [org.springframework.web.HttpRequestMethodNotSupportedException: Request method 'GET' is not supported]
2026-05-06 11:22:02 [http-nio-5500-exec-2] WARN  o.s.w.s.m.s.DefaultHandlerExceptionResolver - Resolved [org.springframework.web.HttpRequestMethodNotSupportedException: Request method 'GET' is not supported]
2026-05-06 11:22:10 [http-nio-5500-exec-5] WARN  o.s.w.s.m.s.DefaultHandlerExceptionResolver - Resolved [org.springframework.web.HttpRequestMethodNotSupportedException: Request method 'GET' is not supported]
2026-05-06 11:22:17 [http-nio-5500-exec-7] WARN  o.s.w.s.m.s.DefaultHandlerExceptionResolver - Resolved [org.springframework.web.HttpRequestMethodNotSupportedException: Request method 'GET' is not supported]
2026-05-06 11:22:25 [http-nio-5500-exec-10] WARN  o.s.w.s.m.s.DefaultHandlerExceptionResolver - Resolved [org.springframework.web.HttpRequestMethodNotSupportedException: Request method 'GET' is not supported]
2026-05-06 11:22:32 [http-nio-5500-exec-4] WARN  o.s.w.s.m.s.DefaultHandlerExceptionResolver - Resolved [org.springframework.web.HttpRequestMethodNotSupportedException: Request method 'GET' is not supported]
2026-05-06 11:22:41 [http-nio-5500-exec-2] WARN  o.s.w.s.m.s.DefaultHandlerExceptionResolver - Resolved [org.springframework.web.HttpRequestMethodNotSupportedException: Request method 'GET' is not supported]
2026-05-06 11:22:44 [scheduling-1] INFO  c.s.engine.TelemetryEngineService - Initiating fleet-wide telemetry cycle...
2026-05-06 11:22:44 [reactor-http-nio-10] INFO  c.s.engine.TelemetryEngineService - Signal Captured: https://agentrouter.org/v1 | Status: 404 | Latency: 185ms
2026-05-06 11:22:44 [reactor-http-nio-5] INFO  c.s.engine.TelemetryEngineService - Signal Captured: http://httpbin.org/status/200 | Status: 200 | Latency: 212ms
2026-05-06 11:22:44 [reactor-http-nio-6] INFO  c.s.engine.TelemetryEngineService - Signal Captured: https://httpbin.org/get | Status: 200 | Latency: 228ms
2026-05-06 11:22:47 [http-nio-5500-exec-5] WARN  o.s.w.s.m.s.DefaultHandlerExceptionResolver - Resolved [org.springframework.web.HttpRequestMethodNotSupportedException: Request method 'GET' is not supported]
2026-05-06 11:22:56 [http-nio-5500-exec-7] WARN  o.s.w.s.m.s.DefaultHandlerExceptionResolver - Resolved [org.springframework.web.HttpRequestMethodNotSupportedException: Request method 'GET' is not supported]
2026-05-06 11:23:02 [http-nio-5500-exec-10] WARN  o.s.w.s.m.s.DefaultHandlerExceptionResolver - Resolved [org.springframework.web.HttpRequestMethodNotSupportedException: Request method 'GET' is not supported]
2026-05-06 11:23:11 [http-nio-5500-exec-4] WARN  o.s.w.s.m.s.DefaultHandlerExceptionResolver - Resolved [org.springframework.web.HttpRequestMethodNotSupportedException: Request method 'GET' is not supported]
2026-05-06 11:23:17 [http-nio-5500-exec-2] WARN  o.s.w.s.m.s.DefaultHandlerExceptionResolver - Resolved [org.springframework.web.HttpRequestMethodNotSupportedException: Request method 'GET' is not supported]
2026-05-06 11:23:27 [http-nio-5500-exec-5] WARN  o.s.w.s.m.s.DefaultHandlerExceptionResolver - Resolved [org.springframework.web.HttpRequestMethodNotSupportedException: Request method 'GET' is not supported]
2026-05-06 11:23:32 [http-nio-5500-exec-7] WARN  o.s.w.s.m.s.DefaultHandlerExceptionResolver - Resolved [org.springframework.web.HttpRequestMethodNotSupportedException: Request method 'GET' is not supported]
2026-05-06 11:23:42 [http-nio-5500-exec-10] WARN  o.s.w.s.m.s.DefaultHandlerExceptionResolver - Resolved [org.springframework.web.HttpRequestMethodNotSupportedException: Request method 'GET' is not supported]
2026-05-06 11:23:44 [scheduling-1] INFO  c.s.engine.TelemetryEngineService - Initiating fleet-wide telemetry cycle...
2026-05-06 11:23:44 [reactor-http-nio-5] WARN  r.n.http.client.HttpClientConnect - [6e93e445-6, L:/192.168.29.253:54201 ! R:httpbin.org/98.83.84.78:80] The connection observed an error
reactor.netty.http.client.PrematureCloseException: Connection prematurely closed BEFORE response
2026-05-06 11:23:44 [reactor-http-nio-11] INFO  c.s.engine.TelemetryEngineService - Signal Captured: https://agentrouter.org/v1 | Status: 404 | Latency: 179ms
2026-05-06 11:23:44 [reactor-http-nio-6] WARN  r.n.http.client.HttpClientConnect - [873ff0a3-6, L:/192.168.29.253:54202 ! R:httpbin.org/98.83.84.78:443] The connection observed an error
reactor.netty.http.client.PrematureCloseException: Connection prematurely closed BEFORE response
2026-05-06 11:23:44 [reactor-http-nio-5] INFO  c.s.engine.TelemetryEngineService - Signal Captured: http://httpbin.org/status/200 | Status: 500 | Latency: 202ms
2026-05-06 11:23:44 [reactor-http-nio-6] INFO  c.s.engine.TelemetryEngineService - Signal Captured: https://httpbin.org/get | Status: 500 | Latency: 211ms
2026-05-06 11:23:47 [http-nio-5500-exec-4] WARN  o.s.w.s.m.s.DefaultHandlerExceptionResolver - Resolved [org.springframework.web.HttpRequestMethodNotSupportedException: Request method 'GET' is not supported]
2026-05-06 11:23:57 [http-nio-5500-exec-2] WARN  o.s.w.s.m.s.DefaultHandlerExceptionResolver - Resolved [org.springframework.web.HttpRequestMethodNotSupportedException: Request method 'GET' is not supported]
2026-05-06 11:24:02 [http-nio-5500-exec-5] WARN  o.s.w.s.m.s.DefaultHandlerExceptionResolver - Resolved [org.springframework.web.HttpRequestMethodNotSupportedException: Request method 'GET' is not supported]
2026-05-06 11:24:12 [http-nio-5500-exec-7] WARN  o.s.w.s.m.s.DefaultHandlerExceptionResolver - Resolved [org.springframework.web.HttpRequestMethodNotSupportedException: Request method 'GET' is not supported]
2026-05-06 11:24:17 [http-nio-5500-exec-10] WARN  o.s.w.s.m.s.DefaultHandlerExceptionResolver - Resolved [org.springframework.web.HttpRequestMethodNotSupportedException: Request method 'GET' is not supported]
2026-05-06 11:24:28 [http-nio-5500-exec-4] WARN  o.s.w.s.m.s.DefaultHandlerExceptionResolver - Resolved [org.springframework.web.HttpRequestMethodNotSupportedException: Request method 'GET' is not supported]
2026-05-06 11:24:32 [http-nio-5500-exec-2] WARN  o.s.w.s.m.s.DefaultHandlerExceptionResolver - Resolved [org.springframework.web.HttpRequestMethodNotSupportedException: Request method 'GET' is not supported]
2026-05-06 11:24:43 [http-nio-5500-exec-5] WARN  o.s.w.s.m.s.DefaultHandlerExceptionResolver - Resolved [org.springframework.web.HttpRequestMethodNotSupportedException: Request method 'GET' is not supported]
2026-05-06 11:24:44 [scheduling-1] INFO  c.s.engine.TelemetryEngineService - Initiating fleet-wide telemetry cycle...
2026-05-06 11:24:44 [reactor-http-nio-12] INFO  c.s.engine.TelemetryEngineService - Signal Captured: https://agentrouter.org/v1 | Status: 404 | Latency: 175ms
2026-05-06 11:24:44 [reactor-http-nio-1] INFO  c.s.engine.TelemetryEngineService - Signal Captured: http://httpbin.org/status/200 | Status: 200 | Latency: 523ms
2026-05-06 11:24:45 [reactor-http-nio-2] INFO  c.s.engine.TelemetryEngineService - Signal Captured: https://httpbin.org/get | Status: 200 | Latency: 988ms
2026-05-06 11:24:47 [http-nio-5500-exec-7] WARN  o.s.w.s.m.s.DefaultHandlerExceptionResolver - Resolved [org.springframework.web.HttpRequestMethodNotSupportedException: Request method 'GET' is not supported]
2026-05-06 11:24:58 [http-nio-5500-exec-10] WARN  o.s.w.s.m.s.DefaultHandlerExceptionResolver - Resolved [org.springframework.web.HttpRequestMethodNotSupportedException: Request method 'GET' is not supported]
2026-05-06 11:25:02 [http-nio-5500-exec-4] WARN  o.s.w.s.m.s.DefaultHandlerExceptionResolver - Resolved [org.springframework.web.HttpRequestMethodNotSupportedException: Request method 'GET' is not supported]
2026-05-06 11:25:13 [http-nio-5500-exec-2] WARN  o.s.w.s.m.s.DefaultHandlerExceptionResolver - Resolved [org.springframework.web.HttpRequestMethodNotSupportedException: Request method 'GET' is not supported]
2026-05-06 11:25:17 [http-nio-5500-exec-5] WARN  o.s.w.s.m.s.DefaultHandlerExceptionResolver - Resolved [org.springframework.web.HttpRequestMethodNotSupportedException: Request method 'GET' is not supported]
2026-05-06 11:25:29 [http-nio-5500-exec-7] WARN  o.s.w.s.m.s.DefaultHandlerExceptionResolver - Resolved [org.springframework.web.HttpRequestMethodNotSupportedException: Request method 'GET' is not supported]
2026-05-06 11:25:32 [http-nio-5500-exec-10] WARN  o.s.w.s.m.s.DefaultHandlerExceptionResolver - Resolved [org.springframework.web.HttpRequestMethodNotSupportedException: Request method 'GET' is not supported]
2026-05-06 11:25:44 [scheduling-1] INFO  c.s.engine.TelemetryEngineService - Initiating fleet-wide telemetry cycle...
2026-05-06 11:25:44 [http-nio-5500-exec-4] WARN  o.s.w.s.m.s.DefaultHandlerExceptionResolver - Resolved [org.springframework.web.HttpRequestMethodNotSupportedException: Request method 'GET' is not supported]
2026-05-06 11:25:44 [reactor-http-nio-3] INFO  c.s.engine.TelemetryEngineService - Signal Captured: https://agentrouter.org/v1 | Status: 404 | Latency: 209ms
2026-05-06 11:25:44 [reactor-http-nio-2] INFO  c.s.engine.TelemetryEngineService - Signal Captured: https://httpbin.org/get | Status: 200 | Latency: 221ms
2026-05-06 11:25:44 [reactor-http-nio-1] INFO  c.s.engine.TelemetryEngineService - Signal Captured: http://httpbin.org/status/200 | Status: 200 | Latency: 232ms
2026-05-06 11:25:47 [http-nio-5500-exec-2] WARN  o.s.w.s.m.s.DefaultHandlerExceptionResolver - Resolved [org.springframework.web.HttpRequestMethodNotSupportedException: Request method 'GET' is not supported]
2026-05-06 11:25:59 [http-nio-5500-exec-5] WARN  o.s.w.s.m.s.DefaultHandlerExceptionResolver - Resolved [org.springframework.web.HttpRequestMethodNotSupportedException: Request method 'GET' is not supported]
2026-05-06 11:26:02 [http-nio-5500-exec-7] WARN  o.s.w.s.m.s.DefaultHandlerExceptionResolver - Resolved [org.springframework.web.HttpRequestMethodNotSupportedException: Request method 'GET' is not supported]
2026-05-06 11:26:14 [http-nio-5500-exec-10] WARN  o.s.w.s.m.s.DefaultHandlerExceptionResolver - Resolved [org.springframework.web.HttpRequestMethodNotSupportedException: Request method 'GET' is not supported]
2026-05-06 11:26:17 [http-nio-5500-exec-4] WARN  o.s.w.s.m.s.DefaultHandlerExceptionResolver - Resolved [org.springframework.web.HttpRequestMethodNotSupportedException: Request method 'GET' is not supported]
2026-05-06 11:26:30 [http-nio-5500-exec-2] WARN  o.s.w.s.m.s.DefaultHandlerExceptionResolver - Resolved [org.springframework.web.HttpRequestMethodNotSupportedException: Request method 'GET' is not supported]
2026-05-06 11:26:32 [http-nio-5500-exec-5] WARN  o.s.w.s.m.s.DefaultHandlerExceptionResolver - Resolved [org.springframework.web.HttpRequestMethodNotSupportedException: Request method 'GET' is not supported]
2026-05-06 11:26:44 [scheduling-1] INFO  c.s.engine.TelemetryEngineService - Initiating fleet-wide telemetry cycle...
2026-05-06 11:26:44 [reactor-http-nio-4] INFO  c.s.engine.TelemetryEngineService - Signal Captured: https://agentrouter.org/v1 | Status: 404 | Latency: 186ms
2026-05-06 11:26:44 [reactor-http-nio-1] INFO  c.s.engine.TelemetryEngineService - Signal Captured: http://httpbin.org/status/200 | Status: 200 | Latency: 233ms
2026-05-06 11:26:44 [reactor-http-nio-2] INFO  c.s.engine.TelemetryEngineService - Signal Captured: https://httpbin.org/get | Status: 200 | Latency: 341ms
2026-05-06 11:26:45 [http-nio-5500-exec-7] WARN  o.s.w.s.m.s.DefaultHandlerExceptionResolver - Resolved [org.springframework.web.HttpRequestMethodNotSupportedException: Request method 'GET' is not supported]
2026-05-06 11:26:47 [http-nio-5500-exec-10] WARN  o.s.w.s.m.s.DefaultHandlerExceptionResolver - Resolved [org.springframework.web.HttpRequestMethodNotSupportedException: Request method 'GET' is not supported]
2026-05-06 11:27:00 [http-nio-5500-exec-4] WARN  o.s.w.s.m.s.DefaultHandlerExceptionResolver - Resolved [org.springframework.web.HttpRequestMethodNotSupportedException: Request method 'GET' is not supported]
2026-05-06 11:27:02 [http-nio-5500-exec-2] WARN  o.s.w.s.m.s.DefaultHandlerExceptionResolver - Resolved [org.springframework.web.HttpRequestMethodNotSupportedException: Request method 'GET' is not supported]
2026-05-06 11:27:16 [http-nio-5500-exec-5] WARN  o.s.w.s.m.s.DefaultHandlerExceptionResolver - Resolved [org.springframework.web.HttpRequestMethodNotSupportedException: Request method 'GET' is not supported]
2026-05-06 11:27:17 [http-nio-5500-exec-7] WARN  o.s.w.s.m.s.DefaultHandlerExceptionResolver - Resolved [org.springframework.web.HttpRequestMethodNotSupportedException: Request method 'GET' is not supported]
2026-05-06 11:27:31 [http-nio-5500-exec-10] WARN  o.s.w.s.m.s.DefaultHandlerExceptionResolver - Resolved [org.springframework.web.HttpRequestMethodNotSupportedException: Request method 'GET' is not supported]
2026-05-06 11:27:32 [http-nio-5500-exec-4] WARN  o.s.w.s.m.s.DefaultHandlerExceptionResolver - Resolved [org.springframework.web.HttpRequestMethodNotSupportedException: Request method 'GET' is not supported]
2026-05-06 11:27:44 [scheduling-1] INFO  c.s.engine.TelemetryEngineService - Initiating fleet-wide telemetry cycle...
2026-05-06 11:27:44 [reactor-http-nio-5] INFO  c.s.engine.TelemetryEngineService - Signal Captured: https://agentrouter.org/v1 | Status: 404 | Latency: 199ms
2026-05-06 11:27:44 [reactor-http-nio-2] INFO  c.s.engine.TelemetryEngineService - Signal Captured: https://httpbin.org/get | Status: 200 | Latency: 216ms
2026-05-06 11:27:44 [reactor-http-nio-1] INFO  c.s.engine.TelemetryEngineService - Signal Captured: http://httpbin.org/status/200 | Status: 200 | Latency: 232ms
2026-05-06 11:27:46 [http-nio-5500-exec-2] WARN  o.s.w.s.m.s.DefaultHandlerExceptionResolver - Resolved [org.springframework.web.HttpRequestMethodNotSupportedException: Request method 'GET' is not supported]
2026-05-06 11:27:47 [http-nio-5500-exec-5] WARN  o.s.w.s.m.s.DefaultHandlerExceptionResolver - Resolved [org.springframework.web.HttpRequestMethodNotSupportedException: Request method 'GET' is not supported]
2026-05-06 11:28:01 [http-nio-5500-exec-7] WARN  o.s.w.s.m.s.DefaultHandlerExceptionResolver - Resolved [org.springframework.web.HttpRequestMethodNotSupportedException: Request method 'GET' is not supported]
2026-05-06 11:28:02 [http-nio-5500-exec-10] WARN  o.s.w.s.m.s.DefaultHandlerExceptionResolver - Resolved [org.springframework.web.HttpRequestMethodNotSupportedException: Request method 'GET' is not supported]
2026-05-06 11:28:17 [http-nio-5500-exec-4] WARN  o.s.w.s.m.s.DefaultHandlerExceptionResolver - Resolved [org.springframework.web.HttpRequestMethodNotSupportedException: Request method 'GET' is not supported]
2026-05-06 11:28:17 [http-nio-5500-exec-2] WARN  o.s.w.s.m.s.DefaultHandlerExceptionResolver - Resolved [org.springframework.web.HttpRequestMethodNotSupportedException: Request method 'GET' is not supported]
2026-05-06 11:28:32 [http-nio-5500-exec-5] WARN  o.s.w.s.m.s.DefaultHandlerExceptionResolver - Resolved [org.springframework.web.HttpRequestMethodNotSupportedException: Request method 'GET' is not supported]
2026-05-06 11:28:32 [http-nio-5500-exec-7] WARN  o.s.w.s.m.s.DefaultHandlerExceptionResolver - Resolved [org.springframework.web.HttpRequestMethodNotSupportedException: Request method 'GET' is not supported]
2026-05-06 11:28:44 [scheduling-1] INFO  c.s.engine.TelemetryEngineService - Initiating fleet-wide telemetry cycle...
2026-05-06 11:28:44 [reactor-http-nio-2] INFO  c.s.engine.TelemetryEngineService - Signal Captured: https://httpbin.org/get | Status: 200 | Latency: 215ms
2026-05-06 11:28:44 [reactor-http-nio-1] WARN  r.n.http.client.HttpClientConnect - [23ec1d77-5, L:/192.168.29.253:56029 - R:httpbin.org/54.198.84.224:80] The connection observed an error
java.io.IOException: An established connection was aborted by the software in your host machine
	at java.base/sun.nio.ch.SocketDispatcher.read0(Native Method)
	at java.base/sun.nio.ch.SocketDispatcher.read(SocketDispatcher.java:46)
	at java.base/sun.nio.ch.IOUtil.readIntoNativeBuffer(IOUtil.java:330)
	at java.base/sun.nio.ch.IOUtil.read(IOUtil.java:284)
	at java.base/sun.nio.ch.IOUtil.read(IOUtil.java:259)
	at java.base/sun.nio.ch.SocketChannelImpl.read(SocketChannelImpl.java:417)
	at io.netty.buffer.PooledByteBuf.setBytes(PooledByteBuf.java:255)
	at io.netty.buffer.AbstractByteBuf.writeBytes(AbstractByteBuf.java:1132)
	at io.netty.channel.socket.nio.NioSocketChannel.doReadBytes(NioSocketChannel.java:357)
	at io.netty.channel.nio.AbstractNioByteChannel$NioByteUnsafe.read(AbstractNioByteChannel.java:151)
	at io.netty.channel.nio.NioEventLoop.processSelectedKey(NioEventLoop.java:788)
	at io.netty.channel.nio.NioEventLoop.processSelectedKeysOptimized(NioEventLoop.java:724)
	at io.netty.channel.nio.NioEventLoop.processSelectedKeys(NioEventLoop.java:650)
	at io.netty.channel.nio.NioEventLoop.run(NioEventLoop.java:562)
	at io.netty.util.concurrent.SingleThreadEventExecutor$4.run(SingleThreadEventExecutor.java:997)
	at io.netty.util.internal.ThreadExecutorMap$2.run(ThreadExecutorMap.java:74)
	at io.netty.util.concurrent.FastThreadLocalRunnable.run(FastThreadLocalRunnable.java:30)
	at java.base/java.lang.Thread.run(Thread.java:842)
2026-05-06 11:28:44 [reactor-http-nio-6] INFO  c.s.engine.TelemetryEngineService - Signal Captured: https://agentrouter.org/v1 | Status: 404 | Latency: 227ms
2026-05-06 11:28:44 [reactor-http-nio-1] INFO  c.s.engine.TelemetryEngineService - Signal Captured: http://httpbin.org/status/200 | Status: 500 | Latency: 259ms
2026-05-06 11:28:47 [http-nio-5500-exec-10] WARN  o.s.w.s.m.s.DefaultHandlerExceptionResolver - Resolved [org.springframework.web.HttpRequestMethodNotSupportedException: Request method 'GET' is not supported]
2026-05-06 11:28:47 [http-nio-5500-exec-4] WARN  o.s.w.s.m.s.DefaultHandlerExceptionResolver - Resolved [org.springframework.web.HttpRequestMethodNotSupportedException: Request method 'GET' is not supported]
2026-05-06 11:29:02 [http-nio-5500-exec-2] WARN  o.s.w.s.m.s.DefaultHandlerExceptionResolver - Resolved [org.springframework.web.HttpRequestMethodNotSupportedException: Request method 'GET' is not supported]
2026-05-06 11:29:03 [http-nio-5500-exec-5] WARN  o.s.w.s.m.s.DefaultHandlerExceptionResolver - Resolved [org.springframework.web.HttpRequestMethodNotSupportedException: Request method 'GET' is not supported]
2026-05-06 11:29:17 [http-nio-5500-exec-7] WARN  o.s.w.s.m.s.DefaultHandlerExceptionResolver - Resolved [org.springframework.web.HttpRequestMethodNotSupportedException: Request method 'GET' is not supported]
2026-05-06 11:29:18 [http-nio-5500-exec-10] WARN  o.s.w.s.m.s.DefaultHandlerExceptionResolver - Resolved [org.springframework.web.HttpRequestMethodNotSupportedException: Request method 'GET' is not supported]
2026-05-06 11:29:32 [http-nio-5500-exec-4] WARN  o.s.w.s.m.s.DefaultHandlerExceptionResolver - Resolved [org.springframework.web.HttpRequestMethodNotSupportedException: Request method 'GET' is not supported]
2026-05-06 11:29:33 [http-nio-5500-exec-2] WARN  o.s.w.s.m.s.DefaultHandlerExceptionResolver - Resolved [org.springframework.web.HttpRequestMethodNotSupportedException: Request method 'GET' is not supported]
2026-05-06 11:29:44 [scheduling-1] INFO  c.s.engine.TelemetryEngineService - Initiating fleet-wide telemetry cycle...
2026-05-06 11:29:44 [reactor-http-nio-7] INFO  c.s.engine.TelemetryEngineService - Signal Captured: https://agentrouter.org/v1 | Status: 404 | Latency: 217ms
2026-05-06 11:29:44 [reactor-http-nio-2] INFO  c.s.engine.TelemetryEngineService - Signal Captured: https://httpbin.org/get | Status: 200 | Latency: 217ms
2026-05-06 11:29:44 [reactor-http-nio-8] INFO  c.s.engine.TelemetryEngineService - Signal Captured: http://httpbin.org/status/200 | Status: 200 | Latency: 441ms
2026-05-06 11:29:47 [http-nio-5500-exec-5] WARN  o.s.w.s.m.s.DefaultHandlerExceptionResolver - Resolved [org.springframework.web.HttpRequestMethodNotSupportedException: Request method 'GET' is not supported]
2026-05-06 11:29:48 [http-nio-5500-exec-7] WARN  o.s.w.s.m.s.DefaultHandlerExceptionResolver - Resolved [org.springframework.web.HttpRequestMethodNotSupportedException: Request method 'GET' is not supported]
2026-05-06 11:30:02 [http-nio-5500-exec-10] WARN  o.s.w.s.m.s.DefaultHandlerExceptionResolver - Resolved [org.springframework.web.HttpRequestMethodNotSupportedException: Request method 'GET' is not supported]
2026-05-06 11:30:04 [http-nio-5500-exec-4] WARN  o.s.w.s.m.s.DefaultHandlerExceptionResolver - Resolved [org.springframework.web.HttpRequestMethodNotSupportedException: Request method 'GET' is not supported]
2026-05-06 11:30:17 [http-nio-5500-exec-2] WARN  o.s.w.s.m.s.DefaultHandlerExceptionResolver - Resolved [org.springframework.web.HttpRequestMethodNotSupportedException: Request method 'GET' is not supported]
2026-05-06 11:30:19 [http-nio-5500-exec-5] WARN  o.s.w.s.m.s.DefaultHandlerExceptionResolver - Resolved [org.springframework.web.HttpRequestMethodNotSupportedException: Request method 'GET' is not supported]
2026-05-06 11:30:32 [http-nio-5500-exec-7] WARN  o.s.w.s.m.s.DefaultHandlerExceptionResolver - Resolved [org.springframework.web.HttpRequestMethodNotSupportedException: Request method 'GET' is not supported]
2026-05-06 11:30:35 [http-nio-5500-exec-10] WARN  o.s.w.s.m.s.DefaultHandlerExceptionResolver - Resolved [org.springframework.web.HttpRequestMethodNotSupportedException: Request method 'GET' is not supported]
2026-05-06 11:30:44 [scheduling-1] INFO  c.s.engine.TelemetryEngineService - Initiating fleet-wide telemetry cycle...
2026-05-06 11:30:44 [reactor-http-nio-2] WARN  r.n.http.client.HttpClientConnect - [38b3fa98-7, L:/192.168.29.253:56030 ! R:httpbin.org/54.198.84.224:443] The connection observed an error
reactor.netty.http.client.PrematureCloseException: Connection prematurely closed BEFORE response
2026-05-06 11:30:44 [reactor-http-nio-9] INFO  c.s.engine.TelemetryEngineService - Signal Captured: https://agentrouter.org/v1 | Status: 404 | Latency: 202ms
2026-05-06 11:30:44 [reactor-http-nio-8] INFO  c.s.engine.TelemetryEngineService - Signal Captured: http://httpbin.org/status/200 | Status: 200 | Latency: 231ms
2026-05-06 11:30:44 [reactor-http-nio-2] INFO  c.s.engine.TelemetryEngineService - Signal Captured: https://httpbin.org/get | Status: 500 | Latency: 235ms
2026-05-06 11:30:47 [http-nio-5500-exec-4] WARN  o.s.w.s.m.s.DefaultHandlerExceptionResolver - Resolved [org.springframework.web.HttpRequestMethodNotSupportedException: Request method 'GET' is not supported]
2026-05-06 11:30:49 [http-nio-5500-exec-6] WARN  o.s.w.s.m.s.DefaultHandlerExceptionResolver - Resolved [org.springframework.web.HttpRequestMethodNotSupportedException: Request method 'GET' is not supported]
2026-05-06 11:30:49 [http-nio-5500-exec-2] WARN  o.s.w.s.m.s.DefaultHandlerExceptionResolver - Resolved [org.springframework.web.HttpRequestMethodNotSupportedException: Request method 'GET' is not supported]
2026-05-06 11:30:51 [http-nio-5500-exec-5] WARN  o.s.w.s.m.s.DefaultHandlerExceptionResolver - Resolved [org.springframework.web.HttpRequestMethodNotSupportedException: Request method 'GET' is not supported]
2026-05-06 11:31:02 [http-nio-5500-exec-7] WARN  o.s.w.s.m.s.DefaultHandlerExceptionResolver - Resolved [org.springframework.web.HttpRequestMethodNotSupportedException: Request method 'GET' is not supported]
2026-05-06 11:31:04 [http-nio-5500-exec-8] WARN  o.s.w.s.m.s.DefaultHandlerExceptionResolver - Resolved [org.springframework.web.HttpRequestMethodNotSupportedException: Request method 'GET' is not supported]
2026-05-06 11:31:06 [http-nio-5500-exec-1] WARN  o.s.w.s.m.s.DefaultHandlerExceptionResolver - Resolved [org.springframework.web.HttpRequestMethodNotSupportedException: Request method 'GET' is not supported]
2026-05-06 11:31:17 [http-nio-5500-exec-6] WARN  o.s.w.s.m.s.DefaultHandlerExceptionResolver - Resolved [org.springframework.web.HttpRequestMethodNotSupportedException: Request method 'GET' is not supported]
2026-05-06 11:31:19 [http-nio-5500-exec-2] WARN  o.s.w.s.m.s.DefaultHandlerExceptionResolver - Resolved [org.springframework.web.HttpRequestMethodNotSupportedException: Request method 'GET' is not supported]
2026-05-06 11:31:21 [http-nio-5500-exec-5] WARN  o.s.w.s.m.s.DefaultHandlerExceptionResolver - Resolved [org.springframework.web.HttpRequestMethodNotSupportedException: Request method 'GET' is not supported]
2026-05-06 11:31:24 [reactor-http-nio-10] INFO  c.s.engine.TelemetryEngineService - Signal Captured: https://jsonplaceholder.typicode.com/posts | Status: 200 | Latency: 666ms
2026-05-06 11:31:24 [http-nio-5500-exec-10] WARN  o.s.w.s.m.s.DefaultHandlerExceptionResolver - Resolved [org.springframework.web.HttpRequestMethodNotSupportedException: Request method 'GET' is not supported]
2026-05-06 11:31:32 [http-nio-5500-exec-4] WARN  o.s.w.s.m.s.DefaultHandlerExceptionResolver - Resolved [org.springframework.web.HttpRequestMethodNotSupportedException: Request method 'GET' is not supported]
2026-05-06 11:31:34 [http-nio-5500-exec-6] WARN  o.s.w.s.m.s.DefaultHandlerExceptionResolver - Resolved [org.springframework.web.HttpRequestMethodNotSupportedException: Request method 'GET' is not supported]
2026-05-06 11:31:36 [http-nio-5500-exec-3] WARN  o.s.w.s.m.s.DefaultHandlerExceptionResolver - Resolved [org.springframework.web.HttpRequestMethodNotSupportedException: Request method 'GET' is not supported]
2026-05-06 11:31:44 [scheduling-1] INFO  c.s.engine.TelemetryEngineService - Initiating fleet-wide telemetry cycle...
2026-05-06 11:31:44 [reactor-http-nio-11] INFO  c.s.engine.TelemetryEngineService - Signal Captured: https://agentrouter.org/v1 | Status: 404 | Latency: 180ms
2026-05-06 11:31:44 [reactor-http-nio-8] WARN  r.n.http.client.HttpClientConnect - [6bcfdf76-3, L:/192.168.29.253:56321 ! R:httpbin.org/54.225.113.51:80] The connection observed an error
reactor.netty.http.client.PrematureCloseException: Connection prematurely closed BEFORE response
2026-05-06 11:31:44 [reactor-http-nio-10] INFO  c.s.engine.TelemetryEngineService - Signal Captured: https://jsonplaceholder.typicode.com/posts | Status: 200 | Latency: 193ms
2026-05-06 11:31:44 [reactor-http-nio-8] INFO  c.s.engine.TelemetryEngineService - Signal Captured: http://httpbin.org/status/200 | Status: 500 | Latency: 215ms
2026-05-06 11:31:45 [reactor-http-nio-12] INFO  c.s.engine.TelemetryEngineService - Signal Captured: https://httpbin.org/get | Status: 200 | Latency: 937ms
2026-05-06 11:31:47 [http-nio-5500-exec-9] WARN  o.s.w.s.m.s.DefaultHandlerExceptionResolver - Resolved [org.springframework.web.HttpRequestMethodNotSupportedException: Request method 'GET' is not supported]
2026-05-06 11:31:49 [http-nio-5500-exec-7] WARN  o.s.w.s.m.s.DefaultHandlerExceptionResolver - Resolved [org.springframework.web.HttpRequestMethodNotSupportedException: Request method 'GET' is not supported]
2026-05-06 11:31:52 [http-nio-5500-exec-10] WARN  o.s.w.s.m.s.DefaultHandlerExceptionResolver - Resolved [org.springframework.web.HttpRequestMethodNotSupportedException: Request method 'GET' is not supported]
2026-05-06 11:32:02 [http-nio-5500-exec-4] WARN  o.s.w.s.m.s.DefaultHandlerExceptionResolver - Resolved [org.springframework.web.HttpRequestMethodNotSupportedException: Request method 'GET' is not supported]
2026-05-06 11:32:04 [http-nio-5500-exec-6] WARN  o.s.w.s.m.s.DefaultHandlerExceptionResolver - Resolved [org.springframework.web.HttpRequestMethodNotSupportedException: Request method 'GET' is not supported]
2026-05-06 11:32:07 [http-nio-5500-exec-3] WARN  o.s.w.s.m.s.DefaultHandlerExceptionResolver - Resolved [org.springframework.web.HttpRequestMethodNotSupportedException: Request method 'GET' is not supported]
2026-05-06 11:32:17 [http-nio-5500-exec-9] WARN  o.s.w.s.m.s.DefaultHandlerExceptionResolver - Resolved [org.springframework.web.HttpRequestMethodNotSupportedException: Request method 'GET' is not supported]
2026-05-06 11:32:21 [http-nio-5500-exec-7] WARN  o.s.w.s.m.s.DefaultHandlerExceptionResolver - Resolved [org.springframework.web.HttpRequestMethodNotSupportedException: Request method 'GET' is not supported]
2026-05-06 11:32:21 [http-nio-5500-exec-8] WARN  o.s.w.s.m.s.DefaultHandlerExceptionResolver - Resolved [org.springframework.web.HttpRequestMethodNotSupportedException: Request method 'GET' is not supported]
2026-05-06 11:32:23 [http-nio-5500-exec-1] WARN  o.s.w.s.m.s.DefaultHandlerExceptionResolver - Resolved [org.springframework.web.HttpRequestMethodNotSupportedException: Request method 'GET' is not supported]
2026-05-06 11:32:32 [http-nio-5500-exec-6] WARN  o.s.w.s.m.s.DefaultHandlerExceptionResolver - Resolved [org.springframework.web.HttpRequestMethodNotSupportedException: Request method 'GET' is not supported]
2026-05-06 11:32:36 [http-nio-5500-exec-2] WARN  o.s.w.s.m.s.DefaultHandlerExceptionResolver - Resolved [org.springframework.web.HttpRequestMethodNotSupportedException: Request method 'GET' is not supported]
2026-05-06 11:32:39 [http-nio-5500-exec-5] WARN  o.s.w.s.m.s.DefaultHandlerExceptionResolver - Resolved [org.springframework.web.HttpRequestMethodNotSupportedException: Request method 'GET' is not supported]
2026-05-06 11:32:44 [scheduling-1] INFO  c.s.engine.TelemetryEngineService - Initiating fleet-wide telemetry cycle...
2026-05-06 11:32:44 [reactor-http-nio-1] INFO  c.s.engine.TelemetryEngineService - Signal Captured: https://agentrouter.org/v1 | Status: 404 | Latency: 215ms
2026-05-06 11:32:44 [reactor-http-nio-12] INFO  c.s.engine.TelemetryEngineService - Signal Captured: https://httpbin.org/get | Status: 200 | Latency: 227ms
2026-05-06 11:32:44 [reactor-http-nio-10] INFO  c.s.engine.TelemetryEngineService - Signal Captured: https://jsonplaceholder.typicode.com/posts | Status: 200 | Latency: 246ms
2026-05-06 11:32:44 [reactor-http-nio-2] INFO  c.s.engine.TelemetryEngineService - Signal Captured: http://httpbin.org/status/200 | Status: 200 | Latency: 442ms
2026-05-06 11:32:47 [http-nio-5500-exec-7] WARN  o.s.w.s.m.s.DefaultHandlerExceptionResolver - Resolved [org.springframework.web.HttpRequestMethodNotSupportedException: Request method 'GET' is not supported]
2026-05-06 11:32:51 [http-nio-5500-exec-8] WARN  o.s.w.s.m.s.DefaultHandlerExceptionResolver - Resolved [org.springframework.web.HttpRequestMethodNotSupportedException: Request method 'GET' is not supported]
2026-05-06 11:32:54 [http-nio-5500-exec-1] WARN  o.s.w.s.m.s.DefaultHandlerExceptionResolver - Resolved [org.springframework.web.HttpRequestMethodNotSupportedException: Request method 'GET' is not supported]
2026-05-06 11:32:57 [reactor-http-nio-10] INFO  c.s.engine.TelemetryEngineService - Signal Captured: https://jsonplaceholder.typicode.com/posts | Status: 200 | Latency: 238ms
2026-05-06 11:32:57 [http-nio-5500-exec-3] WARN  o.s.w.s.m.s.DefaultHandlerExceptionResolver - Resolved [org.springframework.web.HttpRequestMethodNotSupportedException: Request method 'GET' is not supported]
2026-05-06 11:33:02 [http-nio-5500-exec-5] WARN  o.s.w.s.m.s.DefaultHandlerExceptionResolver - Resolved [org.springframework.web.HttpRequestMethodNotSupportedException: Request method 'GET' is not supported]
2026-05-06 11:33:06 [http-nio-5500-exec-7] WARN  o.s.w.s.m.s.DefaultHandlerExceptionResolver - Resolved [org.springframework.web.HttpRequestMethodNotSupportedException: Request method 'GET' is not supported]
2026-05-06 11:33:09 [http-nio-5500-exec-10] WARN  o.s.w.s.m.s.DefaultHandlerExceptionResolver - Resolved [org.springframework.web.HttpRequestMethodNotSupportedException: Request method 'GET' is not supported]
2026-05-06 11:33:17 [http-nio-5500-exec-4] WARN  o.s.w.s.m.s.DefaultHandlerExceptionResolver - Resolved [org.springframework.web.HttpRequestMethodNotSupportedException: Request method 'GET' is not supported]
2026-05-06 11:33:21 [http-nio-5500-exec-6] WARN  o.s.w.s.m.s.DefaultHandlerExceptionResolver - Resolved [org.springframework.web.HttpRequestMethodNotSupportedException: Request method 'GET' is not supported]
2026-05-06 11:33:24 [http-nio-5500-exec-3] WARN  o.s.w.s.m.s.DefaultHandlerExceptionResolver - Resolved [org.springframework.web.HttpRequestMethodNotSupportedException: Request method 'GET' is not supported]
2026-05-06 11:33:34 [http-nio-5500-exec-9] WARN  o.s.w.s.m.s.DefaultHandlerExceptionResolver - Resolved [org.springframework.web.HttpRequestMethodNotSupportedException: Request method 'GET' is not supported]
2026-05-06 11:33:36 [http-nio-5500-exec-7] WARN  o.s.w.s.m.s.DefaultHandlerExceptionResolver - Resolved [org.springframework.web.HttpRequestMethodNotSupportedException: Request method 'GET' is not supported]
2026-05-06 11:33:39 [http-nio-5500-exec-10] WARN  o.s.w.s.m.s.DefaultHandlerExceptionResolver - Resolved [org.springframework.web.HttpRequestMethodNotSupportedException: Request method 'GET' is not supported]
2026-05-06 11:33:44 [scheduling-1] INFO  c.s.engine.TelemetryEngineService - Initiating fleet-wide telemetry cycle...
2026-05-06 11:33:44 [reactor-http-nio-3] INFO  c.s.engine.TelemetryEngineService - Signal Captured: https://agentrouter.org/v1 | Status: 404 | Latency: 180ms
2026-05-06 11:33:44 [reactor-http-nio-2] INFO  c.s.engine.TelemetryEngineService - Signal Captured: http://httpbin.org/status/200 | Status: 200 | Latency: 217ms
2026-05-06 11:33:44 [reactor-http-nio-12] INFO  c.s.engine.TelemetryEngineService - Signal Captured: https://httpbin.org/get | Status: 200 | Latency: 227ms
2026-05-06 11:33:44 [reactor-http-nio-10] INFO  c.s.engine.TelemetryEngineService - Signal Captured: https://jsonplaceholder.typicode.com/posts | Status: 200 | Latency: 250ms
2026-05-06 11:33:44 [reactor-http-nio-4] INFO  c.s.engine.TelemetryEngineService - Signal Captured: https://jsonplaceholder.typicode.com/posts | Status: 200 | Latency: 635ms
2026-05-06 11:33:47 [http-nio-5500-exec-4] WARN  o.s.w.s.m.s.DefaultHandlerExceptionResolver - Resolved [org.springframework.web.HttpRequestMethodNotSupportedException: Request method 'GET' is not supported]
2026-05-06 11:33:51 [http-nio-5500-exec-6] WARN  o.s.w.s.m.s.DefaultHandlerExceptionResolver - Resolved [org.springframework.web.HttpRequestMethodNotSupportedException: Request method 'GET' is not supported]
2026-05-06 11:33:55 [http-nio-5500-exec-3] WARN  o.s.w.s.m.s.DefaultHandlerExceptionResolver - Resolved [org.springframework.web.HttpRequestMethodNotSupportedException: Request method 'GET' is not supported]
2026-05-06 11:34:02 [http-nio-5500-exec-9] WARN  o.s.w.s.m.s.DefaultHandlerExceptionResolver - Resolved [org.springframework.web.HttpRequestMethodNotSupportedException: Request method 'GET' is not supported]
2026-05-06 11:34:06 [http-nio-5500-exec-7] WARN  o.s.w.s.m.s.DefaultHandlerExceptionResolver - Resolved [org.springframework.web.HttpRequestMethodNotSupportedException: Request method 'GET' is not supported]
2026-05-06 11:34:10 [http-nio-5500-exec-10] WARN  o.s.w.s.m.s.DefaultHandlerExceptionResolver - Resolved [org.springframework.web.HttpRequestMethodNotSupportedException: Request method 'GET' is not supported]
2026-05-06 11:34:17 [http-nio-5500-exec-4] WARN  o.s.w.s.m.s.DefaultHandlerExceptionResolver - Resolved [org.springframework.web.HttpRequestMethodNotSupportedException: Request method 'GET' is not supported]
2026-05-06 11:34:21 [http-nio-5500-exec-6] WARN  o.s.w.s.m.s.DefaultHandlerExceptionResolver - Resolved [org.springframework.web.HttpRequestMethodNotSupportedException: Request method 'GET' is not supported]
2026-05-06 11:34:23 [http-nio-5500-exec-5] WARN  o.s.w.s.m.s.DefaultHandlerExceptionResolver - Resolved [org.springframework.web.HttpRequestMethodNotSupportedException: Request method 'GET' is not supported]
2026-05-06 11:34:23 [http-nio-5500-exec-9] WARN  o.s.w.s.m.s.DefaultHandlerExceptionResolver - Resolved [org.springframework.web.HttpRequestMethodNotSupportedException: Request method 'GET' is not supported]
2026-05-06 11:34:30 [reactor-http-nio-10] INFO  c.s.engine.TelemetryEngineService - Signal Captured: https://jsonplaceholder.typicode.com/posts | Status: 200 | Latency: 189ms
2026-05-06 11:34:31 [http-nio-5500-exec-1] WARN  o.s.w.s.m.s.DefaultHandlerExceptionResolver - Resolved [org.springframework.web.HttpRequestMethodNotSupportedException: Request method 'GET' is not supported]
2026-05-06 11:34:32 [http-nio-5500-exec-6] WARN  o.s.w.s.m.s.DefaultHandlerExceptionResolver - Resolved [org.springframework.web.HttpRequestMethodNotSupportedException: Request method 'GET' is not supported]
2026-05-06 11:34:36 [http-nio-5500-exec-2] WARN  o.s.w.s.m.s.DefaultHandlerExceptionResolver - Resolved [org.springframework.web.HttpRequestMethodNotSupportedException: Request method 'GET' is not supported]
2026-05-06 11:34:37 [http-nio-5500-exec-5] WARN  o.s.w.s.m.s.DefaultHandlerExceptionResolver - Resolved [org.springframework.web.HttpRequestMethodNotSupportedException: Request method 'GET' is not supported]
2026-05-06 11:34:44 [scheduling-1] INFO  c.s.engine.TelemetryEngineService - Initiating fleet-wide telemetry cycle...
2026-05-06 11:34:44 [reactor-http-nio-5] INFO  c.s.engine.TelemetryEngineService - Signal Captured: https://agentrouter.org/v1 | Status: 404 | Latency: 210ms
2026-05-06 11:34:44 [reactor-http-nio-12] INFO  c.s.engine.TelemetryEngineService - Signal Captured: https://httpbin.org/get | Status: 200 | Latency: 232ms
2026-05-06 11:34:44 [reactor-http-nio-4] INFO  c.s.engine.TelemetryEngineService - Signal Captured: https://jsonplaceholder.typicode.com/posts | Status: 200 | Latency: 252ms
2026-05-06 11:34:44 [reactor-http-nio-10] INFO  c.s.engine.TelemetryEngineService - Signal Captured: https://jsonplaceholder.typicode.com/posts | Status: 200 | Latency: 251ms
2026-05-06 11:34:44 [reactor-http-nio-2] INFO  c.s.engine.TelemetryEngineService - Signal Captured: http://httpbin.org/status/200 | Status: 200 | Latency: 337ms
2026-05-06 11:34:44 [reactor-http-nio-6] INFO  c.s.engine.TelemetryEngineService - Signal Captured: https://jsonplaceholder.typicode.com/posts | Status: 200 | Latency: 467ms
2026-05-06 11:34:47 [http-nio-5500-exec-7] WARN  o.s.w.s.m.s.DefaultHandlerExceptionResolver - Resolved [org.springframework.web.HttpRequestMethodNotSupportedException: Request method 'GET' is not supported]
2026-05-06 11:34:51 [http-nio-5500-exec-8] WARN  o.s.w.s.m.s.DefaultHandlerExceptionResolver - Resolved [org.springframework.web.HttpRequestMethodNotSupportedException: Request method 'GET' is not supported]
2026-05-06 11:34:52 [http-nio-5500-exec-1] WARN  o.s.w.s.m.s.DefaultHandlerExceptionResolver - Resolved [org.springframework.web.HttpRequestMethodNotSupportedException: Request method 'GET' is not supported]
2026-05-06 11:34:55 [reactor-http-nio-4] INFO  c.s.engine.TelemetryEngineService - Signal Captured: https://jsonplaceholder.typicode.com/posts | Status: 200 | Latency: 247ms
2026-05-06 11:34:56 [http-nio-5500-exec-3] WARN  o.s.w.s.m.s.DefaultHandlerExceptionResolver - Resolved [org.springframework.web.HttpRequestMethodNotSupportedException: Request method 'GET' is not supported]
2026-05-06 11:35:02 [http-nio-5500-exec-9] WARN  o.s.w.s.m.s.DefaultHandlerExceptionResolver - Resolved [org.springframework.web.HttpRequestMethodNotSupportedException: Request method 'GET' is not supported]
2026-05-06 11:35:06 [http-nio-5500-exec-7] WARN  o.s.w.s.m.s.DefaultHandlerExceptionResolver - Resolved [org.springframework.web.HttpRequestMethodNotSupportedException: Request method 'GET' is not supported]
2026-05-06 11:35:07 [http-nio-5500-exec-10] WARN  o.s.w.s.m.s.DefaultHandlerExceptionResolver - Resolved [org.springframework.web.HttpRequestMethodNotSupportedException: Request method 'GET' is not supported]
2026-05-06 11:35:17 [http-nio-5500-exec-4] WARN  o.s.w.s.m.s.DefaultHandlerExceptionResolver - Resolved [org.springframework.web.HttpRequestMethodNotSupportedException: Request method 'GET' is not supported]
2026-05-06 11:35:21 [http-nio-5500-exec-6] WARN  o.s.w.s.m.s.DefaultHandlerExceptionResolver - Resolved [org.springframework.web.HttpRequestMethodNotSupportedException: Request method 'GET' is not supported]
2026-05-06 11:35:23 [http-nio-5500-exec-3] WARN  o.s.w.s.m.s.DefaultHandlerExceptionResolver - Resolved [org.springframework.web.HttpRequestMethodNotSupportedException: Request method 'GET' is not supported]
2026-05-06 11:35:32 [http-nio-5500-exec-7] WARN  o.s.w.s.m.s.DefaultHandlerExceptionResolver - Resolved [org.springframework.web.HttpRequestMethodNotSupportedException: Request method 'GET' is not supported]
2026-05-06 11:35:36 [http-nio-5500-exec-8] WARN  o.s.w.s.m.s.DefaultHandlerExceptionResolver - Resolved [org.springframework.web.HttpRequestMethodNotSupportedException: Request method 'GET' is not supported]
2026-05-06 11:35:38 [http-nio-5500-exec-1] WARN  o.s.w.s.m.s.DefaultHandlerExceptionResolver - Resolved [org.springframework.web.HttpRequestMethodNotSupportedException: Request method 'GET' is not supported]
2026-05-06 11:35:44 [scheduling-1] INFO  c.s.engine.TelemetryEngineService - Initiating fleet-wide telemetry cycle...
2026-05-06 11:35:44 [reactor-http-nio-4] INFO  c.s.engine.TelemetryEngineService - Signal Captured: https://jsonplaceholder.typicode.com/posts | Status: 200 | Latency: 147ms
2026-05-06 11:35:44 [reactor-http-nio-10] INFO  c.s.engine.TelemetryEngineService - Signal Captured: https://jsonplaceholder.typicode.com/posts | Status: 200 | Latency: 153ms
2026-05-06 11:35:44 [reactor-http-nio-12] WARN  r.n.http.client.HttpClientConnect - [3efd36b3-5, L:/192.168.29.253:51931 ! R:httpbin.org/44.199.179.5:443] The connection observed an error
reactor.netty.http.client.PrematureCloseException: Connection prematurely closed BEFORE response
2026-05-06 11:35:44 [reactor-http-nio-7] INFO  c.s.engine.TelemetryEngineService - Signal Captured: https://agentrouter.org/v1 | Status: 404 | Latency: 193ms
2026-05-06 11:35:44 [reactor-http-nio-6] INFO  c.s.engine.TelemetryEngineService - Signal Captured: https://jsonplaceholder.typicode.com/posts | Status: 200 | Latency: 196ms
2026-05-06 11:35:44 [reactor-http-nio-2] INFO  c.s.engine.TelemetryEngineService - Signal Captured: http://httpbin.org/status/200 | Status: 200 | Latency: 213ms
2026-05-06 11:35:44 [reactor-http-nio-12] INFO  c.s.engine.TelemetryEngineService - Signal Captured: https://httpbin.org/get | Status: 500 | Latency: 243ms
2026-05-06 11:35:44 [reactor-http-nio-8] INFO  c.s.engine.TelemetryEngineService - Signal Captured: https://jsonplaceholder.typicode.com/posts | Status: 200 | Latency: 503ms
2026-05-06 11:35:47 [http-nio-5500-exec-6] WARN  o.s.w.s.m.s.DefaultHandlerExceptionResolver - Resolved [org.springframework.web.HttpRequestMethodNotSupportedException: Request method 'GET' is not supported]
2026-05-06 11:35:51 [http-nio-5500-exec-2] WARN  o.s.w.s.m.s.DefaultHandlerExceptionResolver - Resolved [org.springframework.web.HttpRequestMethodNotSupportedException: Request method 'GET' is not supported]
2026-05-06 11:35:53 [http-nio-5500-exec-5] WARN  o.s.w.s.m.s.DefaultHandlerExceptionResolver - Resolved [org.springframework.web.HttpRequestMethodNotSupportedException: Request method 'GET' is not supported]
2026-05-06 11:36:02 [http-nio-5500-exec-7] WARN  o.s.w.s.m.s.DefaultHandlerExceptionResolver - Resolved [org.springframework.web.HttpRequestMethodNotSupportedException: Request method 'GET' is not supported]
2026-05-06 11:36:06 [http-nio-5500-exec-8] WARN  o.s.w.s.m.s.DefaultHandlerExceptionResolver - Resolved [org.springframework.web.HttpRequestMethodNotSupportedException: Request method 'GET' is not supported]
2026-05-06 11:36:08 [http-nio-5500-exec-1] WARN  o.s.w.s.m.s.DefaultHandlerExceptionResolver - Resolved [org.springframework.web.HttpRequestMethodNotSupportedException: Request method 'GET' is not supported]
2026-05-06 11:36:17 [http-nio-5500-exec-6] WARN  o.s.w.s.m.s.DefaultHandlerExceptionResolver - Resolved [org.springframework.web.HttpRequestMethodNotSupportedException: Request method 'GET' is not supported]
2026-05-06 11:36:21 [http-nio-5500-exec-2] WARN  o.s.w.s.m.s.DefaultHandlerExceptionResolver - Resolved [org.springframework.web.HttpRequestMethodNotSupportedException: Request method 'GET' is not supported]
2026-05-06 11:36:23 [http-nio-5500-exec-5] WARN  o.s.w.s.m.s.DefaultHandlerExceptionResolver - Resolved [org.springframework.web.HttpRequestMethodNotSupportedException: Request method 'GET' is not supported]
2026-05-06 11:36:32 [http-nio-5500-exec-7] WARN  o.s.w.s.m.s.DefaultHandlerExceptionResolver - Resolved [org.springframework.web.HttpRequestMethodNotSupportedException: Request method 'GET' is not supported]
2026-05-06 11:36:36 [http-nio-5500-exec-8] WARN  o.s.w.s.m.s.DefaultHandlerExceptionResolver - Resolved [org.springframework.web.HttpRequestMethodNotSupportedException: Request method 'GET' is not supported]
2026-05-06 11:36:38 [http-nio-5500-exec-1] WARN  o.s.w.s.m.s.DefaultHandlerExceptionResolver - Resolved [org.springframework.web.HttpRequestMethodNotSupportedException: Request method 'GET' is not supported]
2026-05-06 11:36:44 [scheduling-1] INFO  c.s.engine.TelemetryEngineService - Initiating fleet-wide telemetry cycle...
2026-05-06 11:36:44 [reactor-http-nio-2] INFO  c.s.engine.TelemetryEngineService - Signal Captured: http://httpbin.org/status/200 | Status: 200 | Latency: 256ms
2026-05-06 11:36:44 [reactor-http-nio-6] INFO  c.s.engine.TelemetryEngineService - Signal Captured: https://jsonplaceholder.typicode.com/posts | Status: 200 | Latency: 224ms
2026-05-06 11:36:44 [reactor-http-nio-4] INFO  c.s.engine.TelemetryEngineService - Signal Captured: https://jsonplaceholder.typicode.com/posts | Status: 200 | Latency: 249ms
2026-05-06 11:36:44 [reactor-http-nio-9] INFO  c.s.engine.TelemetryEngineService - Signal Captured: https://agentrouter.org/v1 | Status: 404 | Latency: 298ms
2026-05-06 11:36:44 [reactor-http-nio-10] INFO  c.s.engine.TelemetryEngineService - Signal Captured: https://jsonplaceholder.typicode.com/posts | Status: 200 | Latency: 262ms
2026-05-06 11:36:45 [reactor-http-nio-8] INFO  c.s.engine.TelemetryEngineService - Signal Captured: https://jsonplaceholder.typicode.com/posts | Status: 200 | Latency: 256ms
2026-05-06 11:36:45 [reactor-http-nio-10] INFO  c.s.engine.TelemetryEngineService - Signal Captured: https://httpbin.org/get | Status: 200 | Latency: 1204ms
2026-05-06 11:36:47 [http-nio-5500-exec-6] WARN  o.s.w.s.m.s.DefaultHandlerExceptionResolver - Resolved [org.springframework.web.HttpRequestMethodNotSupportedException: Request method 'GET' is not supported]
2026-05-06 11:36:51 [http-nio-5500-exec-2] WARN  o.s.w.s.m.s.DefaultHandlerExceptionResolver - Resolved [org.springframework.web.HttpRequestMethodNotSupportedException: Request method 'GET' is not supported]
2026-05-06 11:36:53 [http-nio-5500-exec-5] WARN  o.s.w.s.m.s.DefaultHandlerExceptionResolver - Resolved [org.springframework.web.HttpRequestMethodNotSupportedException: Request method 'GET' is not supported]
2026-05-06 11:37:00 [http-nio-5500-exec-7] WARN  o.s.w.s.m.s.DefaultHandlerExceptionResolver - Resolved [org.springframework.web.HttpRequestMethodNotSupportedException: Request method 'GET' is not supported]
2026-05-06 11:37:00 [http-nio-5500-exec-8] WARN  o.s.w.s.m.s.DefaultHandlerExceptionResolver - Resolved [org.springframework.web.HttpRequestMethodNotSupportedException: Request method 'GET' is not supported]
2026-05-06 11:37:02 [http-nio-5500-exec-10] WARN  o.s.w.s.m.s.DefaultHandlerExceptionResolver - Resolved [org.springframework.web.HttpRequestMethodNotSupportedException: Request method 'GET' is not supported]
2026-05-06 11:37:08 [http-nio-5500-exec-4] WARN  o.s.w.s.m.s.DefaultHandlerExceptionResolver - Resolved [org.springframework.web.HttpRequestMethodNotSupportedException: Request method 'GET' is not supported]
2026-05-06 11:37:15 [http-nio-5500-exec-2] WARN  o.s.w.s.m.s.DefaultHandlerExceptionResolver - Resolved [org.springframework.web.HttpRequestMethodNotSupportedException: Request method 'GET' is not supported]
2026-05-06 11:37:17 [http-nio-5500-exec-3] WARN  o.s.w.s.m.s.DefaultHandlerExceptionResolver - Resolved [org.springframework.web.HttpRequestMethodNotSupportedException: Request method 'GET' is not supported]
2026-05-06 11:37:23 [http-nio-5500-exec-7] WARN  o.s.w.s.m.s.DefaultHandlerExceptionResolver - Resolved [org.springframework.web.HttpRequestMethodNotSupportedException: Request method 'GET' is not supported]
2026-05-06 11:37:30 [http-nio-5500-exec-10] WARN  o.s.w.s.m.s.DefaultHandlerExceptionResolver - Resolved [org.springframework.web.HttpRequestMethodNotSupportedException: Request method 'GET' is not supported]
2026-05-06 11:37:31 [reactor-http-nio-6] INFO  c.s.engine.TelemetryEngineService - Signal Captured: https://jsonplaceholder.typicode.com/posts | Status: 200 | Latency: 248ms
2026-05-06 11:37:32 [http-nio-5500-exec-6] WARN  o.s.w.s.m.s.DefaultHandlerExceptionResolver - Resolved [org.springframework.web.HttpRequestMethodNotSupportedException: Request method 'GET' is not supported]
2026-05-06 11:37:32 [http-nio-5500-exec-2] WARN  o.s.w.s.m.s.DefaultHandlerExceptionResolver - Resolved [org.springframework.web.HttpRequestMethodNotSupportedException: Request method 'GET' is not supported]
2026-05-06 11:37:38 [http-nio-5500-exec-5] WARN  o.s.w.s.m.s.DefaultHandlerExceptionResolver - Resolved [org.springframework.web.HttpRequestMethodNotSupportedException: Request method 'GET' is not supported]
2026-05-06 11:37:44 [scheduling-1] INFO  c.s.engine.TelemetryEngineService - Initiating fleet-wide telemetry cycle...
2026-05-06 11:37:44 [reactor-http-nio-6] INFO  c.s.engine.TelemetryEngineService - Signal Captured: https://jsonplaceholder.typicode.com/posts | Status: 200 | Latency: 157ms
2026-05-06 11:37:44 [reactor-http-nio-11] INFO  c.s.engine.TelemetryEngineService - Signal Captured: https://agentrouter.org/v1 | Status: 404 | Latency: 210ms
2026-05-06 11:37:44 [reactor-http-nio-2] INFO  c.s.engine.TelemetryEngineService - Signal Captured: http://httpbin.org/status/200 | Status: 200 | Latency: 211ms
2026-05-06 11:37:44 [reactor-http-nio-10] INFO  c.s.engine.TelemetryEngineService - Signal Captured: https://httpbin.org/get | Status: 200 | Latency: 229ms
2026-05-06 11:37:44 [reactor-http-nio-12] INFO  c.s.engine.TelemetryEngineService - Signal Captured: https://jsonplaceholder.typicode.com/posts | Status: 200 | Latency: 319ms
2026-05-06 11:37:44 [reactor-http-nio-10] INFO  c.s.engine.TelemetryEngineService - Signal Captured: https://jsonplaceholder.typicode.com/posts | Status: 200 | Latency: 530ms
2026-05-06 11:37:44 [reactor-http-nio-4] INFO  c.s.engine.TelemetryEngineService - Signal Captured: https://jsonplaceholder.typicode.com/posts | Status: 200 | Latency: 485ms
2026-05-06 11:37:45 [reactor-http-nio-8] INFO  c.s.engine.TelemetryEngineService - Signal Captured: https://jsonplaceholder.typicode.com/posts | Status: 200 | Latency: 761ms
2026-05-06 11:37:45 [http-nio-5500-exec-7] WARN  o.s.w.s.m.s.DefaultHandlerExceptionResolver - Resolved [org.springframework.web.HttpRequestMethodNotSupportedException: Request method 'GET' is not supported]
2026-05-06 11:37:47 [http-nio-5500-exec-8] WARN  o.s.w.s.m.s.DefaultHandlerExceptionResolver - Resolved [org.springframework.web.HttpRequestMethodNotSupportedException: Request method 'GET' is not supported]
2026-05-06 11:37:53 [http-nio-5500-exec-1] WARN  o.s.w.s.m.s.DefaultHandlerExceptionResolver - Resolved [org.springframework.web.HttpRequestMethodNotSupportedException: Request method 'GET' is not supported]
2026-05-06 11:38:00 [http-nio-5500-exec-6] WARN  o.s.w.s.m.s.DefaultHandlerExceptionResolver - Resolved [org.springframework.web.HttpRequestMethodNotSupportedException: Request method 'GET' is not supported]
2026-05-06 11:38:02 [http-nio-5500-exec-2] WARN  o.s.w.s.m.s.DefaultHandlerExceptionResolver - Resolved [org.springframework.web.HttpRequestMethodNotSupportedException: Request method 'GET' is not supported]
2026-05-06 11:38:09 [http-nio-5500-exec-5] WARN  o.s.w.s.m.s.DefaultHandlerExceptionResolver - Resolved [org.springframework.web.HttpRequestMethodNotSupportedException: Request method 'GET' is not supported]
2026-05-06 11:38:15 [http-nio-5500-exec-7] WARN  o.s.w.s.m.s.DefaultHandlerExceptionResolver - Resolved [org.springframework.web.HttpRequestMethodNotSupportedException: Request method 'GET' is not supported]
2026-05-06 11:38:17 [http-nio-5500-exec-8] WARN  o.s.w.s.m.s.DefaultHandlerExceptionResolver - Resolved [org.springframework.web.HttpRequestMethodNotSupportedException: Request method 'GET' is not supported]
2026-05-06 11:38:24 [http-nio-5500-exec-1] WARN  o.s.w.s.m.s.DefaultHandlerExceptionResolver - Resolved [org.springframework.web.HttpRequestMethodNotSupportedException: Request method 'GET' is not supported]
2026-05-06 11:38:30 [http-nio-5500-exec-6] WARN  o.s.w.s.m.s.DefaultHandlerExceptionResolver - Resolved [org.springframework.web.HttpRequestMethodNotSupportedException: Request method 'GET' is not supported]
2026-05-06 11:38:32 [http-nio-5500-exec-2] WARN  o.s.w.s.m.s.DefaultHandlerExceptionResolver - Resolved [org.springframework.web.HttpRequestMethodNotSupportedException: Request method 'GET' is not supported]
2026-05-06 11:38:39 [http-nio-5500-exec-5] WARN  o.s.w.s.m.s.DefaultHandlerExceptionResolver - Resolved [org.springframework.web.HttpRequestMethodNotSupportedException: Request method 'GET' is not supported]
2026-05-06 11:38:44 [scheduling-1] INFO  c.s.engine.TelemetryEngineService - Initiating fleet-wide telemetry cycle...
2026-05-06 11:38:44 [reactor-http-nio-12] INFO  c.s.engine.TelemetryEngineService - Signal Captured: https://jsonplaceholder.typicode.com/posts | Status: 200 | Latency: 105ms
2026-05-06 11:38:44 [reactor-http-nio-10] INFO  c.s.engine.TelemetryEngineService - Signal Captured: https://jsonplaceholder.typicode.com/posts | Status: 200 | Latency: 199ms
2026-05-06 11:38:44 [reactor-http-nio-4] INFO  c.s.engine.TelemetryEngineService - Signal Captured: https://jsonplaceholder.typicode.com/posts | Status: 200 | Latency: 190ms
2026-05-06 11:38:44 [reactor-http-nio-8] INFO  c.s.engine.TelemetryEngineService - Signal Captured: https://jsonplaceholder.typicode.com/posts | Status: 200 | Latency: 190ms
2026-05-06 11:38:44 [reactor-http-nio-6] INFO  c.s.engine.TelemetryEngineService - Signal Captured: https://jsonplaceholder.typicode.com/posts | Status: 200 | Latency: 192ms
2026-05-06 11:38:44 [reactor-http-nio-2] INFO  c.s.engine.TelemetryEngineService - Signal Captured: http://httpbin.org/status/200 | Status: 200 | Latency: 218ms
2026-05-06 11:38:44 [reactor-http-nio-10] INFO  c.s.engine.TelemetryEngineService - Signal Captured: https://httpbin.org/get | Status: 200 | Latency: 277ms
2026-05-06 11:38:44 [reactor-http-nio-1] INFO  c.s.engine.TelemetryEngineService - Signal Captured: https://agentrouter.org/v1 | Status: 404 | Latency: 247ms
2026-05-06 11:38:45 [http-nio-5500-exec-7] WARN  o.s.w.s.m.s.DefaultHandlerExceptionResolver - Resolved [org.springframework.web.HttpRequestMethodNotSupportedException: Request method 'GET' is not supported]
2026-05-06 11:38:47 [http-nio-5500-exec-8] WARN  o.s.w.s.m.s.DefaultHandlerExceptionResolver - Resolved [org.springframework.web.HttpRequestMethodNotSupportedException: Request method 'GET' is not supported]
2026-05-06 11:38:54 [http-nio-5500-exec-1] WARN  o.s.w.s.m.s.DefaultHandlerExceptionResolver - Resolved [org.springframework.web.HttpRequestMethodNotSupportedException: Request method 'GET' is not supported]
2026-05-06 11:39:00 [http-nio-5500-exec-3] WARN  o.s.w.s.m.s.DefaultHandlerExceptionResolver - Resolved [org.springframework.web.HttpRequestMethodNotSupportedException: Request method 'GET' is not supported]
2026-05-06 11:39:02 [http-nio-5500-exec-5] WARN  o.s.w.s.m.s.DefaultHandlerExceptionResolver - Resolved [org.springframework.web.HttpRequestMethodNotSupportedException: Request method 'GET' is not supported]
2026-05-06 11:39:10 [http-nio-5500-exec-7] WARN  o.s.w.s.m.s.DefaultHandlerExceptionResolver - Resolved [org.springframework.web.HttpRequestMethodNotSupportedException: Request method 'GET' is not supported]
2026-05-06 11:39:15 [http-nio-5500-exec-10] WARN  o.s.w.s.m.s.DefaultHandlerExceptionResolver - Resolved [org.springframework.web.HttpRequestMethodNotSupportedException: Request method 'GET' is not supported]
2026-05-06 11:39:17 [http-nio-5500-exec-1] WARN  o.s.w.s.m.s.DefaultHandlerExceptionResolver - Resolved [org.springframework.web.HttpRequestMethodNotSupportedException: Request method 'GET' is not supported]
2026-05-06 11:39:25 [http-nio-5500-exec-6] WARN  o.s.w.s.m.s.DefaultHandlerExceptionResolver - Resolved [org.springframework.web.HttpRequestMethodNotSupportedException: Request method 'GET' is not supported]
2026-05-06 11:39:30 [http-nio-5500-exec-3] WARN  o.s.w.s.m.s.DefaultHandlerExceptionResolver - Resolved [org.springframework.web.HttpRequestMethodNotSupportedException: Request method 'GET' is not supported]
2026-05-06 11:39:32 [http-nio-5500-exec-5] WARN  o.s.w.s.m.s.DefaultHandlerExceptionResolver - Resolved [org.springframework.web.HttpRequestMethodNotSupportedException: Request method 'GET' is not supported]
2026-05-06 11:39:40 [background-preinit] INFO  o.h.validator.internal.util.Version - HV000001: Hibernate Validator 8.0.1.Final
2026-05-06 11:39:40 [http-nio-5500-exec-7] WARN  o.s.w.s.m.s.DefaultHandlerExceptionResolver - Resolved [org.springframework.web.HttpRequestMethodNotSupportedException: Request method 'GET' is not supported]
2026-05-06 11:39:40 [main] INFO  com.sentinel.SentinelApplication - Starting SentinelApplication using Java 17.0.12 with PID 25468 (A:\Projects\Santinel\backend\target\classes started by Ajay in A:\Projects\Santinel\backend)
2026-05-06 11:39:40 [main] INFO  com.sentinel.SentinelApplication - No active profile set, falling back to 1 default profile: "default"
2026-05-06 11:39:42 [main] INFO  o.s.d.r.c.RepositoryConfigurationDelegate - Bootstrapping Spring Data MongoDB repositories in DEFAULT mode.
2026-05-06 11:39:42 [main] INFO  o.s.d.r.c.RepositoryConfigurationDelegate - Finished Spring Data repository scanning in 311 ms. Found 3 MongoDB repository interfaces.
2026-05-06 11:39:43 [main] INFO  o.s.b.w.e.tomcat.TomcatWebServer - Tomcat initialized with port 5500 (http)
2026-05-06 11:39:43 [main] INFO  o.a.coyote.http11.Http11NioProtocol - Initializing ProtocolHandler ["http-nio-5500"]
2026-05-06 11:39:43 [main] INFO  o.a.catalina.core.StandardService - Starting service [Tomcat]
2026-05-06 11:39:43 [main] INFO  o.a.catalina.core.StandardEngine - Starting Servlet engine: [Apache Tomcat/10.1.20]
2026-05-06 11:39:43 [main] INFO  o.a.c.c.C.[Tomcat].[localhost].[/] - Initializing Spring embedded WebApplicationContext
2026-05-06 11:39:43 [main] INFO  o.s.b.w.s.c.ServletWebServerApplicationContext - Root WebApplicationContext: initialization completed in 2688 ms
2026-05-06 11:39:43 [main] INFO  org.mongodb.driver.cluster - Adding discovered server ac-ipegaos-shard-00-00.n6xcems.mongodb.net:27017 to client view of cluster
2026-05-06 11:39:44 [main] INFO  org.mongodb.driver.cluster - Adding discovered server ac-ipegaos-shard-00-01.n6xcems.mongodb.net:27017 to client view of cluster
2026-05-06 11:39:44 [main] INFO  org.mongodb.driver.cluster - Adding discovered server ac-ipegaos-shard-00-02.n6xcems.mongodb.net:27017 to client view of cluster
2026-05-06 11:39:44 [main] INFO  org.mongodb.driver.client - MongoClient with metadata {"application": {"name": "Cluster0"}, "driver": {"name": "mongo-java-driver|sync|spring-boot", "version": "4.11.2"}, "os": {"type": "Windows", "name": "Windows 11", "architecture": "amd64", "version": "10.0"}, "platform": "Java/Oracle Corporation/17.0.12+8-LTS-286"} created with settings MongoClientSettings{readPreference=primary, writeConcern=WriteConcern{w=null, wTimeout=null ms, journal=null}, retryWrites=true, retryReads=true, readConcern=ReadConcern{level=null}, credential=MongoCredential{mechanism=null, userName='admin', source='admin', password=<hidden>, mechanismProperties=<hidden>}, transportSettings=null, streamFactoryFactory=null, commandListeners=[], codecRegistry=ProvidersCodecRegistry{codecProviders=[ValueCodecProvider{}, BsonValueCodecProvider{}, DBRefCodecProvider{}, DBObjectCodecProvider{}, DocumentCodecProvider{}, CollectionCodecProvider{}, IterableCodecProvider{}, MapCodecProvider{}, GeoJsonCodecProvider{}, GridFSFileCodecProvider{}, Jsr310CodecProvider{}, JsonObjectCodecProvider{}, BsonCodecProvider{}, EnumCodecProvider{}, com.mongodb.client.model.mql.ExpressionCodecProvider@42679fc2, com.mongodb.Jep395RecordCodecProvider@5e50df2e, com.mongodb.KotlinCodecProvider@100aa331]}, loggerSettings=LoggerSettings{maxDocumentLength=1000}, clusterSettings={hosts=[ac-ipegaos-shard-00-00.n6xcems.mongodb.net:27017, ac-ipegaos-shard-00-01.n6xcems.mongodb.net:27017, ac-ipegaos-shard-00-02.n6xcems.mongodb.net:27017], srvServiceName=mongodb, mode=MULTIPLE, requiredClusterType=REPLICA_SET, requiredReplicaSetName='atlas-12ucmv-shard-0', serverSelector='null', clusterListeners='[]', serverSelectionTimeout='30000 ms', localThreshold='15 ms'}, socketSettings=SocketSettings{connectTimeoutMS=10000, readTimeoutMS=0, receiveBufferSize=0, proxySettings=ProxySettings{host=null, port=null, username=null, password=null}}, heartbeatSocketSettings=SocketSettings{connectTimeoutMS=10000, readTimeoutMS=10000, receiveBufferSize=0, proxySettings=ProxySettings{host=null, port=null, username=null, password=null}}, connectionPoolSettings=ConnectionPoolSettings{maxSize=100, minSize=0, maxWaitTimeMS=120000, maxConnectionLifeTimeMS=0, maxConnectionIdleTimeMS=0, maintenanceInitialDelayMS=0, maintenanceFrequencyMS=60000, connectionPoolListeners=[], maxConnecting=2}, serverSettings=ServerSettings{heartbeatFrequencyMS=10000, minHeartbeatFrequencyMS=500, serverListeners='[]', serverMonitorListeners='[]'}, sslSettings=SslSettings{enabled=true, invalidHostNameAllowed=false, context=null}, applicationName='Cluster0', compressorList=[], uuidRepresentation=JAVA_LEGACY, serverApi=null, autoEncryptionSettings=null, dnsClient=null, inetAddressResolver=null, contextProvider=null}
2026-05-06 11:39:44 [scheduling-1] INFO  c.s.engine.TelemetryEngineService - Initiating fleet-wide telemetry cycle...
2026-05-06 11:39:44 [reactor-http-nio-12] INFO  c.s.engine.TelemetryEngineService - Signal Captured: https://jsonplaceholder.typicode.com/posts | Status: 200 | Latency: 127ms
2026-05-06 11:39:44 [reactor-http-nio-2] WARN  r.n.http.client.HttpClientConnect - [ce349b60-8, L:/192.168.29.253:63787 ! R:httpbin.org/52.73.30.72:80] The connection observed an error
reactor.netty.http.client.PrematureCloseException: Connection prematurely closed BEFORE response
2026-05-06 11:39:44 [reactor-http-nio-10] WARN  r.n.http.client.HttpClientConnect - [71d9c431-4, L:/192.168.29.253:61014 ! R:httpbin.org/98.83.84.78:443] The connection observed an error
reactor.netty.http.client.PrematureCloseException: Connection prematurely closed BEFORE response
2026-05-06 11:39:44 [reactor-http-nio-2] INFO  c.s.engine.TelemetryEngineService - Signal Captured: http://httpbin.org/status/200 | Status: 500 | Latency: 197ms
2026-05-06 11:39:44 [reactor-http-nio-10] INFO  c.s.engine.TelemetryEngineService - Signal Captured: https://httpbin.org/get | Status: 500 | Latency: 202ms
2026-05-06 11:39:44 [reactor-http-nio-6] INFO  c.s.engine.TelemetryEngineService - Signal Captured: https://jsonplaceholder.typicode.com/posts | Status: 200 | Latency: 206ms
2026-05-06 11:39:44 [reactor-http-nio-2] INFO  c.s.engine.TelemetryEngineService - Signal Captured: https://agentrouter.org/v1 | Status: 404 | Latency: 243ms
2026-05-06 11:39:44 [reactor-http-nio-8] INFO  c.s.engine.TelemetryEngineService - Signal Captured: https://jsonplaceholder.typicode.com/posts | Status: 200 | Latency: 245ms
2026-05-06 11:39:44 [reactor-http-nio-10] INFO  c.s.engine.TelemetryEngineService - Signal Captured: https://jsonplaceholder.typicode.com/posts | Status: 200 | Latency: 250ms
2026-05-06 11:39:44 [reactor-http-nio-4] INFO  c.s.engine.TelemetryEngineService - Signal Captured: https://jsonplaceholder.typicode.com/posts | Status: 200 | Latency: 247ms
2026-05-06 11:39:44 [cluster-ClusterId{value='69fadb2769c5b6374334c997', description='Cluster0'}-ac-ipegaos-shard-00-01.n6xcems.mongodb.net:27017] INFO  org.mongodb.driver.cluster - Monitor thread successfully connected to server with description ServerDescription{address=ac-ipegaos-shard-00-01.n6xcems.mongodb.net:27017, type=REPLICA_SET_SECONDARY, state=CONNECTED, ok=true, minWireVersion=0, maxWireVersion=25, maxDocumentSize=16777216, logicalSessionTimeoutMinutes=30, roundTripTimeNanos=380116400, setName='atlas-12ucmv-shard-0', canonicalAddress=ac-ipegaos-shard-00-01.n6xcems.mongodb.net:27017, hosts=[ac-ipegaos-shard-00-00.n6xcems.mongodb.net:27017, ac-ipegaos-shard-00-02.n6xcems.mongodb.net:27017, ac-ipegaos-shard-00-01.n6xcems.mongodb.net:27017], passives=[], arbiters=[], primary='ac-ipegaos-shard-00-02.n6xcems.mongodb.net:27017', tagSet=TagSet{[Tag{name='availabilityZone', value='aps1-az3'}, Tag{name='cacheState', value='READY'}, Tag{name='diskState', value='READY'}, Tag{name='nodeType', value='ELECTABLE'}, Tag{name='provider', value='AWS'}, Tag{name='region', value='AP_SOUTH_1'}, Tag{name='workloadType', value='OPERATIONAL'}]}, electionId=null, setVersion=59, topologyVersion=TopologyVersion{processId=69f3ad64c76752dcd71912a2, counter=3}, lastWriteDate=Wed May 06 11:39:44 IST 2026, lastUpdateTimeNanos=8336581460500}
2026-05-06 11:39:44 [cluster-ClusterId{value='69fadb2769c5b6374334c997', description='Cluster0'}-ac-ipegaos-shard-00-00.n6xcems.mongodb.net:27017] INFO  org.mongodb.driver.cluster - Monitor thread successfully connected to server with description ServerDescription{address=ac-ipegaos-shard-00-00.n6xcems.mongodb.net:27017, type=REPLICA_SET_SECONDARY, state=CONNECTED, ok=true, minWireVersion=0, maxWireVersion=25, maxDocumentSize=16777216, logicalSessionTimeoutMinutes=30, roundTripTimeNanos=379982000, setName='atlas-12ucmv-shard-0', canonicalAddress=ac-ipegaos-shard-00-00.n6xcems.mongodb.net:27017, hosts=[ac-ipegaos-shard-00-00.n6xcems.mongodb.net:27017, ac-ipegaos-shard-00-02.n6xcems.mongodb.net:27017, ac-ipegaos-shard-00-01.n6xcems.mongodb.net:27017], passives=[], arbiters=[], primary='ac-ipegaos-shard-00-02.n6xcems.mongodb.net:27017', tagSet=TagSet{[Tag{name='availabilityZone', value='aps1-az1'}, Tag{name='cacheState', value='READY'}, Tag{name='diskState', value='READY'}, Tag{name='nodeType', value='ELECTABLE'}, Tag{name='provider', value='AWS'}, Tag{name='region', value='AP_SOUTH_1'}, Tag{name='workloadType', value='OPERATIONAL'}]}, electionId=null, setVersion=59, topologyVersion=TopologyVersion{processId=69f3a905134fe1d7a24e0f42, counter=4}, lastWriteDate=Wed May 06 11:39:44 IST 2026, lastUpdateTimeNanos=8336581456800}
2026-05-06 11:39:44 [cluster-ClusterId{value='69fadb2769c5b6374334c997', description='Cluster0'}-ac-ipegaos-shard-00-02.n6xcems.mongodb.net:27017] INFO  org.mongodb.driver.cluster - Monitor thread successfully connected to server with description ServerDescription{address=ac-ipegaos-shard-00-02.n6xcems.mongodb.net:27017, type=REPLICA_SET_PRIMARY, state=CONNECTED, ok=true, minWireVersion=0, maxWireVersion=25, maxDocumentSize=16777216, logicalSessionTimeoutMinutes=30, roundTripTimeNanos=379993400, setName='atlas-12ucmv-shard-0', canonicalAddress=ac-ipegaos-shard-00-02.n6xcems.mongodb.net:27017, hosts=[ac-ipegaos-shard-00-00.n6xcems.mongodb.net:27017, ac-ipegaos-shard-00-02.n6xcems.mongodb.net:27017, ac-ipegaos-shard-00-01.n6xcems.mongodb.net:27017], passives=[], arbiters=[], primary='ac-ipegaos-shard-00-02.n6xcems.mongodb.net:27017', tagSet=TagSet{[Tag{name='availabilityZone', value='aps1-az2'}, Tag{name='cacheState', value='READY'}, Tag{name='diskState', value='READY'}, Tag{name='nodeType', value='ELECTABLE'}, Tag{name='provider', value='AWS'}, Tag{name='region', value='AP_SOUTH_1'}, Tag{name='workloadType', value='OPERATIONAL'}]}, electionId=7fffffff00000000000000de, setVersion=59, topologyVersion=TopologyVersion{processId=69f3aaf9f53630c5bd712865, counter=6}, lastWriteDate=Wed May 06 11:39:44 IST 2026, lastUpdateTimeNanos=8336581456700}
2026-05-06 11:39:44 [cluster-ClusterId{value='69fadb2769c5b6374334c997', description='Cluster0'}-ac-ipegaos-shard-00-02.n6xcems.mongodb.net:27017] INFO  org.mongodb.driver.cluster - Discovered replica set primary ac-ipegaos-shard-00-02.n6xcems.mongodb.net:27017 with max election id 7fffffff00000000000000de and max set version 59
2026-05-06 11:39:45 [main] WARN  o.s.b.a.s.s.UserDetailsServiceAutoConfiguration - 

Using generated security password: 3347f4c9-f646-4166-b300-844daaff0bae

This generated password is for development use only. Your security configuration must be updated before running your application in production.

2026-05-06 11:39:45 [http-nio-5500-exec-10] WARN  o.s.w.s.m.s.DefaultHandlerExceptionResolver - Resolved [org.springframework.web.HttpRequestMethodNotSupportedException: Request method 'GET' is not supported]
2026-05-06 11:39:45 [main] INFO  o.s.s.web.DefaultSecurityFilterChain - Will secure any request with [org.springframework.security.web.session.DisableEncodeUrlFilter@19ec5357, org.springframework.security.web.context.request.async.WebAsyncManagerIntegrationFilter@351d93bd, org.springframework.security.web.context.SecurityContextHolderFilter@6e090aaa, org.springframework.security.web.header.HeaderWriterFilter@24fef542, org.springframework.web.filter.CorsFilter@61c5fd78, org.springframework.security.web.authentication.logout.LogoutFilter@4eb1943b, com.sentinel.security.JwtTokenFilter@42503099, org.springframework.security.web.savedrequest.RequestCacheAwareFilter@33430fc, org.springframework.security.web.servletapi.SecurityContextHolderAwareRequestFilter@45424c0, org.springframework.security.web.authentication.AnonymousAuthenticationFilter@39dda56f, org.springframework.security.web.session.SessionManagementFilter@1e6cb932, org.springframework.security.web.access.ExceptionTranslationFilter@4f20b022, org.springframework.security.web.access.intercept.AuthorizationFilter@566f4659]
2026-05-06 11:39:46 [main] INFO  o.a.coyote.http11.Http11NioProtocol - Starting ProtocolHandler ["http-nio-5500"]
2026-05-06 11:39:46 [main] WARN  o.s.b.w.s.c.AnnotationConfigServletWebServerApplicationContext - Exception encountered during context initialization - cancelling refresh attempt: org.springframework.context.ApplicationContextException: Failed to start bean 'webServerStartStop'
2026-05-06 11:39:46 [main] INFO  o.s.b.a.l.ConditionEvaluationReportLogger - 

Error starting ApplicationContext. To display the condition evaluation report re-run your application with 'debug' enabled.
2026-05-06 11:39:46 [main] ERROR o.s.b.d.LoggingFailureAnalysisReporter - 

***************************
APPLICATION FAILED TO START
***************************

Description:

Web server failed to start. Port 5500 was already in use.

Action:

Identify and stop the process that's listening on port 5500 or configure this application to listen on another port.

2026-05-06 11:39:47 [http-nio-5500-exec-1] WARN  o.s.w.s.m.s.DefaultHandlerExceptionResolver - Resolved [org.springframework.web.HttpRequestMethodNotSupportedException: Request method 'GET' is not supported]
2026-05-06 11:39:56 [http-nio-5500-exec-6] WARN  o.s.w.s.m.s.DefaultHandlerExceptionResolver - Resolved [org.springframework.web.HttpRequestMethodNotSupportedException: Request method 'GET' is not supported]
2026-05-06 11:40:00 [http-nio-5500-exec-3] WARN  o.s.w.s.m.s.DefaultHandlerExceptionResolver - Resolved [org.springframework.web.HttpRequestMethodNotSupportedException: Request method 'GET' is not supported]
2026-05-06 11:40:13 [background-preinit] INFO  o.h.validator.internal.util.Version - HV000001: Hibernate Validator 8.0.1.Final
2026-05-06 11:40:13 [main] INFO  com.sentinel.SentinelApplication - Starting SentinelApplication using Java 17.0.12 with PID 13232 (A:\Projects\Santinel\backend\target\classes started by Ajay in A:\Projects\Santinel\backend)
2026-05-06 11:40:13 [main] INFO  com.sentinel.SentinelApplication - No active profile set, falling back to 1 default profile: "default"
2026-05-06 11:40:14 [main] INFO  o.s.d.r.c.RepositoryConfigurationDelegate - Bootstrapping Spring Data MongoDB repositories in DEFAULT mode.
2026-05-06 11:40:14 [main] INFO  o.s.d.r.c.RepositoryConfigurationDelegate - Finished Spring Data repository scanning in 239 ms. Found 3 MongoDB repository interfaces.
2026-05-06 11:40:15 [main] INFO  o.s.b.w.e.tomcat.TomcatWebServer - Tomcat initialized with port 5500 (http)
2026-05-06 11:40:15 [main] INFO  o.a.coyote.http11.Http11NioProtocol - Initializing ProtocolHandler ["http-nio-5500"]
2026-05-06 11:40:15 [main] INFO  o.a.catalina.core.StandardService - Starting service [Tomcat]
2026-05-06 11:40:15 [main] INFO  o.a.catalina.core.StandardEngine - Starting Servlet engine: [Apache Tomcat/10.1.20]
2026-05-06 11:40:15 [main] INFO  o.a.c.c.C.[Tomcat].[localhost].[/] - Initializing Spring embedded WebApplicationContext
2026-05-06 11:40:15 [main] INFO  o.s.b.w.s.c.ServletWebServerApplicationContext - Root WebApplicationContext: initialization completed in 2340 ms
2026-05-06 11:40:15 [main] INFO  org.mongodb.driver.cluster - Adding discovered server ac-ipegaos-shard-00-00.n6xcems.mongodb.net:27017 to client view of cluster
2026-05-06 11:40:17 [main] INFO  org.mongodb.driver.cluster - Adding discovered server ac-ipegaos-shard-00-01.n6xcems.mongodb.net:27017 to client view of cluster
2026-05-06 11:40:17 [main] INFO  org.mongodb.driver.cluster - Adding discovered server ac-ipegaos-shard-00-02.n6xcems.mongodb.net:27017 to client view of cluster
2026-05-06 11:40:17 [main] INFO  org.mongodb.driver.client - MongoClient with metadata {"application": {"name": "Cluster0"}, "driver": {"name": "mongo-java-driver|sync|spring-boot", "version": "4.11.2"}, "os": {"type": "Windows", "name": "Windows 11", "architecture": "amd64", "version": "10.0"}, "platform": "Java/Oracle Corporation/17.0.12+8-LTS-286"} created with settings MongoClientSettings{readPreference=primary, writeConcern=WriteConcern{w=null, wTimeout=null ms, journal=null}, retryWrites=true, retryReads=true, readConcern=ReadConcern{level=null}, credential=MongoCredential{mechanism=null, userName='admin', source='admin', password=<hidden>, mechanismProperties=<hidden>}, transportSettings=null, streamFactoryFactory=null, commandListeners=[], codecRegistry=ProvidersCodecRegistry{codecProviders=[ValueCodecProvider{}, BsonValueCodecProvider{}, DBRefCodecProvider{}, DBObjectCodecProvider{}, DocumentCodecProvider{}, CollectionCodecProvider{}, IterableCodecProvider{}, MapCodecProvider{}, GeoJsonCodecProvider{}, GridFSFileCodecProvider{}, Jsr310CodecProvider{}, JsonObjectCodecProvider{}, BsonCodecProvider{}, EnumCodecProvider{}, com.mongodb.client.model.mql.ExpressionCodecProvider@1f78d415, com.mongodb.Jep395RecordCodecProvider@1c046c92, com.mongodb.KotlinCodecProvider@27960b1e]}, loggerSettings=LoggerSettings{maxDocumentLength=1000}, clusterSettings={hosts=[ac-ipegaos-shard-00-00.n6xcems.mongodb.net:27017, ac-ipegaos-shard-00-01.n6xcems.mongodb.net:27017, ac-ipegaos-shard-00-02.n6xcems.mongodb.net:27017], srvServiceName=mongodb, mode=MULTIPLE, requiredClusterType=REPLICA_SET, requiredReplicaSetName='atlas-12ucmv-shard-0', serverSelector='null', clusterListeners='[]', serverSelectionTimeout='30000 ms', localThreshold='15 ms'}, socketSettings=SocketSettings{connectTimeoutMS=10000, readTimeoutMS=0, receiveBufferSize=0, proxySettings=ProxySettings{host=null, port=null, username=null, password=null}}, heartbeatSocketSettings=SocketSettings{connectTimeoutMS=10000, readTimeoutMS=10000, receiveBufferSize=0, proxySettings=ProxySettings{host=null, port=null, username=null, password=null}}, connectionPoolSettings=ConnectionPoolSettings{maxSize=100, minSize=0, maxWaitTimeMS=120000, maxConnectionLifeTimeMS=0, maxConnectionIdleTimeMS=0, maintenanceInitialDelayMS=0, maintenanceFrequencyMS=60000, connectionPoolListeners=[], maxConnecting=2}, serverSettings=ServerSettings{heartbeatFrequencyMS=10000, minHeartbeatFrequencyMS=500, serverListeners='[]', serverMonitorListeners='[]'}, sslSettings=SslSettings{enabled=true, invalidHostNameAllowed=false, context=null}, applicationName='Cluster0', compressorList=[], uuidRepresentation=JAVA_LEGACY, serverApi=null, autoEncryptionSettings=null, dnsClient=null, inetAddressResolver=null, contextProvider=null}
2026-05-06 11:40:18 [cluster-ClusterId{value='69fadb474ff2c11b0f861bb2', description='Cluster0'}-ac-ipegaos-shard-00-01.n6xcems.mongodb.net:27017] INFO  org.mongodb.driver.cluster - Monitor thread successfully connected to server with description ServerDescription{address=ac-ipegaos-shard-00-01.n6xcems.mongodb.net:27017, type=REPLICA_SET_SECONDARY, state=CONNECTED, ok=true, minWireVersion=0, maxWireVersion=25, maxDocumentSize=16777216, logicalSessionTimeoutMinutes=30, roundTripTimeNanos=333094500, setName='atlas-12ucmv-shard-0', canonicalAddress=ac-ipegaos-shard-00-01.n6xcems.mongodb.net:27017, hosts=[ac-ipegaos-shard-00-00.n6xcems.mongodb.net:27017, ac-ipegaos-shard-00-02.n6xcems.mongodb.net:27017, ac-ipegaos-shard-00-01.n6xcems.mongodb.net:27017], passives=[], arbiters=[], primary='ac-ipegaos-shard-00-02.n6xcems.mongodb.net:27017', tagSet=TagSet{[Tag{name='availabilityZone', value='aps1-az3'}, Tag{name='cacheState', value='READY'}, Tag{name='diskState', value='READY'}, Tag{name='nodeType', value='ELECTABLE'}, Tag{name='provider', value='AWS'}, Tag{name='region', value='AP_SOUTH_1'}, Tag{name='workloadType', value='OPERATIONAL'}]}, electionId=null, setVersion=59, topologyVersion=TopologyVersion{processId=69f3ad64c76752dcd71912a2, counter=3}, lastWriteDate=Wed May 06 11:40:18 IST 2026, lastUpdateTimeNanos=8369769226700}
2026-05-06 11:40:18 [cluster-ClusterId{value='69fadb474ff2c11b0f861bb2', description='Cluster0'}-ac-ipegaos-shard-00-00.n6xcems.mongodb.net:27017] INFO  org.mongodb.driver.cluster - Monitor thread successfully connected to server with description ServerDescription{address=ac-ipegaos-shard-00-00.n6xcems.mongodb.net:27017, type=REPLICA_SET_SECONDARY, state=CONNECTED, ok=true, minWireVersion=0, maxWireVersion=25, maxDocumentSize=16777216, logicalSessionTimeoutMinutes=30, roundTripTimeNanos=333101100, setName='atlas-12ucmv-shard-0', canonicalAddress=ac-ipegaos-shard-00-00.n6xcems.mongodb.net:27017, hosts=[ac-ipegaos-shard-00-00.n6xcems.mongodb.net:27017, ac-ipegaos-shard-00-02.n6xcems.mongodb.net:27017, ac-ipegaos-shard-00-01.n6xcems.mongodb.net:27017], passives=[], arbiters=[], primary='ac-ipegaos-shard-00-02.n6xcems.mongodb.net:27017', tagSet=TagSet{[Tag{name='availabilityZone', value='aps1-az1'}, Tag{name='cacheState', value='READY'}, Tag{name='diskState', value='READY'}, Tag{name='nodeType', value='ELECTABLE'}, Tag{name='provider', value='AWS'}, Tag{name='region', value='AP_SOUTH_1'}, Tag{name='workloadType', value='OPERATIONAL'}]}, electionId=null, setVersion=59, topologyVersion=TopologyVersion{processId=69f3a905134fe1d7a24e0f42, counter=4}, lastWriteDate=Wed May 06 11:40:18 IST 2026, lastUpdateTimeNanos=8369769226700}
2026-05-06 11:40:18 [cluster-ClusterId{value='69fadb474ff2c11b0f861bb2', description='Cluster0'}-ac-ipegaos-shard-00-02.n6xcems.mongodb.net:27017] INFO  org.mongodb.driver.cluster - Monitor thread successfully connected to server with description ServerDescription{address=ac-ipegaos-shard-00-02.n6xcems.mongodb.net:27017, type=REPLICA_SET_PRIMARY, state=CONNECTED, ok=true, minWireVersion=0, maxWireVersion=25, maxDocumentSize=16777216, logicalSessionTimeoutMinutes=30, roundTripTimeNanos=333112000, setName='atlas-12ucmv-shard-0', canonicalAddress=ac-ipegaos-shard-00-02.n6xcems.mongodb.net:27017, hosts=[ac-ipegaos-shard-00-00.n6xcems.mongodb.net:27017, ac-ipegaos-shard-00-02.n6xcems.mongodb.net:27017, ac-ipegaos-shard-00-01.n6xcems.mongodb.net:27017], passives=[], arbiters=[], primary='ac-ipegaos-shard-00-02.n6xcems.mongodb.net:27017', tagSet=TagSet{[Tag{name='availabilityZone', value='aps1-az2'}, Tag{name='cacheState', value='READY'}, Tag{name='diskState', value='READY'}, Tag{name='nodeType', value='ELECTABLE'}, Tag{name='provider', value='AWS'}, Tag{name='region', value='AP_SOUTH_1'}, Tag{name='workloadType', value='OPERATIONAL'}]}, electionId=7fffffff00000000000000de, setVersion=59, topologyVersion=TopologyVersion{processId=69f3aaf9f53630c5bd712865, counter=6}, lastWriteDate=Wed May 06 11:40:18 IST 2026, lastUpdateTimeNanos=8369769226200}
2026-05-06 11:40:18 [cluster-ClusterId{value='69fadb474ff2c11b0f861bb2', description='Cluster0'}-ac-ipegaos-shard-00-02.n6xcems.mongodb.net:27017] INFO  org.mongodb.driver.cluster - Discovered replica set primary ac-ipegaos-shard-00-02.n6xcems.mongodb.net:27017 with max election id 7fffffff00000000000000de and max set version 59
2026-05-06 11:40:18 [main] WARN  o.s.b.a.s.s.UserDetailsServiceAutoConfiguration - 

Using generated security password: 9f6e3db3-ad14-49cb-9053-efc511dea6a3

This generated password is for development use only. Your security configuration must be updated before running your application in production.

2026-05-06 11:40:18 [main] INFO  o.s.s.web.DefaultSecurityFilterChain - Will secure any request with [org.springframework.security.web.session.DisableEncodeUrlFilter@106459d9, org.springframework.security.web.context.request.async.WebAsyncManagerIntegrationFilter@33a71d23, org.springframework.security.web.context.SecurityContextHolderFilter@45fb2354, org.springframework.security.web.header.HeaderWriterFilter@40a28bda, org.springframework.web.filter.CorsFilter@23c05889, org.springframework.security.web.authentication.logout.LogoutFilter@351d93bd, com.sentinel.security.JwtTokenFilter@12166229, org.springframework.security.web.savedrequest.RequestCacheAwareFilter@5996d6f2, org.springframework.security.web.servletapi.SecurityContextHolderAwareRequestFilter@43423d40, org.springframework.security.web.authentication.AnonymousAuthenticationFilter@208e5b23, org.springframework.security.web.session.SessionManagementFilter@63b4b9c6, org.springframework.security.web.access.ExceptionTranslationFilter@68821f6, org.springframework.security.web.access.intercept.AuthorizationFilter@32d22650]
2026-05-06 11:40:19 [main] INFO  o.a.coyote.http11.Http11NioProtocol - Starting ProtocolHandler ["http-nio-5500"]
2026-05-06 11:40:19 [main] INFO  o.s.b.w.e.tomcat.TomcatWebServer - Tomcat started on port 5500 (http) with context path ''
2026-05-06 11:40:19 [main] INFO  com.sentinel.SentinelApplication - Started SentinelApplication in 6.765 seconds (process running for 7.425)
2026-05-06 11:40:19 [scheduling-1] INFO  c.s.engine.TelemetryEngineService - Initiating fleet-wide telemetry cycle...
2026-05-06 11:40:21 [reactor-http-nio-8] INFO  c.s.engine.TelemetryEngineService - Signal Captured: https://jsonplaceholder.typicode.com/posts | Status: 200 | Latency: 654ms
2026-05-06 11:40:21 [reactor-http-nio-5] INFO  c.s.engine.TelemetryEngineService - Signal Captured: https://jsonplaceholder.typicode.com/posts | Status: 200 | Latency: 657ms
2026-05-06 11:40:21 [reactor-http-nio-6] INFO  c.s.engine.TelemetryEngineService - Signal Captured: https://jsonplaceholder.typicode.com/posts | Status: 200 | Latency: 639ms
2026-05-06 11:40:21 [reactor-http-nio-7] INFO  c.s.engine.TelemetryEngineService - Signal Captured: https://jsonplaceholder.typicode.com/posts | Status: 200 | Latency: 656ms
2026-05-06 11:40:21 [reactor-http-nio-9] INFO  c.s.engine.TelemetryEngineService - Signal Captured: https://jsonplaceholder.typicode.com/posts | Status: 200 | Latency: 653ms
2026-05-06 11:40:21 [reactor-http-nio-2] INFO  c.s.engine.TelemetryEngineService - Signal Captured: https://agentrouter.org/v1 | Status: 404 | Latency: 1248ms
2026-05-06 11:40:23 [reactor-http-nio-4] INFO  c.s.engine.TelemetryEngineService - Signal Captured: https://httpbin.org/get | Status: 200 | Latency: 2930ms
2026-05-06 11:40:23 [reactor-http-nio-3] INFO  c.s.engine.TelemetryEngineService - Signal Captured: http://httpbin.org/status/200 | Status: 200 | Latency: 2930ms
2026-05-06 11:40:26 [http-nio-5500-exec-1] INFO  o.a.c.c.C.[Tomcat].[localhost].[/] - Initializing Spring DispatcherServlet 'dispatcherServlet'
2026-05-06 11:40:26 [http-nio-5500-exec-1] INFO  o.s.web.servlet.DispatcherServlet - Initializing Servlet 'dispatcherServlet'
2026-05-06 11:40:26 [http-nio-5500-exec-1] INFO  o.s.web.servlet.DispatcherServlet - Completed initialization in 2 ms
2026-05-06 11:41:19 [scheduling-1] INFO  c.s.engine.TelemetryEngineService - Initiating fleet-wide telemetry cycle...
2026-05-06 11:41:19 [reactor-http-nio-6] INFO  c.s.engine.TelemetryEngineService - Signal Captured: https://jsonplaceholder.typicode.com/posts | Status: 200 | Latency: 127ms
2026-05-06 11:41:19 [reactor-http-nio-8] INFO  c.s.engine.TelemetryEngineService - Signal Captured: https://jsonplaceholder.typicode.com/posts | Status: 200 | Latency: 139ms
2026-05-06 11:41:19 [reactor-http-nio-7] INFO  c.s.engine.TelemetryEngineService - Signal Captured: https://jsonplaceholder.typicode.com/posts | Status: 200 | Latency: 146ms
2026-05-06 11:41:19 [reactor-http-nio-10] INFO  c.s.engine.TelemetryEngineService - Signal Captured: https://agentrouter.org/v1 | Status: 404 | Latency: 201ms
2026-05-06 11:41:19 [reactor-http-nio-3] INFO  c.s.engine.TelemetryEngineService - Signal Captured: http://httpbin.org/status/200 | Status: 200 | Latency: 218ms
2026-05-06 11:41:19 [reactor-http-nio-4] INFO  c.s.engine.TelemetryEngineService - Signal Captured: https://httpbin.org/get | Status: 200 | Latency: 226ms
2026-05-06 11:41:19 [reactor-http-nio-5] INFO  c.s.engine.TelemetryEngineService - Signal Captured: https://jsonplaceholder.typicode.com/posts | Status: 200 | Latency: 151ms
2026-05-06 11:41:19 [reactor-http-nio-9] INFO  c.s.engine.TelemetryEngineService - Signal Captured: https://jsonplaceholder.typicode.com/posts | Status: 200 | Latency: 146ms
2026-05-06 11:42:19 [scheduling-1] INFO  c.s.engine.TelemetryEngineService - Initiating fleet-wide telemetry cycle...
2026-05-06 11:42:19 [reactor-http-nio-8] INFO  c.s.engine.TelemetryEngineService - Signal Captured: https://jsonplaceholder.typicode.com/posts | Status: 200 | Latency: 82ms
2026-05-06 11:42:19 [reactor-http-nio-6] INFO  c.s.engine.TelemetryEngineService - Signal Captured: https://jsonplaceholder.typicode.com/posts | Status: 200 | Latency: 117ms
2026-05-06 11:42:19 [reactor-http-nio-5] INFO  c.s.engine.TelemetryEngineService - Signal Captured: https://jsonplaceholder.typicode.com/posts | Status: 200 | Latency: 115ms
2026-05-06 11:42:19 [reactor-http-nio-9] INFO  c.s.engine.TelemetryEngineService - Signal Captured: https://jsonplaceholder.typicode.com/posts | Status: 200 | Latency: 117ms
2026-05-06 11:42:19 [reactor-http-nio-7] INFO  c.s.engine.TelemetryEngineService - Signal Captured: https://jsonplaceholder.typicode.com/posts | Status: 200 | Latency: 127ms
2026-05-06 11:42:19 [reactor-http-nio-3] WARN  r.n.http.client.HttpClientConnect - [a170a779-3, L:/192.168.29.253:58402 ! R:httpbin.org/54.198.84.224:80] The connection observed an error
reactor.netty.http.client.PrematureCloseException: Connection prematurely closed BEFORE response
2026-05-06 11:42:19 [reactor-http-nio-4] WARN  r.n.http.client.HttpClientConnect - [4877e7c6-3, L:/192.168.29.253:58401 ! R:httpbin.org/54.198.84.224:443] The connection observed an error
reactor.netty.http.client.PrematureCloseException: Connection prematurely closed BEFORE response
2026-05-06 11:42:19 [reactor-http-nio-11] INFO  c.s.engine.TelemetryEngineService - Signal Captured: https://agentrouter.org/v1 | Status: 404 | Latency: 209ms
2026-05-06 11:42:19 [reactor-http-nio-3] INFO  c.s.engine.TelemetryEngineService - Signal Captured: http://httpbin.org/status/200 | Status: 500 | Latency: 245ms
2026-05-06 11:42:19 [reactor-http-nio-4] INFO  c.s.engine.TelemetryEngineService - Signal Captured: https://httpbin.org/get | Status: 500 | Latency: 244ms
2026-05-06 11:43:08 [reactor-http-nio-8] INFO  c.s.engine.TelemetryEngineService - Signal Captured: https://jsonplaceholder.typicode.com/posts | Status: 200 | Latency: 107ms
2026-05-06 11:43:19 [scheduling-1] INFO  c.s.engine.TelemetryEngineService - Initiating fleet-wide telemetry cycle...
2026-05-06 11:43:19 [reactor-http-nio-6] INFO  c.s.engine.TelemetryEngineService - Signal Captured: https://jsonplaceholder.typicode.com/posts | Status: 200 | Latency: 146ms
2026-05-06 11:43:19 [reactor-http-nio-9] INFO  c.s.engine.TelemetryEngineService - Signal Captured: https://jsonplaceholder.typicode.com/posts | Status: 200 | Latency: 145ms
2026-05-06 11:43:19 [reactor-http-nio-8] INFO  c.s.engine.TelemetryEngineService - Signal Captured: https://jsonplaceholder.typicode.com/posts | Status: 200 | Latency: 152ms
2026-05-06 11:43:19 [reactor-http-nio-7] INFO  c.s.engine.TelemetryEngineService - Signal Captured: https://jsonplaceholder.typicode.com/posts | Status: 200 | Latency: 167ms
2026-05-06 11:43:19 [reactor-http-nio-5] INFO  c.s.engine.TelemetryEngineService - Signal Captured: https://jsonplaceholder.typicode.com/posts | Status: 200 | Latency: 172ms
2026-05-06 11:43:19 [reactor-http-nio-12] INFO  c.s.engine.TelemetryEngineService - Signal Captured: https://agentrouter.org/v1 | Status: 404 | Latency: 192ms
2026-05-06 11:43:19 [reactor-http-nio-3] INFO  c.s.engine.TelemetryEngineService - Signal Captured: https://jsonplaceholder.typicode.com/posts | Status: 200 | Latency: 316ms
2026-05-06 11:43:19 [reactor-http-nio-1] INFO  c.s.engine.TelemetryEngineService - Signal Captured: http://httpbin.org/status/200 | Status: 200 | Latency: 454ms
2026-05-06 11:43:20 [reactor-http-nio-2] INFO  c.s.engine.TelemetryEngineService - Signal Captured: https://httpbin.org/get | Status: 200 | Latency: 922ms
2026-05-06 11:44:19 [scheduling-1] INFO  c.s.engine.TelemetryEngineService - Initiating fleet-wide telemetry cycle...
2026-05-06 11:44:19 [reactor-http-nio-6] INFO  c.s.engine.TelemetryEngineService - Signal Captured: https://jsonplaceholder.typicode.com/posts | Status: 200 | Latency: 113ms
2026-05-06 11:44:19 [reactor-http-nio-8] INFO  c.s.engine.TelemetryEngineService - Signal Captured: https://jsonplaceholder.typicode.com/posts | Status: 200 | Latency: 119ms
2026-05-06 11:44:19 [reactor-http-nio-9] INFO  c.s.engine.TelemetryEngineService - Signal Captured: https://jsonplaceholder.typicode.com/posts | Status: 200 | Latency: 123ms
2026-05-06 11:44:19 [reactor-http-nio-7] INFO  c.s.engine.TelemetryEngineService - Signal Captured: https://jsonplaceholder.typicode.com/posts | Status: 200 | Latency: 131ms
2026-05-06 11:44:19 [reactor-http-nio-5] INFO  c.s.engine.TelemetryEngineService - Signal Captured: https://jsonplaceholder.typicode.com/posts | Status: 200 | Latency: 125ms
2026-05-06 11:44:19 [reactor-http-nio-4] INFO  c.s.engine.TelemetryEngineService - Signal Captured: https://agentrouter.org/v1 | Status: 404 | Latency: 191ms
2026-05-06 11:44:19 [reactor-http-nio-1] INFO  c.s.engine.TelemetryEngineService - Signal Captured: http://httpbin.org/status/200 | Status: 200 | Latency: 218ms
2026-05-06 11:44:19 [reactor-http-nio-3] INFO  c.s.engine.TelemetryEngineService - Signal Captured: https://jsonplaceholder.typicode.com/posts | Status: 200 | Latency: 142ms
2026-05-06 11:44:19 [reactor-http-nio-2] INFO  c.s.engine.TelemetryEngineService - Signal Captured: https://httpbin.org/get | Status: 200 | Latency: 480ms
2026-05-06 11:45:19 [scheduling-1] INFO  c.s.engine.TelemetryEngineService - Initiating fleet-wide telemetry cycle...
2026-05-06 11:45:19 [reactor-http-nio-6] INFO  c.s.engine.TelemetryEngineService - Signal Captured: https://jsonplaceholder.typicode.com/posts | Status: 200 | Latency: 87ms
2026-05-06 11:45:19 [reactor-http-nio-5] INFO  c.s.engine.TelemetryEngineService - Signal Captured: https://jsonplaceholder.typicode.com/posts | Status: 200 | Latency: 102ms
2026-05-06 11:45:19 [reactor-http-nio-3] INFO  c.s.engine.TelemetryEngineService - Signal Captured: https://jsonplaceholder.typicode.com/posts | Status: 200 | Latency: 104ms
2026-05-06 11:45:19 [reactor-http-nio-9] INFO  c.s.engine.TelemetryEngineService - Signal Captured: https://jsonplaceholder.typicode.com/posts | Status: 200 | Latency: 108ms
2026-05-06 11:45:19 [reactor-http-nio-8] INFO  c.s.engine.TelemetryEngineService - Signal Captured: https://jsonplaceholder.typicode.com/posts | Status: 200 | Latency: 137ms
2026-05-06 11:45:19 [reactor-http-nio-7] INFO  c.s.engine.TelemetryEngineService - Signal Captured: https://jsonplaceholder.typicode.com/posts | Status: 200 | Latency: 137ms
2026-05-06 11:45:19 [reactor-http-nio-5] INFO  c.s.engine.TelemetryEngineService - Signal Captured: https://agentrouter.org/v1 | Status: 404 | Latency: 212ms
2026-05-06 11:45:19 [reactor-http-nio-1] INFO  c.s.engine.TelemetryEngineService - Signal Captured: http://httpbin.org/status/200 | Status: 200 | Latency: 219ms
2026-05-06 11:45:19 [reactor-http-nio-2] INFO  c.s.engine.TelemetryEngineService - Signal Captured: https://httpbin.org/get | Status: 200 | Latency: 220ms
2026-05-06 11:46:08 [background-preinit] INFO  o.h.validator.internal.util.Version - HV000001: Hibernate Validator 8.0.1.Final
2026-05-06 11:46:08 [main] INFO  com.sentinel.SentinelApplication - Starting SentinelApplication using Java 17.0.12 with PID 22396 (A:\Projects\Santinel\backend\target\classes started by Ajay in A:\Projects\Santinel\backend)
2026-05-06 11:46:08 [main] INFO  com.sentinel.SentinelApplication - No active profile set, falling back to 1 default profile: "default"
2026-05-06 11:46:09 [main] INFO  o.s.d.r.c.RepositoryConfigurationDelegate - Bootstrapping Spring Data MongoDB repositories in DEFAULT mode.
2026-05-06 11:46:09 [main] INFO  o.s.d.r.c.RepositoryConfigurationDelegate - Finished Spring Data repository scanning in 303 ms. Found 3 MongoDB repository interfaces.
2026-05-06 11:46:10 [main] INFO  o.s.b.w.e.tomcat.TomcatWebServer - Tomcat initialized with port 5500 (http)
2026-05-06 11:46:10 [main] INFO  o.a.coyote.http11.Http11NioProtocol - Initializing ProtocolHandler ["http-nio-5500"]
2026-05-06 11:46:10 [main] INFO  o.a.catalina.core.StandardService - Starting service [Tomcat]
2026-05-06 11:46:10 [main] INFO  o.a.catalina.core.StandardEngine - Starting Servlet engine: [Apache Tomcat/10.1.20]
2026-05-06 11:46:11 [main] INFO  o.a.c.c.C.[Tomcat].[localhost].[/] - Initializing Spring embedded WebApplicationContext
2026-05-06 11:46:11 [main] INFO  o.s.b.w.s.c.ServletWebServerApplicationContext - Root WebApplicationContext: initialization completed in 2609 ms
2026-05-06 11:46:11 [main] INFO  org.mongodb.driver.cluster - Adding discovered server ac-ipegaos-shard-00-00.n6xcems.mongodb.net:27017 to client view of cluster
2026-05-06 11:46:11 [main] INFO  org.mongodb.driver.cluster - Adding discovered server ac-ipegaos-shard-00-01.n6xcems.mongodb.net:27017 to client view of cluster
2026-05-06 11:46:11 [main] INFO  org.mongodb.driver.cluster - Adding discovered server ac-ipegaos-shard-00-02.n6xcems.mongodb.net:27017 to client view of cluster
2026-05-06 11:46:11 [main] INFO  org.mongodb.driver.client - MongoClient with metadata {"application": {"name": "Cluster0"}, "driver": {"name": "mongo-java-driver|sync|spring-boot", "version": "4.11.2"}, "os": {"type": "Windows", "name": "Windows 11", "architecture": "amd64", "version": "10.0"}, "platform": "Java/Oracle Corporation/17.0.12+8-LTS-286"} created with settings MongoClientSettings{readPreference=primary, writeConcern=WriteConcern{w=null, wTimeout=null ms, journal=null}, retryWrites=true, retryReads=true, readConcern=ReadConcern{level=null}, credential=MongoCredential{mechanism=null, userName='admin', source='admin', password=<hidden>, mechanismProperties=<hidden>}, transportSettings=null, streamFactoryFactory=null, commandListeners=[], codecRegistry=ProvidersCodecRegistry{codecProviders=[ValueCodecProvider{}, BsonValueCodecProvider{}, DBRefCodecProvider{}, DBObjectCodecProvider{}, DocumentCodecProvider{}, CollectionCodecProvider{}, IterableCodecProvider{}, MapCodecProvider{}, GeoJsonCodecProvider{}, GridFSFileCodecProvider{}, Jsr310CodecProvider{}, JsonObjectCodecProvider{}, BsonCodecProvider{}, EnumCodecProvider{}, com.mongodb.client.model.mql.ExpressionCodecProvider@5dbbb292, com.mongodb.Jep395RecordCodecProvider@613f7eb7, com.mongodb.KotlinCodecProvider@565aa4ac]}, loggerSettings=LoggerSettings{maxDocumentLength=1000}, clusterSettings={hosts=[ac-ipegaos-shard-00-00.n6xcems.mongodb.net:27017, ac-ipegaos-shard-00-01.n6xcems.mongodb.net:27017, ac-ipegaos-shard-00-02.n6xcems.mongodb.net:27017], srvServiceName=mongodb, mode=MULTIPLE, requiredClusterType=REPLICA_SET, requiredReplicaSetName='atlas-12ucmv-shard-0', serverSelector='null', clusterListeners='[]', serverSelectionTimeout='30000 ms', localThreshold='15 ms'}, socketSettings=SocketSettings{connectTimeoutMS=10000, readTimeoutMS=0, receiveBufferSize=0, proxySettings=ProxySettings{host=null, port=null, username=null, password=null}}, heartbeatSocketSettings=SocketSettings{connectTimeoutMS=10000, readTimeoutMS=10000, receiveBufferSize=0, proxySettings=ProxySettings{host=null, port=null, username=null, password=null}}, connectionPoolSettings=ConnectionPoolSettings{maxSize=100, minSize=0, maxWaitTimeMS=120000, maxConnectionLifeTimeMS=0, maxConnectionIdleTimeMS=0, maintenanceInitialDelayMS=0, maintenanceFrequencyMS=60000, connectionPoolListeners=[], maxConnecting=2}, serverSettings=ServerSettings{heartbeatFrequencyMS=10000, minHeartbeatFrequencyMS=500, serverListeners='[]', serverMonitorListeners='[]'}, sslSettings=SslSettings{enabled=true, invalidHostNameAllowed=false, context=null}, applicationName='Cluster0', compressorList=[], uuidRepresentation=JAVA_LEGACY, serverApi=null, autoEncryptionSettings=null, dnsClient=null, inetAddressResolver=null, contextProvider=null}
2026-05-06 11:46:12 [cluster-ClusterId{value='69fadcab43461a133e3e1a25', description='Cluster0'}-ac-ipegaos-shard-00-00.n6xcems.mongodb.net:27017] INFO  org.mongodb.driver.cluster - Monitor thread successfully connected to server with description ServerDescription{address=ac-ipegaos-shard-00-00.n6xcems.mongodb.net:27017, type=REPLICA_SET_SECONDARY, state=CONNECTED, ok=true, minWireVersion=0, maxWireVersion=25, maxDocumentSize=16777216, logicalSessionTimeoutMinutes=30, roundTripTimeNanos=374741201, setName='atlas-12ucmv-shard-0', canonicalAddress=ac-ipegaos-shard-00-00.n6xcems.mongodb.net:27017, hosts=[ac-ipegaos-shard-00-00.n6xcems.mongodb.net:27017, ac-ipegaos-shard-00-02.n6xcems.mongodb.net:27017, ac-ipegaos-shard-00-01.n6xcems.mongodb.net:27017], passives=[], arbiters=[], primary='ac-ipegaos-shard-00-02.n6xcems.mongodb.net:27017', tagSet=TagSet{[Tag{name='availabilityZone', value='aps1-az1'}, Tag{name='cacheState', value='READY'}, Tag{name='diskState', value='READY'}, Tag{name='nodeType', value='ELECTABLE'}, Tag{name='provider', value='AWS'}, Tag{name='region', value='AP_SOUTH_1'}, Tag{name='workloadType', value='OPERATIONAL'}]}, electionId=null, setVersion=59, topologyVersion=TopologyVersion{processId=69f3a905134fe1d7a24e0f42, counter=4}, lastWriteDate=Wed May 06 11:46:12 IST 2026, lastUpdateTimeNanos=8723891830799}
2026-05-06 11:46:12 [cluster-ClusterId{value='69fadcab43461a133e3e1a25', description='Cluster0'}-ac-ipegaos-shard-00-01.n6xcems.mongodb.net:27017] INFO  org.mongodb.driver.cluster - Monitor thread successfully connected to server with description ServerDescription{address=ac-ipegaos-shard-00-01.n6xcems.mongodb.net:27017, type=REPLICA_SET_SECONDARY, state=CONNECTED, ok=true, minWireVersion=0, maxWireVersion=25, maxDocumentSize=16777216, logicalSessionTimeoutMinutes=30, roundTripTimeNanos=377692900, setName='atlas-12ucmv-shard-0', canonicalAddress=ac-ipegaos-shard-00-01.n6xcems.mongodb.net:27017, hosts=[ac-ipegaos-shard-00-00.n6xcems.mongodb.net:27017, ac-ipegaos-shard-00-02.n6xcems.mongodb.net:27017, ac-ipegaos-shard-00-01.n6xcems.mongodb.net:27017], passives=[], arbiters=[], primary='ac-ipegaos-shard-00-02.n6xcems.mongodb.net:27017', tagSet=TagSet{[Tag{name='availabilityZone', value='aps1-az3'}, Tag{name='cacheState', value='READY'}, Tag{name='diskState', value='READY'}, Tag{name='nodeType', value='ELECTABLE'}, Tag{name='provider', value='AWS'}, Tag{name='region', value='AP_SOUTH_1'}, Tag{name='workloadType', value='OPERATIONAL'}]}, electionId=null, setVersion=59, topologyVersion=TopologyVersion{processId=69f3ad64c76752dcd71912a2, counter=3}, lastWriteDate=Wed May 06 11:46:12 IST 2026, lastUpdateTimeNanos=8723894810899}
2026-05-06 11:46:12 [cluster-ClusterId{value='69fadcab43461a133e3e1a25', description='Cluster0'}-ac-ipegaos-shard-00-02.n6xcems.mongodb.net:27017] INFO  org.mongodb.driver.cluster - Monitor thread successfully connected to server with description ServerDescription{address=ac-ipegaos-shard-00-02.n6xcems.mongodb.net:27017, type=REPLICA_SET_PRIMARY, state=CONNECTED, ok=true, minWireVersion=0, maxWireVersion=25, maxDocumentSize=16777216, logicalSessionTimeoutMinutes=30, roundTripTimeNanos=374248299, setName='atlas-12ucmv-shard-0', canonicalAddress=ac-ipegaos-shard-00-02.n6xcems.mongodb.net:27017, hosts=[ac-ipegaos-shard-00-00.n6xcems.mongodb.net:27017, ac-ipegaos-shard-00-02.n6xcems.mongodb.net:27017, ac-ipegaos-shard-00-01.n6xcems.mongodb.net:27017], passives=[], arbiters=[], primary='ac-ipegaos-shard-00-02.n6xcems.mongodb.net:27017', tagSet=TagSet{[Tag{name='availabilityZone', value='aps1-az2'}, Tag{name='cacheState', value='READY'}, Tag{name='diskState', value='READY'}, Tag{name='nodeType', value='ELECTABLE'}, Tag{name='provider', value='AWS'}, Tag{name='region', value='AP_SOUTH_1'}, Tag{name='workloadType', value='OPERATIONAL'}]}, electionId=7fffffff00000000000000de, setVersion=59, topologyVersion=TopologyVersion{processId=69f3aaf9f53630c5bd712865, counter=6}, lastWriteDate=Wed May 06 11:46:12 IST 2026, lastUpdateTimeNanos=8723891829599}
2026-05-06 11:46:12 [cluster-ClusterId{value='69fadcab43461a133e3e1a25', description='Cluster0'}-ac-ipegaos-shard-00-02.n6xcems.mongodb.net:27017] INFO  org.mongodb.driver.cluster - Discovered replica set primary ac-ipegaos-shard-00-02.n6xcems.mongodb.net:27017 with max election id 7fffffff00000000000000de and max set version 59
2026-05-06 11:46:12 [main] WARN  o.s.b.a.s.s.UserDetailsServiceAutoConfiguration - 

Using generated security password: 575f0323-0bc0-4293-a1da-23b38b535a28

This generated password is for development use only. Your security configuration must be updated before running your application in production.

2026-05-06 11:46:12 [main] INFO  o.s.s.web.DefaultSecurityFilterChain - Will secure any request with [org.springframework.security.web.session.DisableEncodeUrlFilter@531a716c, org.springframework.security.web.context.request.async.WebAsyncManagerIntegrationFilter@377dbc50, org.springframework.security.web.context.SecurityContextHolderFilter@28f05b0c, org.springframework.security.web.header.HeaderWriterFilter@d85b399, org.springframework.web.filter.CorsFilter@531ec2ca, org.springframework.security.web.authentication.logout.LogoutFilter@24a3d414, com.sentinel.security.JwtTokenFilter@70884875, org.springframework.security.web.savedrequest.RequestCacheAwareFilter@6d3163a6, org.springframework.security.web.servletapi.SecurityContextHolderAwareRequestFilter@75d97e18, org.springframework.security.web.authentication.AnonymousAuthenticationFilter@7019d619, org.springframework.security.web.session.SessionManagementFilter@5597ca3, org.springframework.security.web.access.ExceptionTranslationFilter@4bbc21bd, org.springframework.security.web.access.intercept.AuthorizationFilter@7ce30c0b]
2026-05-06 11:46:13 [main] INFO  o.a.coyote.http11.Http11NioProtocol - Starting ProtocolHandler ["http-nio-5500"]
2026-05-06 11:46:13 [main] INFO  o.s.b.w.e.tomcat.TomcatWebServer - Tomcat started on port 5500 (http) with context path ''
2026-05-06 11:46:13 [main] INFO  com.sentinel.SentinelApplication - Started SentinelApplication in 5.852 seconds (process running for 6.544)
2026-05-06 11:46:13 [scheduling-1] INFO  com.sentinel.engine.ApiMonitor - Initializing automated fleet surveillance cycle...
2026-05-06 11:46:14 [http-nio-5500-exec-2] INFO  o.a.c.c.C.[Tomcat].[localhost].[/] - Initializing Spring DispatcherServlet 'dispatcherServlet'
2026-05-06 11:46:14 [http-nio-5500-exec-2] INFO  o.s.web.servlet.DispatcherServlet - Initializing Servlet 'dispatcherServlet'
2026-05-06 11:46:14 [http-nio-5500-exec-2] INFO  o.s.web.servlet.DispatcherServlet - Completed initialization in 2 ms
2026-05-06 11:46:14 [ForkJoinPool.commonPool-worker-6] INFO  com.sentinel.engine.ApiMonitor - Signal captured from test | Status: 404 | Latency: 413ms
2026-05-06 11:46:14 [ForkJoinPool.commonPool-worker-6] INFO  com.sentinel.engine.ApiMonitor - Signal captured from JSONPlaceholder Test | Status: 200 | Latency: 668ms
2026-05-06 11:46:14 [ForkJoinPool.commonPool-worker-6] INFO  com.sentinel.engine.ApiMonitor - Signal captured from JSONPlaceholder Fleet | Status: 200 | Latency: 715ms
2026-05-06 11:46:14 [ForkJoinPool.commonPool-worker-2] INFO  com.sentinel.engine.ApiMonitor - Signal captured from JSONPlaceholder Test | Status: 200 | Latency: 745ms
2026-05-06 11:46:14 [ForkJoinPool.commonPool-worker-6] INFO  com.sentinel.engine.ApiMonitor - Signal captured from fvwrg | Status: 200 | Latency: 762ms
2026-05-06 11:46:14 [ForkJoinPool.commonPool-worker-3] INFO  com.sentinel.engine.ApiMonitor - Signal captured from Test Service | Status: 200 | Latency: 765ms
2026-05-06 11:46:14 [ForkJoinPool.commonPool-worker-7] INFO  com.sentinel.engine.ApiMonitor - Signal captured from JSONPlaceholder | Status: 200 | Latency: 673ms
2026-05-06 11:46:14 [ForkJoinPool.commonPool-worker-5] INFO  com.sentinel.engine.ApiMonitor - Signal captured from JSONPlaceholder | Status: 200 | Latency: 738ms
2026-05-06 11:46:15 [ForkJoinPool.commonPool-worker-5] INFO  com.sentinel.engine.ApiMonitor - Signal captured from Sentinel API | Status: 200 | Latency: 1049ms
2026-05-06 11:46:44 [scheduling-1] INFO  com.sentinel.engine.ApiMonitor - Initializing automated fleet surveillance cycle...
2026-05-06 11:46:44 [ForkJoinPool.commonPool-worker-5] INFO  com.sentinel.engine.ApiMonitor - Signal captured from test | Status: 404 | Latency: 169ms
2026-05-06 11:46:44 [ForkJoinPool.commonPool-worker-4] INFO  com.sentinel.engine.ApiMonitor - Signal captured from Test Service | Status: 200 | Latency: 216ms
2026-05-06 11:46:44 [ForkJoinPool.commonPool-worker-5] INFO  com.sentinel.engine.ApiMonitor - Signal captured from Sentinel API | Status: 200 | Latency: 228ms
2026-05-06 11:46:44 [ForkJoinPool.commonPool-worker-3] INFO  com.sentinel.engine.ApiMonitor - Signal captured from JSONPlaceholder | Status: 200 | Latency: 242ms
2026-05-06 11:46:44 [ForkJoinPool.commonPool-worker-3] INFO  com.sentinel.engine.ApiMonitor - Signal captured from JSONPlaceholder Test | Status: 200 | Latency: 480ms
2026-05-06 11:46:44 [ForkJoinPool.commonPool-worker-6] INFO  com.sentinel.engine.ApiMonitor - Signal captured from JSONPlaceholder Test | Status: 200 | Latency: 481ms
2026-05-06 11:46:44 [ForkJoinPool.commonPool-worker-5] INFO  com.sentinel.engine.ApiMonitor - Signal captured from fvwrg | Status: 200 | Latency: 480ms
2026-05-06 11:46:44 [ForkJoinPool.commonPool-worker-2] INFO  com.sentinel.engine.ApiMonitor - Signal captured from JSONPlaceholder Fleet | Status: 200 | Latency: 481ms
2026-05-06 11:46:44 [ForkJoinPool.commonPool-worker-4] INFO  com.sentinel.engine.ApiMonitor - Signal captured from JSONPlaceholder | Status: 200 | Latency: 482ms
2026-05-06 11:47:14 [scheduling-1] INFO  com.sentinel.engine.ApiMonitor - Initializing automated fleet surveillance cycle...
2026-05-06 11:47:14 [ForkJoinPool.commonPool-worker-7] INFO  com.sentinel.engine.ApiMonitor - Signal captured from test | Status: 404 | Latency: 197ms
2026-05-06 11:47:14 [ForkJoinPool.commonPool-worker-7] INFO  com.sentinel.engine.ApiMonitor - Signal captured from Sentinel API | Status: 200 | Latency: 274ms
2026-05-06 11:47:14 [ForkJoinPool.commonPool-worker-7] INFO  com.sentinel.engine.ApiMonitor - Signal captured from Test Service | Status: 200 | Latency: 446ms
2026-05-06 11:47:14 [ForkJoinPool.commonPool-worker-7] INFO  com.sentinel.engine.ApiMonitor - Signal captured from fvwrg | Status: 200 | Latency: 514ms
2026-05-06 11:47:14 [ForkJoinPool.commonPool-worker-4] INFO  com.sentinel.engine.ApiMonitor - Signal captured from JSONPlaceholder Fleet | Status: 200 | Latency: 522ms
2026-05-06 11:47:14 [ForkJoinPool.commonPool-worker-5] INFO  com.sentinel.engine.ApiMonitor - Signal captured from JSONPlaceholder Test | Status: 200 | Latency: 528ms
2026-05-06 11:47:14 [ForkJoinPool.commonPool-worker-7] INFO  com.sentinel.engine.ApiMonitor - Signal captured from JSONPlaceholder | Status: 200 | Latency: 563ms
2026-05-06 11:47:14 [ForkJoinPool.commonPool-worker-4] INFO  com.sentinel.engine.ApiMonitor - Signal captured from JSONPlaceholder | Status: 200 | Latency: 563ms
2026-05-06 11:47:14 [ForkJoinPool.commonPool-worker-2] INFO  com.sentinel.engine.ApiMonitor - Signal captured from JSONPlaceholder Test | Status: 200 | Latency: 563ms
2026-05-06 11:47:44 [scheduling-1] INFO  com.sentinel.engine.ApiMonitor - Initializing automated fleet surveillance cycle...
2026-05-06 11:47:44 [ForkJoinPool.commonPool-worker-7] INFO  com.sentinel.engine.ApiMonitor - Signal captured from JSONPlaceholder Fleet | Status: 200 | Latency: 176ms
2026-05-06 11:47:44 [ForkJoinPool.commonPool-worker-5] INFO  com.sentinel.engine.ApiMonitor - Signal captured from test | Status: 404 | Latency: 176ms
2026-05-06 11:47:44 [ForkJoinPool.commonPool-worker-9] INFO  com.sentinel.engine.ApiMonitor - Signal captured from JSONPlaceholder | Status: 200 | Latency: 192ms
2026-05-06 11:47:44 [ForkJoinPool.commonPool-worker-2] INFO  com.sentinel.engine.ApiMonitor - Signal captured from fvwrg | Status: 200 | Latency: 208ms
2026-05-06 11:47:44 [ForkJoinPool.commonPool-worker-2] INFO  com.sentinel.engine.ApiMonitor - Signal captured from JSONPlaceholder Test | Status: 200 | Latency: 258ms
2026-05-06 11:47:44 [ForkJoinPool.commonPool-worker-9] INFO  com.sentinel.engine.ApiMonitor - Signal captured from JSONPlaceholder Test | Status: 200 | Latency: 258ms
2026-05-06 11:47:44 [ForkJoinPool.commonPool-worker-5] INFO  com.sentinel.engine.ApiMonitor - Signal captured from JSONPlaceholder | Status: 200 | Latency: 258ms
2026-05-06 11:47:44 [ForkJoinPool.commonPool-worker-5] INFO  com.sentinel.engine.ApiMonitor - Signal captured from Sentinel API | Status: 200 | Latency: 366ms
2026-05-06 11:47:44 [ForkJoinPool.commonPool-worker-5] INFO  com.sentinel.engine.ApiMonitor - Signal captured from Test Service | Status: 200 | Latency: 462ms
2026-05-06 11:48:14 [scheduling-1] INFO  com.sentinel.engine.ApiMonitor - Initializing automated fleet surveillance cycle...
2026-05-06 11:48:14 [ForkJoinPool.commonPool-worker-5] INFO  com.sentinel.engine.ApiMonitor - Signal captured from test | Status: 404 | Latency: 212ms
2026-05-06 11:48:14 [ForkJoinPool.commonPool-worker-6] INFO  com.sentinel.engine.ApiMonitor - Signal captured from Sentinel API | Status: 200 | Latency: 236ms
2026-05-06 11:48:14 [ForkJoinPool.commonPool-worker-7] INFO  com.sentinel.engine.ApiMonitor - Signal captured from Test Service | Status: 200 | Latency: 250ms
2026-05-06 11:48:14 [ForkJoinPool.commonPool-worker-5] INFO  com.sentinel.engine.ApiMonitor - Signal captured from JSONPlaceholder | Status: 200 | Latency: 255ms
2026-05-06 11:48:14 [ForkJoinPool.commonPool-worker-9] INFO  com.sentinel.engine.ApiMonitor - Signal captured from JSONPlaceholder Fleet | Status: 200 | Latency: 269ms
2026-05-06 11:48:14 [ForkJoinPool.commonPool-worker-7] INFO  com.sentinel.engine.ApiMonitor - Signal captured from fvwrg | Status: 200 | Latency: 284ms
2026-05-06 11:48:14 [ForkJoinPool.commonPool-worker-9] INFO  com.sentinel.engine.ApiMonitor - Signal captured from JSONPlaceholder Test | Status: 200 | Latency: 328ms
2026-05-06 11:48:14 [ForkJoinPool.commonPool-worker-5] INFO  com.sentinel.engine.ApiMonitor - Signal captured from JSONPlaceholder Test | Status: 200 | Latency: 329ms
2026-05-06 11:48:14 [ForkJoinPool.commonPool-worker-7] INFO  com.sentinel.engine.ApiMonitor - Signal captured from JSONPlaceholder | Status: 200 | Latency: 328ms
2026-05-06 11:48:44 [scheduling-1] INFO  com.sentinel.engine.ApiMonitor - Initializing automated fleet surveillance cycle...
2026-05-06 11:48:44 [ForkJoinPool.commonPool-worker-7] INFO  com.sentinel.engine.ApiMonitor - Signal captured from test | Status: 404 | Latency: 194ms
2026-05-06 11:48:44 [ForkJoinPool.commonPool-worker-4] INFO  com.sentinel.engine.ApiMonitor - Signal captured from Sentinel API | Status: 200 | Latency: 250ms
2026-05-06 11:48:44 [ForkJoinPool.commonPool-worker-4] INFO  com.sentinel.engine.ApiMonitor - Signal captured from Test Service | Status: 200 | Latency: 446ms
2026-05-06 11:48:44 [ForkJoinPool.commonPool-worker-4] INFO  com.sentinel.engine.ApiMonitor - Signal captured from JSONPlaceholder | Status: 200 | Latency: 519ms
2026-05-06 11:48:44 [ForkJoinPool.commonPool-worker-7] INFO  com.sentinel.engine.ApiMonitor - Signal captured from JSONPlaceholder Test | Status: 200 | Latency: 523ms
2026-05-06 11:48:44 [ForkJoinPool.commonPool-worker-9] INFO  com.sentinel.engine.ApiMonitor - Signal captured from JSONPlaceholder Fleet | Status: 200 | Latency: 526ms
2026-05-06 11:48:44 [ForkJoinPool.commonPool-worker-3] INFO  com.sentinel.engine.ApiMonitor - Signal captured from JSONPlaceholder Test | Status: 200 | Latency: 533ms
2026-05-06 11:48:44 [ForkJoinPool.commonPool-worker-2] INFO  com.sentinel.engine.ApiMonitor - Signal captured from JSONPlaceholder | Status: 200 | Latency: 533ms
2026-05-06 11:48:45 [ForkJoinPool.commonPool-worker-6] INFO  com.sentinel.engine.ApiMonitor - Signal captured from fvwrg | Status: 200 | Latency: 535ms
2026-05-06 11:49:14 [scheduling-1] INFO  com.sentinel.engine.ApiMonitor - Initializing automated fleet surveillance cycle...
2026-05-06 11:49:14 [ForkJoinPool.commonPool-worker-4] INFO  com.sentinel.engine.ApiMonitor - Signal captured from JSONPlaceholder | Status: 200 | Latency: 231ms
2026-05-06 11:49:14 [ForkJoinPool.commonPool-worker-7] INFO  com.sentinel.engine.ApiMonitor - Signal captured from JSONPlaceholder Fleet | Status: 200 | Latency: 243ms
2026-05-06 11:49:14 [ForkJoinPool.commonPool-worker-3] INFO  com.sentinel.engine.ApiMonitor - Signal captured from Sentinel API | Status: 200 | Latency: 254ms
2026-05-06 11:49:14 [ForkJoinPool.commonPool-worker-2] INFO  com.sentinel.engine.ApiMonitor - Signal captured from JSONPlaceholder Test | Status: 200 | Latency: 260ms
2026-05-06 11:49:14 [ForkJoinPool.commonPool-worker-4] INFO  com.sentinel.engine.ApiMonitor - Signal captured from test | Status: 404 | Latency: 275ms
2026-05-06 11:49:14 [ForkJoinPool.commonPool-worker-3] INFO  com.sentinel.engine.ApiMonitor - Signal captured from fvwrg | Status: 200 | Latency: 298ms
2026-05-06 11:49:14 [ForkJoinPool.commonPool-worker-7] INFO  com.sentinel.engine.ApiMonitor - Signal captured from JSONPlaceholder Test | Status: 200 | Latency: 298ms
2026-05-06 11:49:14 [ForkJoinPool.commonPool-worker-2] INFO  com.sentinel.engine.ApiMonitor - Signal captured from JSONPlaceholder | Status: 200 | Latency: 298ms
2026-05-06 11:49:15 [ForkJoinPool.commonPool-worker-2] INFO  com.sentinel.engine.ApiMonitor - Signal captured from Test Service | Status: 200 | Latency: 625ms
2026-05-06 11:49:44 [scheduling-1] INFO  com.sentinel.engine.ApiMonitor - Initializing automated fleet surveillance cycle...
2026-05-06 11:49:44 [ForkJoinPool.commonPool-worker-9] INFO  com.sentinel.engine.ApiMonitor - Signal captured from test | Status: 404 | Latency: 186ms
2026-05-06 11:49:44 [ForkJoinPool.commonPool-worker-9] INFO  com.sentinel.engine.ApiMonitor - Signal captured from Sentinel API | Status: 200 | Latency: 252ms
2026-05-06 11:49:44 [ForkJoinPool.commonPool-worker-4] INFO  com.sentinel.engine.ApiMonitor - Signal captured from fvwrg | Status: 200 | Latency: 268ms
2026-05-06 11:49:44 [ForkJoinPool.commonPool-worker-3] INFO  com.sentinel.engine.ApiMonitor - Signal captured from JSONPlaceholder | Status: 200 | Latency: 282ms
2026-05-06 11:49:44 [ForkJoinPool.commonPool-worker-7] INFO  com.sentinel.engine.ApiMonitor - Signal captured from JSONPlaceholder Test | Status: 200 | Latency: 293ms
2026-05-06 11:49:44 [ForkJoinPool.commonPool-worker-7] INFO  com.sentinel.engine.ApiMonitor - Signal captured from JSONPlaceholder Test | Status: 200 | Latency: 334ms
2026-05-06 11:49:44 [ForkJoinPool.commonPool-worker-3] INFO  com.sentinel.engine.ApiMonitor - Signal captured from JSONPlaceholder Fleet | Status: 200 | Latency: 334ms
2026-05-06 11:49:44 [ForkJoinPool.commonPool-worker-4] INFO  com.sentinel.engine.ApiMonitor - Signal captured from JSONPlaceholder | Status: 200 | Latency: 334ms
2026-05-06 11:49:44 [ForkJoinPool.commonPool-worker-9] INFO  com.sentinel.engine.ApiMonitor - Signal captured from Test Service | Status: 200 | Latency: 351ms
2026-05-06 11:50:14 [scheduling-1] INFO  com.sentinel.engine.ApiMonitor - Initializing automated fleet surveillance cycle...
2026-05-06 11:50:14 [ForkJoinPool.commonPool-worker-4] INFO  com.sentinel.engine.ApiMonitor - Signal captured from test | Status: 404 | Latency: 200ms
2026-05-06 11:50:14 [ForkJoinPool.commonPool-worker-4] INFO  com.sentinel.engine.ApiMonitor - Signal captured from JSONPlaceholder | Status: 200 | Latency: 267ms
2026-05-06 11:50:14 [ForkJoinPool.commonPool-worker-3] INFO  com.sentinel.engine.ApiMonitor - Signal captured from JSONPlaceholder Fleet | Status: 200 | Latency: 283ms
2026-05-06 11:50:14 [ForkJoinPool.commonPool-worker-9] INFO  com.sentinel.engine.ApiMonitor - Signal captured from JSONPlaceholder | Status: 200 | Latency: 302ms
2026-05-06 11:50:14 [ForkJoinPool.commonPool-worker-4] INFO  com.sentinel.engine.ApiMonitor - Signal captured from Sentinel API | Status: 200 | Latency: 326ms
2026-05-06 11:50:14 [ForkJoinPool.commonPool-worker-3] INFO  com.sentinel.engine.ApiMonitor - Signal captured from JSONPlaceholder Test | Status: 200 | Latency: 346ms
2026-05-06 11:50:14 [ForkJoinPool.commonPool-worker-9] INFO  com.sentinel.engine.ApiMonitor - Signal captured from fvwrg | Status: 200 | Latency: 346ms
2026-05-06 11:50:14 [ForkJoinPool.commonPool-worker-7] INFO  com.sentinel.engine.ApiMonitor - Signal captured from JSONPlaceholder Test | Status: 200 | Latency: 347ms
2026-05-06 11:50:14 [ForkJoinPool.commonPool-worker-7] INFO  com.sentinel.engine.ApiMonitor - Signal captured from Test Service | Status: 200 | Latency: 460ms
2026-05-06 11:50:44 [scheduling-1] INFO  com.sentinel.engine.ApiMonitor - Initializing automated fleet surveillance cycle...
2026-05-06 11:50:44 [ForkJoinPool.commonPool-worker-3] INFO  com.sentinel.engine.ApiMonitor - Signal captured from test | Status: 404 | Latency: 204ms
2026-05-06 11:50:44 [ForkJoinPool.commonPool-worker-7] INFO  com.sentinel.engine.ApiMonitor - Signal captured from JSONPlaceholder Test | Status: 200 | Latency: 224ms
2026-05-06 11:50:44 [ForkJoinPool.commonPool-worker-9] INFO  com.sentinel.engine.ApiMonitor - Signal captured from fvwrg | Status: 200 | Latency: 240ms
2026-05-06 11:50:44 [ForkJoinPool.commonPool-worker-4] INFO  com.sentinel.engine.ApiMonitor - Signal captured from Test Service | Status: 200 | Latency: 249ms
2026-05-06 11:50:44 [ForkJoinPool.commonPool-worker-3] INFO  com.sentinel.engine.ApiMonitor - Signal captured from Sentinel API | Status: 200 | Latency: 255ms
2026-05-06 11:50:44 [ForkJoinPool.commonPool-worker-7] INFO  com.sentinel.engine.ApiMonitor - Signal captured from JSONPlaceholder Test | Status: 200 | Latency: 262ms
2026-05-06 11:50:44 [ForkJoinPool.commonPool-worker-4] INFO  com.sentinel.engine.ApiMonitor - Signal captured from JSONPlaceholder | Status: 200 | Latency: 325ms
2026-05-06 11:50:44 [ForkJoinPool.commonPool-worker-3] INFO  com.sentinel.engine.ApiMonitor - Signal captured from JSONPlaceholder | Status: 200 | Latency: 326ms
2026-05-06 11:50:44 [ForkJoinPool.commonPool-worker-7] INFO  com.sentinel.engine.ApiMonitor - Signal captured from JSONPlaceholder Fleet | Status: 200 | Latency: 325ms
2026-05-06 11:51:14 [scheduling-1] INFO  com.sentinel.engine.ApiMonitor - Initializing automated fleet surveillance cycle...
2026-05-06 11:51:14 [ForkJoinPool.commonPool-worker-9] INFO  com.sentinel.engine.ApiMonitor - Signal captured from test | Status: 404 | Latency: 213ms
2026-05-06 11:51:14 [ForkJoinPool.commonPool-worker-4] INFO  com.sentinel.engine.ApiMonitor - Signal captured from fvwrg | Status: 200 | Latency: 240ms
2026-05-06 11:51:14 [ForkJoinPool.commonPool-worker-9] INFO  com.sentinel.engine.ApiMonitor - Signal captured from JSONPlaceholder Test | Status: 200 | Latency: 255ms
2026-05-06 11:51:14 [ForkJoinPool.commonPool-worker-9] INFO  com.sentinel.engine.ApiMonitor - Signal captured from JSONPlaceholder | Status: 200 | Latency: 318ms
2026-05-06 11:51:14 [ForkJoinPool.commonPool-worker-4] INFO  com.sentinel.engine.ApiMonitor - Signal captured from Sentinel API | Status: 200 | Latency: 322ms
2026-05-06 11:51:14 [ForkJoinPool.commonPool-worker-7] INFO  com.sentinel.engine.ApiMonitor - Signal captured from JSONPlaceholder Test | Status: 200 | Latency: 332ms
2026-05-06 11:51:14 [ForkJoinPool.commonPool-worker-3] INFO  com.sentinel.engine.ApiMonitor - Signal captured from JSONPlaceholder | Status: 200 | Latency: 332ms
2026-05-06 11:51:14 [ForkJoinPool.commonPool-worker-2] INFO  com.sentinel.engine.ApiMonitor - Signal captured from JSONPlaceholder Fleet | Status: 200 | Latency: 333ms
2026-05-06 11:51:15 [ForkJoinPool.commonPool-worker-2] INFO  com.sentinel.engine.ApiMonitor - Signal captured from Test Service | Status: 200 | Latency: 534ms
2026-05-06 11:51:44 [scheduling-1] INFO  com.sentinel.engine.ApiMonitor - Initializing automated fleet surveillance cycle...
2026-05-06 11:51:44 [ForkJoinPool.commonPool-worker-5] INFO  com.sentinel.engine.ApiMonitor - Signal captured from test | Status: 404 | Latency: 186ms
2026-05-06 11:51:44 [ForkJoinPool.commonPool-worker-5] INFO  com.sentinel.engine.ApiMonitor - Signal captured from Sentinel API | Status: 200 | Latency: 247ms
2026-05-06 11:51:45 [ForkJoinPool.commonPool-worker-5] INFO  com.sentinel.engine.ApiMonitor - Signal captured from JSONPlaceholder Test | Status: 200 | Latency: 503ms
2026-05-06 11:51:45 [ForkJoinPool.commonPool-worker-7] INFO  com.sentinel.engine.ApiMonitor - Signal captured from fvwrg | Status: 200 | Latency: 529ms
2026-05-06 11:51:45 [ForkJoinPool.commonPool-worker-6] INFO  com.sentinel.engine.ApiMonitor - Signal captured from JSONPlaceholder Test | Status: 200 | Latency: 524ms
2026-05-06 11:51:45 [ForkJoinPool.commonPool-worker-6] INFO  com.sentinel.engine.ApiMonitor - Signal captured from Test Service | Status: 200 | Latency: 730ms
2026-05-06 11:51:45 [ForkJoinPool.commonPool-worker-7] INFO  com.sentinel.engine.ApiMonitor - Signal captured from JSONPlaceholder Fleet | Status: 200 | Latency: 733ms
2026-05-06 11:51:45 [ForkJoinPool.commonPool-worker-9] INFO  com.sentinel.engine.ApiMonitor - Signal captured from JSONPlaceholder | Status: 200 | Latency: 733ms
2026-05-06 11:51:45 [ForkJoinPool.commonPool-worker-5] INFO  com.sentinel.engine.ApiMonitor - Signal captured from JSONPlaceholder | Status: 200 | Latency: 733ms
2026-05-06 11:52:14 [scheduling-1] INFO  com.sentinel.engine.ApiMonitor - Initializing automated fleet surveillance cycle...
2026-05-06 11:52:14 [ForkJoinPool.commonPool-worker-5] INFO  com.sentinel.engine.ApiMonitor - Signal captured from test | Status: 404 | Latency: 186ms
2026-05-06 11:52:14 [ForkJoinPool.commonPool-worker-5] INFO  com.sentinel.engine.ApiMonitor - Signal captured from JSONPlaceholder | Status: 200 | Latency: 242ms
2026-05-06 11:52:14 [ForkJoinPool.commonPool-worker-6] INFO  com.sentinel.engine.ApiMonitor - Signal captured from Sentinel API | Status: 200 | Latency: 242ms
2026-05-06 11:52:14 [ForkJoinPool.commonPool-worker-2] INFO  com.sentinel.engine.ApiMonitor - Signal captured from JSONPlaceholder | Status: 200 | Latency: 259ms
2026-05-06 11:52:14 [ForkJoinPool.commonPool-worker-7] INFO  com.sentinel.engine.ApiMonitor - Signal captured from JSONPlaceholder Test | Status: 200 | Latency: 268ms
2026-05-06 11:52:15 [ForkJoinPool.commonPool-worker-6] INFO  com.sentinel.engine.ApiMonitor - Signal captured from JSONPlaceholder Test | Status: 200 | Latency: 299ms
2026-05-06 11:52:15 [ForkJoinPool.commonPool-worker-2] INFO  com.sentinel.engine.ApiMonitor - Signal captured from JSONPlaceholder Fleet | Status: 200 | Latency: 299ms
2026-05-06 11:52:15 [ForkJoinPool.commonPool-worker-5] INFO  com.sentinel.engine.ApiMonitor - Signal captured from fvwrg | Status: 200 | Latency: 299ms
2026-05-06 11:52:15 [ForkJoinPool.commonPool-worker-5] INFO  com.sentinel.engine.ApiMonitor - Signal captured from Test Service | Status: 200 | Latency: 483ms
2026-05-06 11:52:44 [scheduling-1] INFO  com.sentinel.engine.ApiMonitor - Initializing automated fleet surveillance cycle...
2026-05-06 11:52:44 [ForkJoinPool.commonPool-worker-6] INFO  com.sentinel.engine.ApiMonitor - Signal captured from test | Status: 404 | Latency: 176ms
2026-05-06 11:52:45 [ForkJoinPool.commonPool-worker-6] INFO  com.sentinel.engine.ApiMonitor - Signal captured from Sentinel API | Status: 200 | Latency: 304ms
2026-05-06 11:52:45 [ForkJoinPool.commonPool-worker-6] INFO  com.sentinel.engine.ApiMonitor - Signal captured from Test Service | Status: 200 | Latency: 539ms
2026-05-06 11:52:45 [ForkJoinPool.commonPool-worker-5] INFO  com.sentinel.engine.ApiMonitor - Signal captured from JSONPlaceholder | Status: 200 | Latency: 570ms
2026-05-06 11:52:45 [ForkJoinPool.commonPool-worker-7] INFO  com.sentinel.engine.ApiMonitor - Signal captured from JSONPlaceholder Fleet | Status: 200 | Latency: 567ms
2026-05-06 11:52:45 [ForkJoinPool.commonPool-worker-7] INFO  com.sentinel.engine.ApiMonitor - Signal captured from JSONPlaceholder Test | Status: 200 | Latency: 638ms
2026-05-06 11:52:45 [ForkJoinPool.commonPool-worker-6] INFO  com.sentinel.engine.ApiMonitor - Signal captured from JSONPlaceholder | Status: 200 | Latency: 660ms
2026-05-06 11:52:45 [ForkJoinPool.commonPool-worker-5] INFO  com.sentinel.engine.ApiMonitor - Signal captured from fvwrg | Status: 200 | Latency: 660ms
2026-05-06 11:52:45 [ForkJoinPool.commonPool-worker-2] INFO  com.sentinel.engine.ApiMonitor - Signal captured from JSONPlaceholder Test | Status: 200 | Latency: 660ms
2026-05-06 11:53:14 [scheduling-1] INFO  com.sentinel.engine.ApiMonitor - Initializing automated fleet surveillance cycle...
2026-05-06 11:53:14 [ForkJoinPool.commonPool-worker-6] INFO  com.sentinel.engine.ApiMonitor - Signal captured from test | Status: 404 | Latency: 177ms
2026-05-06 11:53:15 [ForkJoinPool.commonPool-worker-6] INFO  com.sentinel.engine.ApiMonitor - Signal captured from Sentinel API | Status: 200 | Latency: 246ms
2026-05-06 11:53:15 [ForkJoinPool.commonPool-worker-8] INFO  com.sentinel.engine.ApiMonitor - Signal captured from JSONPlaceholder | Status: 200 | Latency: 260ms
2026-05-06 11:53:15 [ForkJoinPool.commonPool-worker-8] INFO  com.sentinel.engine.ApiMonitor - Signal captured from fvwrg | Status: 200 | Latency: 311ms
2026-05-06 11:53:15 [ForkJoinPool.commonPool-worker-8] INFO  com.sentinel.engine.ApiMonitor - Signal captured from JSONPlaceholder Fleet | Status: 200 | Latency: 371ms
2026-05-06 11:53:15 [ForkJoinPool.commonPool-worker-8] INFO  com.sentinel.engine.ApiMonitor - Signal captured from Test Service | Status: 200 | Latency: 462ms
2026-05-06 11:53:15 [ForkJoinPool.commonPool-worker-6] INFO  com.sentinel.engine.ApiMonitor - Signal captured from JSONPlaceholder Test | Status: 200 | Latency: 506ms
2026-05-06 11:53:15 [ForkJoinPool.commonPool-worker-8] INFO  com.sentinel.engine.ApiMonitor - Signal captured from JSONPlaceholder | Status: 200 | Latency: 506ms
2026-05-06 11:53:15 [ForkJoinPool.commonPool-worker-3] INFO  com.sentinel.engine.ApiMonitor - Signal captured from JSONPlaceholder Test | Status: 200 | Latency: 506ms
2026-05-06 11:53:44 [scheduling-1] INFO  com.sentinel.engine.ApiMonitor - Initializing automated fleet surveillance cycle...
2026-05-06 11:53:45 [ForkJoinPool.commonPool-worker-4] INFO  com.sentinel.engine.ApiMonitor - Signal captured from test | Status: 404 | Latency: 175ms
2026-05-06 11:53:45 [ForkJoinPool.commonPool-worker-4] INFO  com.sentinel.engine.ApiMonitor - Signal captured from JSONPlaceholder Test | Status: 200 | Latency: 248ms
2026-05-06 11:53:45 [ForkJoinPool.commonPool-worker-5] INFO  com.sentinel.engine.ApiMonitor - Signal captured from Test Service | Status: 200 | Latency: 250ms
2026-05-06 11:53:45 [ForkJoinPool.commonPool-worker-5] INFO  com.sentinel.engine.ApiMonitor - Signal captured from JSONPlaceholder | Status: 200 | Latency: 290ms
2026-05-06 11:53:45 [ForkJoinPool.commonPool-worker-4] INFO  com.sentinel.engine.ApiMonitor - Signal captured from Sentinel API | Status: 200 | Latency: 303ms
2026-05-06 11:53:45 [ForkJoinPool.commonPool-worker-4] INFO  com.sentinel.engine.ApiMonitor - Signal captured from JSONPlaceholder | Status: 200 | Latency: 351ms
2026-05-06 11:53:45 [ForkJoinPool.commonPool-worker-5] INFO  com.sentinel.engine.ApiMonitor - Signal captured from fvwrg | Status: 200 | Latency: 513ms
2026-05-06 11:53:45 [ForkJoinPool.commonPool-worker-4] INFO  com.sentinel.engine.ApiMonitor - Signal captured from JSONPlaceholder Test | Status: 200 | Latency: 511ms
2026-05-06 11:53:45 [ForkJoinPool.commonPool-worker-6] INFO  com.sentinel.engine.ApiMonitor - Signal captured from JSONPlaceholder Fleet | Status: 200 | Latency: 513ms
2026-05-06 11:54:14 [scheduling-1] INFO  com.sentinel.engine.ApiMonitor - Initializing automated fleet surveillance cycle...
2026-05-06 11:54:15 [ForkJoinPool.commonPool-worker-3] INFO  com.sentinel.engine.ApiMonitor - Signal captured from Sentinel API | Status: 200 | Latency: 304ms
2026-05-06 11:54:15 [ForkJoinPool.commonPool-worker-4] INFO  com.sentinel.engine.ApiMonitor - Signal captured from JSONPlaceholder | Status: 200 | Latency: 306ms
2026-05-06 11:54:15 [ForkJoinPool.commonPool-worker-4] INFO  com.sentinel.engine.ApiMonitor - Signal captured from test | Status: 404 | Latency: 420ms
2026-05-06 11:54:15 [ForkJoinPool.commonPool-worker-4] INFO  com.sentinel.engine.ApiMonitor - Signal captured from Test Service | Status: 200 | Latency: 519ms
2026-05-06 11:54:15 [ForkJoinPool.commonPool-worker-3] INFO  com.sentinel.engine.ApiMonitor - Signal captured from JSONPlaceholder | Status: 200 | Latency: 544ms
2026-05-06 11:54:15 [ForkJoinPool.commonPool-worker-6] INFO  com.sentinel.engine.ApiMonitor - Signal captured from JSONPlaceholder Fleet | Status: 200 | Latency: 550ms
2026-05-06 11:54:15 [ForkJoinPool.commonPool-worker-4] INFO  com.sentinel.engine.ApiMonitor - Signal captured from JSONPlaceholder Test | Status: 200 | Latency: 557ms
2026-05-06 11:54:15 [ForkJoinPool.commonPool-worker-5] INFO  com.sentinel.engine.ApiMonitor - Signal captured from fvwrg | Status: 200 | Latency: 557ms
2026-05-06 11:54:15 [ForkJoinPool.commonPool-worker-8] INFO  com.sentinel.engine.ApiMonitor - Signal captured from JSONPlaceholder Test | Status: 200 | Latency: 557ms
2026-05-06 11:54:45 [scheduling-1] INFO  com.sentinel.engine.ApiMonitor - Initializing automated fleet surveillance cycle...
2026-05-06 11:54:45 [ForkJoinPool.commonPool-worker-4] INFO  com.sentinel.engine.ApiMonitor - Signal captured from test | Status: 404 | Latency: 182ms
2026-05-06 11:54:45 [ForkJoinPool.commonPool-worker-4] INFO  com.sentinel.engine.ApiMonitor - Signal captured from Sentinel API | Status: 200 | Latency: 246ms
2026-05-06 11:54:45 [ForkJoinPool.commonPool-worker-6] INFO  com.sentinel.engine.ApiMonitor - Signal captured from JSONPlaceholder | Status: 200 | Latency: 263ms
2026-05-06 11:54:45 [ForkJoinPool.commonPool-worker-6] INFO  com.sentinel.engine.ApiMonitor - Signal captured from fvwrg | Status: 200 | Latency: 325ms
2026-05-06 11:54:45 [ForkJoinPool.commonPool-worker-6] INFO  com.sentinel.engine.ApiMonitor - Signal captured from JSONPlaceholder Fleet | Status: 200 | Latency: 411ms
2026-05-06 11:54:45 [ForkJoinPool.commonPool-worker-6] INFO  com.sentinel.engine.ApiMonitor - Signal captured from Test Service | Status: 200 | Latency: 474ms
2026-05-06 11:54:46 [ForkJoinPool.commonPool-worker-4] INFO  com.sentinel.engine.ApiMonitor - Signal captured from JSONPlaceholder | Status: 200 | Latency: 1178ms
2026-05-06 11:54:46 [ForkJoinPool.commonPool-worker-6] INFO  com.sentinel.engine.ApiMonitor - Signal captured from JSONPlaceholder Test | Status: 200 | Latency: 1178ms
2026-05-06 11:54:46 [ForkJoinPool.commonPool-worker-8] INFO  com.sentinel.engine.ApiMonitor - Signal captured from JSONPlaceholder Test | Status: 200 | Latency: 1178ms
2026-05-06 11:55:15 [scheduling-1] INFO  com.sentinel.engine.ApiMonitor - Initializing automated fleet surveillance cycle...
2026-05-06 11:55:15 [ForkJoinPool.commonPool-worker-6] INFO  com.sentinel.engine.ApiMonitor - Signal captured from test | Status: 404 | Latency: 179ms
2026-05-06 11:55:15 [ForkJoinPool.commonPool-worker-6] INFO  com.sentinel.engine.ApiMonitor - Signal captured from Sentinel API | Status: 200 | Latency: 243ms
2026-05-06 11:55:15 [ForkJoinPool.commonPool-worker-6] INFO  com.sentinel.engine.ApiMonitor - Signal captured from Test Service | Status: 200 | Latency: 422ms
2026-05-06 11:55:15 [ForkJoinPool.commonPool-worker-6] INFO  com.sentinel.engine.ApiMonitor - Signal captured from JSONPlaceholder Test | Status: 200 | Latency: 515ms
2026-05-06 11:55:15 [ForkJoinPool.commonPool-worker-8] INFO  com.sentinel.engine.ApiMonitor - Signal captured from JSONPlaceholder Fleet | Status: 200 | Latency: 518ms
2026-05-06 11:55:15 [ForkJoinPool.commonPool-worker-8] INFO  com.sentinel.engine.ApiMonitor - Signal captured from JSONPlaceholder | Status: 200 | Latency: 618ms
2026-05-06 11:55:15 [ForkJoinPool.commonPool-worker-6] INFO  com.sentinel.engine.ApiMonitor - Signal captured from JSONPlaceholder | Status: 200 | Latency: 624ms
2026-05-06 11:55:15 [ForkJoinPool.commonPool-worker-4] INFO  com.sentinel.engine.ApiMonitor - Signal captured from fvwrg | Status: 200 | Latency: 624ms
2026-05-06 11:55:15 [ForkJoinPool.commonPool-worker-5] INFO  com.sentinel.engine.ApiMonitor - Signal captured from JSONPlaceholder Test | Status: 200 | Latency: 625ms
2026-05-06 11:55:45 [scheduling-1] INFO  com.sentinel.engine.ApiMonitor - Initializing automated fleet surveillance cycle...
2026-05-06 11:55:45 [ForkJoinPool.commonPool-worker-2] INFO  com.sentinel.engine.ApiMonitor - Signal captured from test | Status: 404 | Latency: 184ms
2026-05-06 11:55:45 [ForkJoinPool.commonPool-worker-2] INFO  com.sentinel.engine.ApiMonitor - Signal captured from Sentinel API | Status: 200 | Latency: 242ms
2026-05-06 11:55:45 [ForkJoinPool.commonPool-worker-2] INFO  com.sentinel.engine.ApiMonitor - Signal captured from Test Service | Status: 200 | Latency: 465ms
2026-05-06 11:55:45 [ForkJoinPool.commonPool-worker-4] INFO  com.sentinel.engine.ApiMonitor - Signal captured from JSONPlaceholder | Status: 200 | Latency: 549ms
2026-05-06 11:55:45 [ForkJoinPool.commonPool-worker-2] INFO  com.sentinel.engine.ApiMonitor - Signal captured from fvwrg | Status: 200 | Latency: 546ms
2026-05-06 11:55:45 [ForkJoinPool.commonPool-worker-9] INFO  com.sentinel.engine.ApiMonitor - Signal captured from JSONPlaceholder | Status: 200 | Latency: 555ms
2026-05-06 11:55:45 [ForkJoinPool.commonPool-worker-6] INFO  com.sentinel.engine.ApiMonitor - Signal captured from JSONPlaceholder Fleet | Status: 200 | Latency: 577ms
2026-05-06 11:55:45 [ForkJoinPool.commonPool-worker-5] INFO  com.sentinel.engine.ApiMonitor - Signal captured from JSONPlaceholder Test | Status: 200 | Latency: 577ms
2026-05-06 11:55:45 [ForkJoinPool.commonPool-worker-7] INFO  com.sentinel.engine.ApiMonitor - Signal captured from JSONPlaceholder Test | Status: 200 | Latency: 577ms
2026-05-06 11:56:15 [scheduling-1] INFO  com.sentinel.engine.ApiMonitor - Initializing automated fleet surveillance cycle...
2026-05-06 11:56:15 [ForkJoinPool.commonPool-worker-5] INFO  com.sentinel.engine.ApiMonitor - Signal captured from test | Status: 404 | Latency: 188ms
2026-05-06 11:56:15 [ForkJoinPool.commonPool-worker-5] INFO  com.sentinel.engine.ApiMonitor - Signal captured from Test Service | Status: 200 | Latency: 236ms
2026-05-06 11:56:15 [ForkJoinPool.commonPool-worker-6] INFO  com.sentinel.engine.ApiMonitor - Signal captured from Sentinel API | Status: 200 | Latency: 240ms
2026-05-06 11:56:15 [ForkJoinPool.commonPool-worker-6] INFO  com.sentinel.engine.ApiMonitor - Signal captured from JSONPlaceholder | Status: 200 | Latency: 285ms
2026-05-06 11:56:15 [ForkJoinPool.commonPool-worker-6] INFO  com.sentinel.engine.ApiMonitor - Signal captured from JSONPlaceholder Test | Status: 200 | Latency: 325ms
2026-05-06 11:56:15 [ForkJoinPool.commonPool-worker-6] INFO  com.sentinel.engine.ApiMonitor - Signal captured from JSONPlaceholder Test | Status: 200 | Latency: 382ms
2026-05-06 11:56:15 [ForkJoinPool.commonPool-worker-6] INFO  com.sentinel.engine.ApiMonitor - Signal captured from JSONPlaceholder Fleet | Status: 200 | Latency: 520ms
2026-05-06 11:56:15 [ForkJoinPool.commonPool-worker-7] INFO  com.sentinel.engine.ApiMonitor - Signal captured from fvwrg | Status: 200 | Latency: 521ms
2026-05-06 11:56:15 [ForkJoinPool.commonPool-worker-5] INFO  com.sentinel.engine.ApiMonitor - Signal captured from JSONPlaceholder | Status: 200 | Latency: 520ms
2026-05-06 11:56:45 [scheduling-1] INFO  com.sentinel.engine.ApiMonitor - Initializing automated fleet surveillance cycle...
2026-05-06 11:56:45 [ForkJoinPool.commonPool-worker-9] INFO  com.sentinel.engine.ApiMonitor - Signal captured from test | Status: 404 | Latency: 187ms
2026-05-06 11:56:45 [ForkJoinPool.commonPool-worker-9] INFO  com.sentinel.engine.ApiMonitor - Signal captured from JSONPlaceholder Test | Status: 200 | Latency: 279ms
2026-05-06 11:56:45 [ForkJoinPool.commonPool-worker-9] INFO  com.sentinel.engine.ApiMonitor - Signal captured from JSONPlaceholder Fleet | Status: 200 | Latency: 342ms
2026-05-06 11:56:45 [ForkJoinPool.commonPool-worker-9] INFO  com.sentinel.engine.ApiMonitor - Signal captured from Test Service | Status: 200 | Latency: 446ms
2026-05-06 11:56:45 [ForkJoinPool.commonPool-worker-9] INFO  com.sentinel.engine.ApiMonitor - Signal captured from Sentinel API | Status: 200 | Latency: 530ms
2026-05-06 11:56:46 [ForkJoinPool.commonPool-worker-9] INFO  com.sentinel.engine.ApiMonitor - Signal captured from JSONPlaceholder | Status: 200 | Latency: 895ms
2026-05-06 11:56:46 [ForkJoinPool.commonPool-worker-4] INFO  com.sentinel.engine.ApiMonitor - Signal captured from JSONPlaceholder | Status: 200 | Latency: 1057ms
2026-05-06 11:56:46 [ForkJoinPool.commonPool-worker-6] INFO  com.sentinel.engine.ApiMonitor - Signal captured from fvwrg | Status: 200 | Latency: 1057ms
2026-05-06 11:56:46 [ForkJoinPool.commonPool-worker-9] INFO  com.sentinel.engine.ApiMonitor - Signal captured from JSONPlaceholder Test | Status: 200 | Latency: 1057ms
2026-05-06 11:57:15 [scheduling-1] INFO  com.sentinel.engine.ApiMonitor - Initializing automated fleet surveillance cycle...
2026-05-06 11:57:15 [ForkJoinPool.commonPool-worker-4] INFO  com.sentinel.engine.ApiMonitor - Signal captured from test | Status: 404 | Latency: 208ms
2026-05-06 11:57:15 [ForkJoinPool.commonPool-worker-6] INFO  com.sentinel.engine.ApiMonitor - Signal captured from Test Service | Status: 200 | Latency: 223ms
2026-05-06 11:57:15 [ForkJoinPool.commonPool-worker-9] INFO  com.sentinel.engine.ApiMonitor - Signal captured from Sentinel API | Status: 200 | Latency: 236ms
2026-05-06 11:57:15 [ForkJoinPool.commonPool-worker-9] INFO  com.sentinel.engine.ApiMonitor - Signal captured from JSONPlaceholder | Status: 200 | Latency: 284ms
2026-05-06 11:57:15 [ForkJoinPool.commonPool-worker-9] INFO  com.sentinel.engine.ApiMonitor - Signal captured from JSONPlaceholder Test | Status: 200 | Latency: 320ms
2026-05-06 11:57:15 [ForkJoinPool.commonPool-worker-9] INFO  com.sentinel.engine.ApiMonitor - Signal captured from JSONPlaceholder Test | Status: 200 | Latency: 376ms
2026-05-06 11:57:15 [ForkJoinPool.commonPool-worker-4] INFO  com.sentinel.engine.ApiMonitor - Signal captured from fvwrg | Status: 200 | Latency: 484ms
2026-05-06 11:57:15 [ForkJoinPool.commonPool-worker-6] INFO  com.sentinel.engine.ApiMonitor - Signal captured from JSONPlaceholder | Status: 200 | Latency: 484ms
2026-05-06 11:57:15 [ForkJoinPool.commonPool-worker-9] INFO  com.sentinel.engine.ApiMonitor - Signal captured from JSONPlaceholder Fleet | Status: 200 | Latency: 484ms
2026-05-06 11:57:28 [background-preinit] INFO  o.h.validator.internal.util.Version - HV000001: Hibernate Validator 8.0.1.Final
2026-05-06 11:57:28 [main] INFO  com.sentinel.SentinelApplication - Starting SentinelApplication using Java 17.0.12 with PID 25596 (A:\Projects\Santinel\backend\target\classes started by Ajay in A:\Projects\Santinel\backend)
2026-05-06 11:57:28 [main] INFO  com.sentinel.SentinelApplication - No active profile set, falling back to 1 default profile: "default"
2026-05-06 11:57:29 [main] INFO  o.s.d.r.c.RepositoryConfigurationDelegate - Bootstrapping Spring Data MongoDB repositories in DEFAULT mode.
2026-05-06 11:57:30 [main] INFO  o.s.d.r.c.RepositoryConfigurationDelegate - Finished Spring Data repository scanning in 254 ms. Found 3 MongoDB repository interfaces.
2026-05-06 11:57:31 [main] INFO  o.s.b.w.e.tomcat.TomcatWebServer - Tomcat initialized with port 5500 (http)
2026-05-06 11:57:31 [main] INFO  o.a.coyote.http11.Http11NioProtocol - Initializing ProtocolHandler ["http-nio-5500"]
2026-05-06 11:57:31 [main] INFO  o.a.catalina.core.StandardService - Starting service [Tomcat]
2026-05-06 11:57:31 [main] INFO  o.a.catalina.core.StandardEngine - Starting Servlet engine: [Apache Tomcat/10.1.20]
2026-05-06 11:57:31 [main] INFO  o.a.c.c.C.[Tomcat].[localhost].[/] - Initializing Spring embedded WebApplicationContext
2026-05-06 11:57:31 [main] INFO  o.s.b.w.s.c.ServletWebServerApplicationContext - Root WebApplicationContext: initialization completed in 2466 ms
2026-05-06 11:57:31 [main] INFO  org.mongodb.driver.cluster - Adding discovered server ac-ipegaos-shard-00-00.n6xcems.mongodb.net:27017 to client view of cluster
2026-05-06 11:57:31 [main] INFO  org.mongodb.driver.cluster - Adding discovered server ac-ipegaos-shard-00-01.n6xcems.mongodb.net:27017 to client view of cluster
2026-05-06 11:57:31 [main] INFO  org.mongodb.driver.cluster - Adding discovered server ac-ipegaos-shard-00-02.n6xcems.mongodb.net:27017 to client view of cluster
2026-05-06 11:57:31 [main] INFO  org.mongodb.driver.client - MongoClient with metadata {"application": {"name": "Cluster0"}, "driver": {"name": "mongo-java-driver|sync|spring-boot", "version": "4.11.2"}, "os": {"type": "Windows", "name": "Windows 11", "architecture": "amd64", "version": "10.0"}, "platform": "Java/Oracle Corporation/17.0.12+8-LTS-286"} created with settings MongoClientSettings{readPreference=primary, writeConcern=WriteConcern{w=null, wTimeout=null ms, journal=null}, retryWrites=true, retryReads=true, readConcern=ReadConcern{level=null}, credential=MongoCredential{mechanism=null, userName='admin', source='admin', password=<hidden>, mechanismProperties=<hidden>}, transportSettings=null, streamFactoryFactory=null, commandListeners=[], codecRegistry=ProvidersCodecRegistry{codecProviders=[ValueCodecProvider{}, BsonValueCodecProvider{}, DBRefCodecProvider{}, DBObjectCodecProvider{}, DocumentCodecProvider{}, CollectionCodecProvider{}, IterableCodecProvider{}, MapCodecProvider{}, GeoJsonCodecProvider{}, GridFSFileCodecProvider{}, Jsr310CodecProvider{}, JsonObjectCodecProvider{}, BsonCodecProvider{}, EnumCodecProvider{}, com.mongodb.client.model.mql.ExpressionCodecProvider@29f3c438, com.mongodb.Jep395RecordCodecProvider@5460edd3, com.mongodb.KotlinCodecProvider@5dbbb292]}, loggerSettings=LoggerSettings{maxDocumentLength=1000}, clusterSettings={hosts=[ac-ipegaos-shard-00-00.n6xcems.mongodb.net:27017, ac-ipegaos-shard-00-01.n6xcems.mongodb.net:27017, ac-ipegaos-shard-00-02.n6xcems.mongodb.net:27017], srvServiceName=mongodb, mode=MULTIPLE, requiredClusterType=REPLICA_SET, requiredReplicaSetName='atlas-12ucmv-shard-0', serverSelector='null', clusterListeners='[]', serverSelectionTimeout='30000 ms', localThreshold='15 ms'}, socketSettings=SocketSettings{connectTimeoutMS=10000, readTimeoutMS=0, receiveBufferSize=0, proxySettings=ProxySettings{host=null, port=null, username=null, password=null}}, heartbeatSocketSettings=SocketSettings{connectTimeoutMS=10000, readTimeoutMS=10000, receiveBufferSize=0, proxySettings=ProxySettings{host=null, port=null, username=null, password=null}}, connectionPoolSettings=ConnectionPoolSettings{maxSize=100, minSize=0, maxWaitTimeMS=120000, maxConnectionLifeTimeMS=0, maxConnectionIdleTimeMS=0, maintenanceInitialDelayMS=0, maintenanceFrequencyMS=60000, connectionPoolListeners=[], maxConnecting=2}, serverSettings=ServerSettings{heartbeatFrequencyMS=10000, minHeartbeatFrequencyMS=500, serverListeners='[]', serverMonitorListeners='[]'}, sslSettings=SslSettings{enabled=true, invalidHostNameAllowed=false, context=null}, applicationName='Cluster0', compressorList=[], uuidRepresentation=JAVA_LEGACY, serverApi=null, autoEncryptionSettings=null, dnsClient=null, inetAddressResolver=null, contextProvider=null}
2026-05-06 11:57:32 [cluster-ClusterId{value='69fadf53d7d67d70006d5073', description='Cluster0'}-ac-ipegaos-shard-00-02.n6xcems.mongodb.net:27017] INFO  org.mongodb.driver.cluster - Monitor thread successfully connected to server with description ServerDescription{address=ac-ipegaos-shard-00-02.n6xcems.mongodb.net:27017, type=REPLICA_SET_PRIMARY, state=CONNECTED, ok=true, minWireVersion=0, maxWireVersion=25, maxDocumentSize=16777216, logicalSessionTimeoutMinutes=30, roundTripTimeNanos=359374300, setName='atlas-12ucmv-shard-0', canonicalAddress=ac-ipegaos-shard-00-02.n6xcems.mongodb.net:27017, hosts=[ac-ipegaos-shard-00-00.n6xcems.mongodb.net:27017, ac-ipegaos-shard-00-02.n6xcems.mongodb.net:27017, ac-ipegaos-shard-00-01.n6xcems.mongodb.net:27017], passives=[], arbiters=[], primary='ac-ipegaos-shard-00-02.n6xcems.mongodb.net:27017', tagSet=TagSet{[Tag{name='availabilityZone', value='aps1-az2'}, Tag{name='cacheState', value='READY'}, Tag{name='diskState', value='READY'}, Tag{name='nodeType', value='ELECTABLE'}, Tag{name='provider', value='AWS'}, Tag{name='region', value='AP_SOUTH_1'}, Tag{name='workloadType', value='OPERATIONAL'}]}, electionId=7fffffff00000000000000de, setVersion=59, topologyVersion=TopologyVersion{processId=69f3aaf9f53630c5bd712865, counter=6}, lastWriteDate=Wed May 06 11:57:32 IST 2026, lastUpdateTimeNanos=9404006402500}
2026-05-06 11:57:32 [cluster-ClusterId{value='69fadf53d7d67d70006d5073', description='Cluster0'}-ac-ipegaos-shard-00-00.n6xcems.mongodb.net:27017] INFO  org.mongodb.driver.cluster - Monitor thread successfully connected to server with description ServerDescription{address=ac-ipegaos-shard-00-00.n6xcems.mongodb.net:27017, type=REPLICA_SET_SECONDARY, state=CONNECTED, ok=true, minWireVersion=0, maxWireVersion=25, maxDocumentSize=16777216, logicalSessionTimeoutMinutes=30, roundTripTimeNanos=359355900, setName='atlas-12ucmv-shard-0', canonicalAddress=ac-ipegaos-shard-00-00.n6xcems.mongodb.net:27017, hosts=[ac-ipegaos-shard-00-00.n6xcems.mongodb.net:27017, ac-ipegaos-shard-00-02.n6xcems.mongodb.net:27017, ac-ipegaos-shard-00-01.n6xcems.mongodb.net:27017], passives=[], arbiters=[], primary='ac-ipegaos-shard-00-02.n6xcems.mongodb.net:27017', tagSet=TagSet{[Tag{name='availabilityZone', value='aps1-az1'}, Tag{name='cacheState', value='READY'}, Tag{name='diskState', value='READY'}, Tag{name='nodeType', value='ELECTABLE'}, Tag{name='provider', value='AWS'}, Tag{name='region', value='AP_SOUTH_1'}, Tag{name='workloadType', value='OPERATIONAL'}]}, electionId=null, setVersion=59, topologyVersion=TopologyVersion{processId=69f3a905134fe1d7a24e0f42, counter=4}, lastWriteDate=Wed May 06 11:57:32 IST 2026, lastUpdateTimeNanos=9404006402300}
2026-05-06 11:57:32 [cluster-ClusterId{value='69fadf53d7d67d70006d5073', description='Cluster0'}-ac-ipegaos-shard-00-01.n6xcems.mongodb.net:27017] INFO  org.mongodb.driver.cluster - Monitor thread successfully connected to server with description ServerDescription{address=ac-ipegaos-shard-00-01.n6xcems.mongodb.net:27017, type=REPLICA_SET_SECONDARY, state=CONNECTED, ok=true, minWireVersion=0, maxWireVersion=25, maxDocumentSize=16777216, logicalSessionTimeoutMinutes=30, roundTripTimeNanos=359399200, setName='atlas-12ucmv-shard-0', canonicalAddress=ac-ipegaos-shard-00-01.n6xcems.mongodb.net:27017, hosts=[ac-ipegaos-shard-00-00.n6xcems.mongodb.net:27017, ac-ipegaos-shard-00-02.n6xcems.mongodb.net:27017, ac-ipegaos-shard-00-01.n6xcems.mongodb.net:27017], passives=[], arbiters=[], primary='ac-ipegaos-shard-00-02.n6xcems.mongodb.net:27017', tagSet=TagSet{[Tag{name='availabilityZone', value='aps1-az3'}, Tag{name='cacheState', value='READY'}, Tag{name='diskState', value='READY'}, Tag{name='nodeType', value='ELECTABLE'}, Tag{name='provider', value='AWS'}, Tag{name='region', value='AP_SOUTH_1'}, Tag{name='workloadType', value='OPERATIONAL'}]}, electionId=null, setVersion=59, topologyVersion=TopologyVersion{processId=69f3ad64c76752dcd71912a2, counter=3}, lastWriteDate=Wed May 06 11:57:32 IST 2026, lastUpdateTimeNanos=9404006402300}
2026-05-06 11:57:32 [cluster-ClusterId{value='69fadf53d7d67d70006d5073', description='Cluster0'}-ac-ipegaos-shard-00-02.n6xcems.mongodb.net:27017] INFO  org.mongodb.driver.cluster - Discovered replica set primary ac-ipegaos-shard-00-02.n6xcems.mongodb.net:27017 with max election id 7fffffff00000000000000de and max set version 59
2026-05-06 11:57:32 [main] WARN  o.s.b.a.s.s.UserDetailsServiceAutoConfiguration - 

Using generated security password: d8c4d17c-adcc-4f7d-8d1a-9b0a9463d6e1

This generated password is for development use only. Your security configuration must be updated before running your application in production.

2026-05-06 11:57:32 [main] INFO  o.s.s.web.DefaultSecurityFilterChain - Will secure any request with [org.springframework.security.web.session.DisableEncodeUrlFilter@1d7f2f0a, org.springframework.security.web.context.request.async.WebAsyncManagerIntegrationFilter@54defd69, org.springframework.security.web.context.SecurityContextHolderFilter@31b741e2, org.springframework.security.web.header.HeaderWriterFilter@4bbc21bd, org.springframework.web.filter.CorsFilter@531a716c, org.springframework.security.web.authentication.logout.LogoutFilter@6b8bdcc6, com.sentinel.security.JwtTokenFilter@377dbc50, org.springframework.security.web.savedrequest.RequestCacheAwareFilter@28f05b0c, org.springframework.security.web.servletapi.SecurityContextHolderAwareRequestFilter@660296d5, org.springframework.security.web.authentication.AnonymousAuthenticationFilter@531ec2ca, org.springframework.security.web.session.SessionManagementFilter@5a8dcfbb, org.springframework.security.web.access.ExceptionTranslationFilter@6caeba36, org.springframework.security.web.access.intercept.AuthorizationFilter@55638165]
2026-05-06 11:57:33 [main] INFO  o.a.coyote.http11.Http11NioProtocol - Starting ProtocolHandler ["http-nio-5500"]
2026-05-06 11:57:33 [main] WARN  o.s.b.w.s.c.AnnotationConfigServletWebServerApplicationContext - Exception encountered during context initialization - cancelling refresh attempt: org.springframework.context.ApplicationContextException: Failed to start bean 'webServerStartStop'
2026-05-06 11:57:33 [main] INFO  o.s.b.a.l.ConditionEvaluationReportLogger - 

Error starting ApplicationContext. To display the condition evaluation report re-run your application with 'debug' enabled.
2026-05-06 11:57:33 [main] ERROR o.s.b.d.LoggingFailureAnalysisReporter - 

***************************
APPLICATION FAILED TO START
***************************

Description:

Web server failed to start. Port 5500 was already in use.

Action:

Identify and stop the process that's listening on port 5500 or configure this application to listen on another port.

2026-05-06 11:57:45 [scheduling-1] INFO  com.sentinel.engine.ApiMonitor - Initializing automated fleet surveillance cycle...
2026-05-06 11:57:45 [ForkJoinPool.commonPool-worker-5] INFO  com.sentinel.engine.ApiMonitor - Signal captured from test | Status: 404 | Latency: 190ms
2026-05-06 11:57:45 [ForkJoinPool.commonPool-worker-9] INFO  com.sentinel.engine.ApiMonitor - Signal captured from Test Service | Status: 200 | Latency: 227ms
2026-05-06 11:57:45 [ForkJoinPool.commonPool-worker-9] INFO  com.sentinel.engine.ApiMonitor - Signal captured from fvwrg | Status: 200 | Latency: 293ms
2026-05-06 11:57:45 [ForkJoinPool.commonPool-worker-9] INFO  com.sentinel.engine.ApiMonitor - Signal captured from JSONPlaceholder | Status: 200 | Latency: 335ms
2026-05-06 11:57:45 [ForkJoinPool.commonPool-worker-9] INFO  com.sentinel.engine.ApiMonitor - Signal captured from JSONPlaceholder Fleet | Status: 200 | Latency: 395ms
2026-05-06 11:57:45 [ForkJoinPool.commonPool-worker-5] INFO  com.sentinel.engine.ApiMonitor - Signal captured from Sentinel API | Status: 200 | Latency: 411ms
2026-05-06 11:57:45 [ForkJoinPool.commonPool-worker-9] INFO  com.sentinel.engine.ApiMonitor - Signal captured from JSONPlaceholder | Status: 200 | Latency: 525ms
2026-05-06 11:57:45 [ForkJoinPool.commonPool-worker-5] INFO  com.sentinel.engine.ApiMonitor - Signal captured from JSONPlaceholder Test | Status: 200 | Latency: 525ms
2026-05-06 11:57:45 [ForkJoinPool.commonPool-worker-2] INFO  com.sentinel.engine.ApiMonitor - Signal captured from JSONPlaceholder Test | Status: 200 | Latency: 527ms
2026-05-06 11:58:15 [scheduling-1] INFO  com.sentinel.engine.ApiMonitor - Initializing automated fleet surveillance cycle...
2026-05-06 11:58:15 [ForkJoinPool.commonPool-worker-5] INFO  com.sentinel.engine.ApiMonitor - Signal captured from test | Status: 404 | Latency: 202ms
2026-05-06 11:58:15 [ForkJoinPool.commonPool-worker-4] INFO  com.sentinel.engine.ApiMonitor - Signal captured from Test Service | Status: 200 | Latency: 223ms
2026-05-06 11:58:15 [ForkJoinPool.commonPool-worker-6] INFO  com.sentinel.engine.ApiMonitor - Signal captured from Sentinel API | Status: 200 | Latency: 233ms
2026-05-06 11:58:15 [ForkJoinPool.commonPool-worker-5] INFO  com.sentinel.engine.ApiMonitor - Signal captured from fvwrg | Status: 200 | Latency: 255ms
2026-05-06 11:58:15 [ForkJoinPool.commonPool-worker-5] INFO  com.sentinel.engine.ApiMonitor - Signal captured from JSONPlaceholder | Status: 200 | Latency: 305ms
2026-05-06 11:58:15 [ForkJoinPool.commonPool-worker-5] INFO  com.sentinel.engine.ApiMonitor - Signal captured from JSONPlaceholder Fleet | Status: 200 | Latency: 374ms
2026-05-06 11:58:16 [ForkJoinPool.commonPool-worker-4] INFO  com.sentinel.engine.ApiMonitor - Signal captured from JSONPlaceholder Test | Status: 200 | Latency: 504ms
2026-05-06 11:58:16 [ForkJoinPool.commonPool-worker-5] INFO  com.sentinel.engine.ApiMonitor - Signal captured from JSONPlaceholder | Status: 200 | Latency: 504ms
2026-05-06 11:58:16 [ForkJoinPool.commonPool-worker-6] INFO  com.sentinel.engine.ApiMonitor - Signal captured from JSONPlaceholder Test | Status: 200 | Latency: 504ms
2026-05-06 11:58:20 [background-preinit] INFO  o.h.validator.internal.util.Version - HV000001: Hibernate Validator 8.0.1.Final
2026-05-06 11:58:20 [main] INFO  com.sentinel.SentinelApplication - Starting SentinelApplication using Java 17.0.12 with PID 19924 (A:\Projects\Santinel\backend\target\classes started by Ajay in A:\Projects\Santinel\backend)
2026-05-06 11:58:20 [main] INFO  com.sentinel.SentinelApplication - No active profile set, falling back to 1 default profile: "default"
2026-05-06 11:58:22 [main] INFO  o.s.d.r.c.RepositoryConfigurationDelegate - Bootstrapping Spring Data MongoDB repositories in DEFAULT mode.
2026-05-06 11:58:22 [main] INFO  o.s.d.r.c.RepositoryConfigurationDelegate - Finished Spring Data repository scanning in 264 ms. Found 3 MongoDB repository interfaces.
2026-05-06 11:58:23 [main] INFO  o.s.b.w.e.tomcat.TomcatWebServer - Tomcat initialized with port 5500 (http)
2026-05-06 11:58:23 [main] INFO  o.a.coyote.http11.Http11NioProtocol - Initializing ProtocolHandler ["http-nio-5500"]
2026-05-06 11:58:23 [main] INFO  o.a.catalina.core.StandardService - Starting service [Tomcat]
2026-05-06 11:58:23 [main] INFO  o.a.catalina.core.StandardEngine - Starting Servlet engine: [Apache Tomcat/10.1.20]
2026-05-06 11:58:23 [main] INFO  o.a.c.c.C.[Tomcat].[localhost].[/] - Initializing Spring embedded WebApplicationContext
2026-05-06 11:58:23 [main] INFO  o.s.b.w.s.c.ServletWebServerApplicationContext - Root WebApplicationContext: initialization completed in 2475 ms
2026-05-06 11:58:23 [main] INFO  org.mongodb.driver.cluster - Adding discovered server ac-ipegaos-shard-00-00.n6xcems.mongodb.net:27017 to client view of cluster
2026-05-06 11:58:23 [main] INFO  org.mongodb.driver.cluster - Adding discovered server ac-ipegaos-shard-00-01.n6xcems.mongodb.net:27017 to client view of cluster
2026-05-06 11:58:23 [main] INFO  org.mongodb.driver.cluster - Adding discovered server ac-ipegaos-shard-00-02.n6xcems.mongodb.net:27017 to client view of cluster
2026-05-06 11:58:23 [main] INFO  org.mongodb.driver.client - MongoClient with metadata {"application": {"name": "Cluster0"}, "driver": {"name": "mongo-java-driver|sync|spring-boot", "version": "4.11.2"}, "os": {"type": "Windows", "name": "Windows 11", "architecture": "amd64", "version": "10.0"}, "platform": "Java/Oracle Corporation/17.0.12+8-LTS-286"} created with settings MongoClientSettings{readPreference=primary, writeConcern=WriteConcern{w=null, wTimeout=null ms, journal=null}, retryWrites=true, retryReads=true, readConcern=ReadConcern{level=null}, credential=MongoCredential{mechanism=null, userName='admin', source='admin', password=<hidden>, mechanismProperties=<hidden>}, transportSettings=null, streamFactoryFactory=null, commandListeners=[], codecRegistry=ProvidersCodecRegistry{codecProviders=[ValueCodecProvider{}, BsonValueCodecProvider{}, DBRefCodecProvider{}, DBObjectCodecProvider{}, DocumentCodecProvider{}, CollectionCodecProvider{}, IterableCodecProvider{}, MapCodecProvider{}, GeoJsonCodecProvider{}, GridFSFileCodecProvider{}, Jsr310CodecProvider{}, JsonObjectCodecProvider{}, BsonCodecProvider{}, EnumCodecProvider{}, com.mongodb.client.model.mql.ExpressionCodecProvider@528c8c1, com.mongodb.Jep395RecordCodecProvider@1f78d415, com.mongodb.KotlinCodecProvider@1c046c92]}, loggerSettings=LoggerSettings{maxDocumentLength=1000}, clusterSettings={hosts=[ac-ipegaos-shard-00-00.n6xcems.mongodb.net:27017, ac-ipegaos-shard-00-01.n6xcems.mongodb.net:27017, ac-ipegaos-shard-00-02.n6xcems.mongodb.net:27017], srvServiceName=mongodb, mode=MULTIPLE, requiredClusterType=REPLICA_SET, requiredReplicaSetName='atlas-12ucmv-shard-0', serverSelector='null', clusterListeners='[]', serverSelectionTimeout='30000 ms', localThreshold='15 ms'}, socketSettings=SocketSettings{connectTimeoutMS=10000, readTimeoutMS=0, receiveBufferSize=0, proxySettings=ProxySettings{host=null, port=null, username=null, password=null}}, heartbeatSocketSettings=SocketSettings{connectTimeoutMS=10000, readTimeoutMS=10000, receiveBufferSize=0, proxySettings=ProxySettings{host=null, port=null, username=null, password=null}}, connectionPoolSettings=ConnectionPoolSettings{maxSize=100, minSize=0, maxWaitTimeMS=120000, maxConnectionLifeTimeMS=0, maxConnectionIdleTimeMS=0, maintenanceInitialDelayMS=0, maintenanceFrequencyMS=60000, connectionPoolListeners=[], maxConnecting=2}, serverSettings=ServerSettings{heartbeatFrequencyMS=10000, minHeartbeatFrequencyMS=500, serverListeners='[]', serverMonitorListeners='[]'}, sslSettings=SslSettings{enabled=true, invalidHostNameAllowed=false, context=null}, applicationName='Cluster0', compressorList=[], uuidRepresentation=JAVA_LEGACY, serverApi=null, autoEncryptionSettings=null, dnsClient=null, inetAddressResolver=null, contextProvider=null}
2026-05-06 11:58:24 [cluster-ClusterId{value='69fadf87508aae297432e498', description='Cluster0'}-ac-ipegaos-shard-00-02.n6xcems.mongodb.net:27017] INFO  org.mongodb.driver.cluster - Monitor thread successfully connected to server with description ServerDescription{address=ac-ipegaos-shard-00-02.n6xcems.mongodb.net:27017, type=REPLICA_SET_PRIMARY, state=CONNECTED, ok=true, minWireVersion=0, maxWireVersion=25, maxDocumentSize=16777216, logicalSessionTimeoutMinutes=30, roundTripTimeNanos=328449200, setName='atlas-12ucmv-shard-0', canonicalAddress=ac-ipegaos-shard-00-02.n6xcems.mongodb.net:27017, hosts=[ac-ipegaos-shard-00-00.n6xcems.mongodb.net:27017, ac-ipegaos-shard-00-02.n6xcems.mongodb.net:27017, ac-ipegaos-shard-00-01.n6xcems.mongodb.net:27017], passives=[], arbiters=[], primary='ac-ipegaos-shard-00-02.n6xcems.mongodb.net:27017', tagSet=TagSet{[Tag{name='availabilityZone', value='aps1-az2'}, Tag{name='cacheState', value='READY'}, Tag{name='diskState', value='READY'}, Tag{name='nodeType', value='ELECTABLE'}, Tag{name='provider', value='AWS'}, Tag{name='region', value='AP_SOUTH_1'}, Tag{name='workloadType', value='OPERATIONAL'}]}, electionId=7fffffff00000000000000de, setVersion=59, topologyVersion=TopologyVersion{processId=69f3aaf9f53630c5bd712865, counter=6}, lastWriteDate=Wed May 06 11:58:24 IST 2026, lastUpdateTimeNanos=9456242608600}
2026-05-06 11:58:24 [cluster-ClusterId{value='69fadf87508aae297432e498', description='Cluster0'}-ac-ipegaos-shard-00-01.n6xcems.mongodb.net:27017] INFO  org.mongodb.driver.cluster - Monitor thread successfully connected to server with description ServerDescription{address=ac-ipegaos-shard-00-01.n6xcems.mongodb.net:27017, type=REPLICA_SET_SECONDARY, state=CONNECTED, ok=true, minWireVersion=0, maxWireVersion=25, maxDocumentSize=16777216, logicalSessionTimeoutMinutes=30, roundTripTimeNanos=328408700, setName='atlas-12ucmv-shard-0', canonicalAddress=ac-ipegaos-shard-00-01.n6xcems.mongodb.net:27017, hosts=[ac-ipegaos-shard-00-00.n6xcems.mongodb.net:27017, ac-ipegaos-shard-00-02.n6xcems.mongodb.net:27017, ac-ipegaos-shard-00-01.n6xcems.mongodb.net:27017], passives=[], arbiters=[], primary='ac-ipegaos-shard-00-02.n6xcems.mongodb.net:27017', tagSet=TagSet{[Tag{name='availabilityZone', value='aps1-az3'}, Tag{name='cacheState', value='READY'}, Tag{name='diskState', value='READY'}, Tag{name='nodeType', value='ELECTABLE'}, Tag{name='provider', value='AWS'}, Tag{name='region', value='AP_SOUTH_1'}, Tag{name='workloadType', value='OPERATIONAL'}]}, electionId=null, setVersion=59, topologyVersion=TopologyVersion{processId=69f3ad64c76752dcd71912a2, counter=3}, lastWriteDate=Wed May 06 11:58:24 IST 2026, lastUpdateTimeNanos=9456242608800}
2026-05-06 11:58:24 [cluster-ClusterId{value='69fadf87508aae297432e498', description='Cluster0'}-ac-ipegaos-shard-00-00.n6xcems.mongodb.net:27017] INFO  org.mongodb.driver.cluster - Monitor thread successfully connected to server with description ServerDescription{address=ac-ipegaos-shard-00-00.n6xcems.mongodb.net:27017, type=REPLICA_SET_SECONDARY, state=CONNECTED, ok=true, minWireVersion=0, maxWireVersion=25, maxDocumentSize=16777216, logicalSessionTimeoutMinutes=30, roundTripTimeNanos=328451600, setName='atlas-12ucmv-shard-0', canonicalAddress=ac-ipegaos-shard-00-00.n6xcems.mongodb.net:27017, hosts=[ac-ipegaos-shard-00-00.n6xcems.mongodb.net:27017, ac-ipegaos-shard-00-02.n6xcems.mongodb.net:27017, ac-ipegaos-shard-00-01.n6xcems.mongodb.net:27017], passives=[], arbiters=[], primary='ac-ipegaos-shard-00-02.n6xcems.mongodb.net:27017', tagSet=TagSet{[Tag{name='availabilityZone', value='aps1-az1'}, Tag{name='cacheState', value='READY'}, Tag{name='diskState', value='READY'}, Tag{name='nodeType', value='ELECTABLE'}, Tag{name='provider', value='AWS'}, Tag{name='region', value='AP_SOUTH_1'}, Tag{name='workloadType', value='OPERATIONAL'}]}, electionId=null, setVersion=59, topologyVersion=TopologyVersion{processId=69f3a905134fe1d7a24e0f42, counter=4}, lastWriteDate=Wed May 06 11:58:24 IST 2026, lastUpdateTimeNanos=9456242608700}
2026-05-06 11:58:24 [cluster-ClusterId{value='69fadf87508aae297432e498', description='Cluster0'}-ac-ipegaos-shard-00-02.n6xcems.mongodb.net:27017] INFO  org.mongodb.driver.cluster - Discovered replica set primary ac-ipegaos-shard-00-02.n6xcems.mongodb.net:27017 with max election id 7fffffff00000000000000de and max set version 59
2026-05-06 11:58:24 [main] WARN  o.s.b.a.s.s.UserDetailsServiceAutoConfiguration - 

Using generated security password: 66d2f03f-d4b8-4ab6-891b-1f16de64a4d7

This generated password is for development use only. Your security configuration must be updated before running your application in production.

2026-05-06 11:58:25 [main] INFO  o.s.s.web.DefaultSecurityFilterChain - Will secure any request with [org.springframework.security.web.session.DisableEncodeUrlFilter@7019d619, org.springframework.security.web.context.request.async.WebAsyncManagerIntegrationFilter@2a5c6b76, org.springframework.security.web.context.SecurityContextHolderFilter@5fdb7394, org.springframework.security.web.header.HeaderWriterFilter@67a0ff25, org.springframework.web.filter.CorsFilter@ff1f465, org.springframework.security.web.authentication.logout.LogoutFilter@5871a482, com.sentinel.security.JwtTokenFilter@3d88ce0e, org.springframework.security.web.savedrequest.RequestCacheAwareFilter@4b5798c2, org.springframework.security.web.servletapi.SecurityContextHolderAwareRequestFilter@7540160e, org.springframework.security.web.authentication.AnonymousAuthenticationFilter@31f7eb8, org.springframework.security.web.session.SessionManagementFilter@660296d5, org.springframework.security.web.access.ExceptionTranslationFilter@4dd1d2bb, org.springframework.security.web.access.intercept.AuthorizationFilter@377dbc50]
2026-05-06 11:58:25 [main] INFO  o.a.coyote.http11.Http11NioProtocol - Starting ProtocolHandler ["http-nio-5500"]
2026-05-06 11:58:25 [main] WARN  o.s.b.w.s.c.AnnotationConfigServletWebServerApplicationContext - Exception encountered during context initialization - cancelling refresh attempt: org.springframework.context.ApplicationContextException: Failed to start bean 'webServerStartStop'
2026-05-06 11:58:25 [main] INFO  o.s.b.a.l.ConditionEvaluationReportLogger - 

Error starting ApplicationContext. To display the condition evaluation report re-run your application with 'debug' enabled.
2026-05-06 11:58:25 [main] ERROR o.s.b.d.LoggingFailureAnalysisReporter - 

***************************
APPLICATION FAILED TO START
***************************

Description:

Web server failed to start. Port 5500 was already in use.

Action:

Identify and stop the process that's listening on port 5500 or configure this application to listen on another port.

2026-05-06 11:58:45 [scheduling-1] INFO  com.sentinel.engine.ApiMonitor - Initializing automated fleet surveillance cycle...
2026-05-06 11:58:46 [ForkJoinPool.commonPool-worker-4] INFO  com.sentinel.engine.ApiMonitor - Signal captured from JSONPlaceholder | Status: 200 | Latency: 223ms
2026-05-06 11:58:46 [ForkJoinPool.commonPool-worker-2] INFO  com.sentinel.engine.ApiMonitor - Signal captured from JSONPlaceholder Test | Status: 200 | Latency: 263ms
2026-05-06 11:58:46 [ForkJoinPool.commonPool-worker-3] INFO  com.sentinel.engine.ApiMonitor - Signal captured from fvwrg | Status: 200 | Latency: 350ms
2026-05-06 11:58:46 [ForkJoinPool.commonPool-worker-2] INFO  com.sentinel.engine.ApiMonitor - Signal captured from JSONPlaceholder Test | Status: 200 | Latency: 456ms
2026-05-06 11:58:46 [ForkJoinPool.commonPool-worker-4] INFO  com.sentinel.engine.ApiMonitor - Signal captured from JSONPlaceholder Fleet | Status: 200 | Latency: 456ms
2026-05-06 11:58:46 [ForkJoinPool.commonPool-worker-3] INFO  com.sentinel.engine.ApiMonitor - Signal captured from JSONPlaceholder | Status: 200 | Latency: 456ms
2026-05-06 11:58:46 [ForkJoinPool.commonPool-worker-7] INFO  com.sentinel.engine.ApiMonitor - Signal captured from test | Status: 404 | Latency: 483ms
2026-05-06 11:58:46 [ForkJoinPool.commonPool-worker-5] INFO  com.sentinel.engine.ApiMonitor - Signal captured from Sentinel API | Status: 200 | Latency: 483ms
2026-05-06 11:58:47 [ForkJoinPool.commonPool-worker-5] INFO  com.sentinel.engine.ApiMonitor - Signal captured from Test Service | Status: 200 | Latency: 758ms
2026-05-06 11:59:16 [scheduling-1] INFO  com.sentinel.engine.ApiMonitor - Initializing automated fleet surveillance cycle...
2026-05-06 11:59:16 [ForkJoinPool.commonPool-worker-5] INFO  com.sentinel.engine.ApiMonitor - Signal captured from Sentinel API | Status: 200 | Latency: 317ms
2026-05-06 11:59:16 [ForkJoinPool.commonPool-worker-9] INFO  com.sentinel.engine.ApiMonitor - Signal captured from JSONPlaceholder | Status: 200 | Latency: 322ms
2026-05-06 11:59:17 [ForkJoinPool.commonPool-worker-6] INFO  com.sentinel.engine.ApiMonitor - Signal captured from JSONPlaceholder Test | Status: 200 | Latency: 372ms
2026-05-06 11:59:17 [ForkJoinPool.commonPool-worker-2] INFO  com.sentinel.engine.ApiMonitor - Signal captured from Test Service | Status: 200 | Latency: 372ms
2026-05-06 11:59:17 [ForkJoinPool.commonPool-worker-4] INFO  com.sentinel.engine.ApiMonitor - Signal captured from JSONPlaceholder Test | Status: 200 | Latency: 462ms
2026-05-06 11:59:17 [ForkJoinPool.commonPool-worker-7] INFO  com.sentinel.engine.ApiMonitor - Signal captured from JSONPlaceholder Fleet | Status: 200 | Latency: 584ms
2026-05-06 11:59:18 [ForkJoinPool.commonPool-worker-7] INFO  com.sentinel.engine.ApiMonitor - Signal captured from test | Status: 404 | Latency: 1165ms
2026-05-06 11:59:19 [ForkJoinPool.commonPool-worker-8] INFO  com.sentinel.engine.ApiMonitor - Signal captured from JSONPlaceholder | Status: 200 | Latency: 584ms
2026-05-06 11:59:19 [ForkJoinPool.commonPool-worker-3] INFO  com.sentinel.engine.ApiMonitor - Signal captured from fvwrg | Status: 200 | Latency: 584ms
2026-05-06 11:59:46 [scheduling-1] INFO  com.sentinel.engine.ApiMonitor - Initializing automated fleet surveillance cycle...
2026-05-06 11:59:48 [ForkJoinPool.commonPool-worker-4] INFO  com.sentinel.engine.ApiMonitor - Signal captured from Sentinel API | Status: 200 | Latency: 600ms
2026-05-06 11:59:48 [ForkJoinPool.commonPool-worker-6] INFO  com.sentinel.engine.ApiMonitor - Signal captured from JSONPlaceholder | Status: 200 | Latency: 601ms
2026-05-06 11:59:48 [ForkJoinPool.commonPool-worker-3] INFO  com.sentinel.engine.ApiMonitor - Signal captured from fvwrg | Status: 200 | Latency: 630ms
2026-05-06 11:59:48 [ForkJoinPool.commonPool-worker-2] INFO  com.sentinel.engine.ApiMonitor - Signal captured from test | Status: 404 | Latency: 627ms
2026-05-06 11:59:48 [ForkJoinPool.commonPool-worker-7] INFO  com.sentinel.engine.ApiMonitor - Signal captured from JSONPlaceholder Fleet | Status: 200 | Latency: 696ms
2026-05-06 11:59:48 [ForkJoinPool.commonPool-worker-6] INFO  com.sentinel.engine.ApiMonitor - Signal captured from JSONPlaceholder | Status: 200 | Latency: 818ms
2026-05-06 11:59:48 [ForkJoinPool.commonPool-worker-3] INFO  com.sentinel.engine.ApiMonitor - Signal captured from JSONPlaceholder Test | Status: 200 | Latency: 816ms
2026-05-06 11:59:48 [ForkJoinPool.commonPool-worker-2] INFO  com.sentinel.engine.ApiMonitor - Signal captured from JSONPlaceholder Test | Status: 200 | Latency: 816ms
2026-05-06 11:59:48 [ForkJoinPool.commonPool-worker-2] INFO  com.sentinel.engine.ApiMonitor - Signal captured from Test Service | Status: 200 | Latency: 1145ms
2026-05-06 12:09:52 [background-preinit] INFO  o.h.validator.internal.util.Version - HV000001: Hibernate Validator 8.0.1.Final
2026-05-06 12:09:52 [main] INFO  com.sentinel.SentinelApplication - Starting SentinelApplication using Java 17.0.12 with PID 21392 (A:\Projects\Santinel\backend\target\classes started by Ajay in A:\Projects\Santinel\backend)
2026-05-06 12:09:52 [main] INFO  com.sentinel.SentinelApplication - No active profile set, falling back to 1 default profile: "default"
2026-05-06 12:09:54 [main] INFO  o.s.d.r.c.RepositoryConfigurationDelegate - Bootstrapping Spring Data MongoDB repositories in DEFAULT mode.
2026-05-06 12:09:54 [main] INFO  o.s.d.r.c.RepositoryConfigurationDelegate - Finished Spring Data repository scanning in 263 ms. Found 3 MongoDB repository interfaces.
2026-05-06 12:09:55 [main] INFO  o.s.b.w.e.tomcat.TomcatWebServer - Tomcat initialized with port 5500 (http)
2026-05-06 12:09:55 [main] INFO  o.a.coyote.http11.Http11NioProtocol - Initializing ProtocolHandler ["http-nio-5500"]
2026-05-06 12:09:55 [main] INFO  o.a.catalina.core.StandardService - Starting service [Tomcat]
2026-05-06 12:09:55 [main] INFO  o.a.catalina.core.StandardEngine - Starting Servlet engine: [Apache Tomcat/10.1.20]
2026-05-06 12:09:55 [main] INFO  o.a.c.c.C.[Tomcat].[localhost].[/] - Initializing Spring embedded WebApplicationContext
2026-05-06 12:09:55 [main] INFO  o.s.b.w.s.c.ServletWebServerApplicationContext - Root WebApplicationContext: initialization completed in 2204 ms
2026-05-06 12:09:55 [main] INFO  org.mongodb.driver.cluster - Adding discovered server ac-ipegaos-shard-00-00.n6xcems.mongodb.net:27017 to client view of cluster
2026-05-06 12:09:55 [main] INFO  org.mongodb.driver.cluster - Adding discovered server ac-ipegaos-shard-00-01.n6xcems.mongodb.net:27017 to client view of cluster
2026-05-06 12:09:55 [main] INFO  org.mongodb.driver.cluster - Adding discovered server ac-ipegaos-shard-00-02.n6xcems.mongodb.net:27017 to client view of cluster
2026-05-06 12:09:55 [main] INFO  org.mongodb.driver.client - MongoClient with metadata {"application": {"name": "Cluster0"}, "driver": {"name": "mongo-java-driver|sync|spring-boot", "version": "4.11.2"}, "os": {"type": "Windows", "name": "Windows 11", "architecture": "amd64", "version": "10.0"}, "platform": "Java/Oracle Corporation/17.0.12+8-LTS-286"} created with settings MongoClientSettings{readPreference=primary, writeConcern=WriteConcern{w=null, wTimeout=null ms, journal=null}, retryWrites=true, retryReads=true, readConcern=ReadConcern{level=null}, credential=MongoCredential{mechanism=null, userName='admin', source='admin', password=<hidden>, mechanismProperties=<hidden>}, transportSettings=null, streamFactoryFactory=null, commandListeners=[], codecRegistry=ProvidersCodecRegistry{codecProviders=[ValueCodecProvider{}, BsonValueCodecProvider{}, DBRefCodecProvider{}, DBObjectCodecProvider{}, DocumentCodecProvider{}, CollectionCodecProvider{}, IterableCodecProvider{}, MapCodecProvider{}, GeoJsonCodecProvider{}, GridFSFileCodecProvider{}, Jsr310CodecProvider{}, JsonObjectCodecProvider{}, BsonCodecProvider{}, EnumCodecProvider{}, com.mongodb.client.model.mql.ExpressionCodecProvider@6f6cc7da, com.mongodb.Jep395RecordCodecProvider@40717ed, com.mongodb.KotlinCodecProvider@29f3c438]}, loggerSettings=LoggerSettings{maxDocumentLength=1000}, clusterSettings={hosts=[ac-ipegaos-shard-00-00.n6xcems.mongodb.net:27017, ac-ipegaos-shard-00-01.n6xcems.mongodb.net:27017, ac-ipegaos-shard-00-02.n6xcems.mongodb.net:27017], srvServiceName=mongodb, mode=MULTIPLE, requiredClusterType=REPLICA_SET, requiredReplicaSetName='atlas-12ucmv-shard-0', serverSelector='null', clusterListeners='[]', serverSelectionTimeout='30000 ms', localThreshold='15 ms'}, socketSettings=SocketSettings{connectTimeoutMS=10000, readTimeoutMS=0, receiveBufferSize=0, proxySettings=ProxySettings{host=null, port=null, username=null, password=null}}, heartbeatSocketSettings=SocketSettings{connectTimeoutMS=10000, readTimeoutMS=10000, receiveBufferSize=0, proxySettings=ProxySettings{host=null, port=null, username=null, password=null}}, connectionPoolSettings=ConnectionPoolSettings{maxSize=100, minSize=0, maxWaitTimeMS=120000, maxConnectionLifeTimeMS=0, maxConnectionIdleTimeMS=0, maintenanceInitialDelayMS=0, maintenanceFrequencyMS=60000, connectionPoolListeners=[], maxConnecting=2}, serverSettings=ServerSettings{heartbeatFrequencyMS=10000, minHeartbeatFrequencyMS=500, serverListeners='[]', serverMonitorListeners='[]'}, sslSettings=SslSettings{enabled=true, invalidHostNameAllowed=false, context=null}, applicationName='Cluster0', compressorList=[], uuidRepresentation=JAVA_LEGACY, serverApi=null, autoEncryptionSettings=null, dnsClient=null, inetAddressResolver=null, contextProvider=null}
2026-05-06 12:09:56 [cluster-ClusterId{value='69fae23beb35a94dd8c2f740', description='Cluster0'}-ac-ipegaos-shard-00-01.n6xcems.mongodb.net:27017] INFO  org.mongodb.driver.cluster - Monitor thread successfully connected to server with description ServerDescription{address=ac-ipegaos-shard-00-01.n6xcems.mongodb.net:27017, type=REPLICA_SET_SECONDARY, state=CONNECTED, ok=true, minWireVersion=0, maxWireVersion=25, maxDocumentSize=16777216, logicalSessionTimeoutMinutes=30, roundTripTimeNanos=348142500, setName='atlas-12ucmv-shard-0', canonicalAddress=ac-ipegaos-shard-00-01.n6xcems.mongodb.net:27017, hosts=[ac-ipegaos-shard-00-00.n6xcems.mongodb.net:27017, ac-ipegaos-shard-00-02.n6xcems.mongodb.net:27017, ac-ipegaos-shard-00-01.n6xcems.mongodb.net:27017], passives=[], arbiters=[], primary='ac-ipegaos-shard-00-02.n6xcems.mongodb.net:27017', tagSet=TagSet{[Tag{name='availabilityZone', value='aps1-az3'}, Tag{name='cacheState', value='READY'}, Tag{name='diskState', value='READY'}, Tag{name='nodeType', value='ELECTABLE'}, Tag{name='provider', value='AWS'}, Tag{name='region', value='AP_SOUTH_1'}, Tag{name='workloadType', value='OPERATIONAL'}]}, electionId=null, setVersion=59, topologyVersion=TopologyVersion{processId=69f3ad64c76752dcd71912a2, counter=3}, lastWriteDate=Wed May 06 12:09:56 IST 2026, lastUpdateTimeNanos=10148027439300}
2026-05-06 12:09:56 [cluster-ClusterId{value='69fae23beb35a94dd8c2f740', description='Cluster0'}-ac-ipegaos-shard-00-02.n6xcems.mongodb.net:27017] INFO  org.mongodb.driver.cluster - Monitor thread successfully connected to server with description ServerDescription{address=ac-ipegaos-shard-00-02.n6xcems.mongodb.net:27017, type=REPLICA_SET_PRIMARY, state=CONNECTED, ok=true, minWireVersion=0, maxWireVersion=25, maxDocumentSize=16777216, logicalSessionTimeoutMinutes=30, roundTripTimeNanos=348176900, setName='atlas-12ucmv-shard-0', canonicalAddress=ac-ipegaos-shard-00-02.n6xcems.mongodb.net:27017, hosts=[ac-ipegaos-shard-00-00.n6xcems.mongodb.net:27017, ac-ipegaos-shard-00-02.n6xcems.mongodb.net:27017, ac-ipegaos-shard-00-01.n6xcems.mongodb.net:27017], passives=[], arbiters=[], primary='ac-ipegaos-shard-00-02.n6xcems.mongodb.net:27017', tagSet=TagSet{[Tag{name='availabilityZone', value='aps1-az2'}, Tag{name='cacheState', value='READY'}, Tag{name='diskState', value='READY'}, Tag{name='nodeType', value='ELECTABLE'}, Tag{name='provider', value='AWS'}, Tag{name='region', value='AP_SOUTH_1'}, Tag{name='workloadType', value='OPERATIONAL'}]}, electionId=7fffffff00000000000000de, setVersion=59, topologyVersion=TopologyVersion{processId=69f3aaf9f53630c5bd712865, counter=6}, lastWriteDate=Wed May 06 12:09:56 IST 2026, lastUpdateTimeNanos=10148027438800}
2026-05-06 12:09:56 [cluster-ClusterId{value='69fae23beb35a94dd8c2f740', description='Cluster0'}-ac-ipegaos-shard-00-02.n6xcems.mongodb.net:27017] INFO  org.mongodb.driver.cluster - Discovered replica set primary ac-ipegaos-shard-00-02.n6xcems.mongodb.net:27017 with max election id 7fffffff00000000000000de and max set version 59
2026-05-06 12:09:56 [main] WARN  o.s.b.a.s.s.UserDetailsServiceAutoConfiguration - 

Using generated security password: 4d545e56-a0ec-4c32-b3a0-d07f762eaa45

This generated password is for development use only. Your security configuration must be updated before running your application in production.

2026-05-06 12:09:56 [cluster-ClusterId{value='69fae23beb35a94dd8c2f740', description='Cluster0'}-ac-ipegaos-shard-00-00.n6xcems.mongodb.net:27017] INFO  org.mongodb.driver.cluster - Monitor thread successfully connected to server with description ServerDescription{address=ac-ipegaos-shard-00-00.n6xcems.mongodb.net:27017, type=REPLICA_SET_SECONDARY, state=CONNECTED, ok=true, minWireVersion=0, maxWireVersion=25, maxDocumentSize=16777216, logicalSessionTimeoutMinutes=30, roundTripTimeNanos=406046500, setName='atlas-12ucmv-shard-0', canonicalAddress=ac-ipegaos-shard-00-00.n6xcems.mongodb.net:27017, hosts=[ac-ipegaos-shard-00-00.n6xcems.mongodb.net:27017, ac-ipegaos-shard-00-02.n6xcems.mongodb.net:27017, ac-ipegaos-shard-00-01.n6xcems.mongodb.net:27017], passives=[], arbiters=[], primary='ac-ipegaos-shard-00-02.n6xcems.mongodb.net:27017', tagSet=TagSet{[Tag{name='availabilityZone', value='aps1-az1'}, Tag{name='cacheState', value='READY'}, Tag{name='diskState', value='READY'}, Tag{name='nodeType', value='ELECTABLE'}, Tag{name='provider', value='AWS'}, Tag{name='region', value='AP_SOUTH_1'}, Tag{name='workloadType', value='OPERATIONAL'}]}, electionId=null, setVersion=59, topologyVersion=TopologyVersion{processId=69f3a905134fe1d7a24e0f42, counter=4}, lastWriteDate=Wed May 06 12:09:56 IST 2026, lastUpdateTimeNanos=10148173155100}
2026-05-06 12:09:56 [main] INFO  o.s.s.web.DefaultSecurityFilterChain - Will secure any request with [org.springframework.security.web.session.DisableEncodeUrlFilter@4fa91d5b, org.springframework.security.web.context.request.async.WebAsyncManagerIntegrationFilter@7ce30c0b, org.springframework.security.web.context.SecurityContextHolderFilter@1846ad0f, org.springframework.security.web.header.HeaderWriterFilter@6caeba36, org.springframework.web.filter.CorsFilter@1d7f2f0a, org.springframework.security.web.authentication.logout.LogoutFilter@29c59b6e, com.sentinel.security.JwtTokenFilter@54defd69, org.springframework.security.web.savedrequest.RequestCacheAwareFilter@31b741e2, org.springframework.security.web.servletapi.SecurityContextHolderAwareRequestFilter@573a078, org.springframework.security.web.authentication.AnonymousAuthenticationFilter@531a716c, org.springframework.security.web.session.SessionManagementFilter@1201e064, org.springframework.security.web.access.ExceptionTranslationFilter@77c692b4, org.springframework.security.web.access.intercept.AuthorizationFilter@df7d1d4]
2026-05-06 12:09:56 [main] INFO  o.a.coyote.http11.Http11NioProtocol - Starting ProtocolHandler ["http-nio-5500"]
2026-05-06 12:09:57 [main] INFO  o.s.b.w.e.tomcat.TomcatWebServer - Tomcat started on port 5500 (http) with context path ''
2026-05-06 12:09:57 [main] INFO  com.sentinel.SentinelApplication - Started SentinelApplication in 4.837 seconds (process running for 5.475)
2026-05-06 12:09:57 [scheduling-1] INFO  com.sentinel.engine.ApiMonitor - Initializing automated fleet surveillance cycle...
2026-05-06 12:09:59 [http-nio-5500-exec-1] INFO  o.a.c.c.C.[Tomcat].[localhost].[/] - Initializing Spring DispatcherServlet 'dispatcherServlet'
2026-05-06 12:09:59 [http-nio-5500-exec-1] INFO  o.s.web.servlet.DispatcherServlet - Initializing Servlet 'dispatcherServlet'
2026-05-06 12:09:59 [http-nio-5500-exec-1] INFO  o.s.web.servlet.DispatcherServlet - Completed initialization in 1 ms
2026-05-06 12:10:00 [ForkJoinPool.commonPool-worker-5] INFO  com.sentinel.engine.ApiMonitor - Signal captured from Test Service | Status: 200 | Latency: 1337ms
2026-05-06 12:10:00 [ForkJoinPool.commonPool-worker-9] INFO  com.sentinel.engine.ApiMonitor - Signal captured from JSONPlaceholder Fleet | Status: 200 | Latency: 1693ms
2026-05-06 12:10:00 [ForkJoinPool.commonPool-worker-3] INFO  com.sentinel.engine.ApiMonitor - Signal captured from JSONPlaceholder Test | Status: 200 | Latency: 1696ms
2026-05-06 12:10:00 [ForkJoinPool.commonPool-worker-7] INFO  com.sentinel.engine.ApiMonitor - Signal captured from fvwrg | Status: 200 | Latency: 1701ms
2026-05-06 12:10:01 [ForkJoinPool.commonPool-worker-1] INFO  com.sentinel.engine.ApiMonitor - Signal captured from JSONPlaceholder | Status: 200 | Latency: 1699ms
2026-05-06 12:10:01 [ForkJoinPool.commonPool-worker-8] INFO  com.sentinel.engine.ApiMonitor - Signal captured from JSONPlaceholder Test | Status: 200 | Latency: 1698ms
2026-05-06 12:10:01 [ForkJoinPool.commonPool-worker-2] INFO  com.sentinel.engine.ApiMonitor - Signal captured from test | Status: 404 | Latency: 1337ms
2026-05-06 12:10:01 [ForkJoinPool.commonPool-worker-5] INFO  com.sentinel.engine.ApiMonitor - Signal captured from JSONPlaceholder | Status: 200 | Latency: 1697ms
2026-05-06 12:10:02 [ForkJoinPool.commonPool-worker-7] INFO  com.sentinel.engine.ApiMonitor - Signal captured from Sentinel API | Status: 200 | Latency: 1959ms
2026-05-06 12:10:28 [scheduling-1] INFO  com.sentinel.engine.ApiMonitor - Initializing automated fleet surveillance cycle...
2026-05-06 12:10:29 [ForkJoinPool.commonPool-worker-1] INFO  com.sentinel.engine.ApiMonitor - Signal captured from Sentinel API | Status: 200 | Latency: 259ms
2026-05-06 12:10:29 [ForkJoinPool.commonPool-worker-1] INFO  com.sentinel.engine.ApiMonitor - Signal captured from test | Status: 404 | Latency: 346ms
2026-05-06 12:10:29 [ForkJoinPool.commonPool-worker-7] INFO  com.sentinel.engine.ApiMonitor - Signal captured from JSONPlaceholder Fleet | Status: 200 | Latency: 299ms
2026-05-06 12:10:29 [ForkJoinPool.commonPool-worker-2] INFO  com.sentinel.engine.ApiMonitor - Signal captured from Test Service | Status: 200 | Latency: 346ms
2026-05-06 12:10:29 [ForkJoinPool.commonPool-worker-1] INFO  com.sentinel.engine.ApiMonitor - Signal captured from JSONPlaceholder Test | Status: 200 | Latency: 613ms
2026-05-06 12:10:29 [ForkJoinPool.commonPool-worker-7] INFO  com.sentinel.engine.ApiMonitor - Signal captured from fvwrg | Status: 200 | Latency: 612ms
2026-05-06 12:10:29 [ForkJoinPool.commonPool-worker-2] INFO  com.sentinel.engine.ApiMonitor - Signal captured from JSONPlaceholder | Status: 200 | Latency: 612ms
2026-05-06 12:10:29 [ForkJoinPool.commonPool-worker-5] INFO  com.sentinel.engine.ApiMonitor - Signal captured from JSONPlaceholder | Status: 200 | Latency: 614ms
2026-05-06 12:10:30 [ForkJoinPool.commonPool-worker-8] INFO  com.sentinel.engine.ApiMonitor - Signal captured from JSONPlaceholder Test | Status: 200 | Latency: 613ms
2026-05-06 12:10:58 [scheduling-1] INFO  com.sentinel.engine.ApiMonitor - Initializing automated fleet surveillance cycle...
2026-05-06 12:10:59 [ForkJoinPool.commonPool-worker-2] INFO  com.sentinel.engine.ApiMonitor - Signal captured from JSONPlaceholder Test | Status: 200 | Latency: 302ms
2026-05-06 12:10:59 [ForkJoinPool.commonPool-worker-5] INFO  com.sentinel.engine.ApiMonitor - Signal captured from JSONPlaceholder Test | Status: 200 | Latency: 322ms
2026-05-06 12:10:59 [ForkJoinPool.commonPool-worker-3] INFO  com.sentinel.engine.ApiMonitor - Signal captured from Sentinel API | Status: 200 | Latency: 418ms
2026-05-06 12:10:59 [ForkJoinPool.commonPool-worker-5] INFO  com.sentinel.engine.ApiMonitor - Signal captured from test | Status: 404 | Latency: 418ms
2026-05-06 12:10:59 [ForkJoinPool.commonPool-worker-2] INFO  com.sentinel.engine.ApiMonitor - Signal captured from JSONPlaceholder | Status: 200 | Latency: 373ms
2026-05-06 12:10:59 [ForkJoinPool.commonPool-worker-2] INFO  com.sentinel.engine.ApiMonitor - Signal captured from Test Service | Status: 200 | Latency: 639ms
2026-05-06 12:10:59 [ForkJoinPool.commonPool-worker-5] INFO  com.sentinel.engine.ApiMonitor - Signal captured from JSONPlaceholder | Status: 200 | Latency: 734ms
2026-05-06 12:10:59 [ForkJoinPool.commonPool-worker-2] INFO  com.sentinel.engine.ApiMonitor - Signal captured from fvwrg | Status: 200 | Latency: 734ms
2026-05-06 12:10:59 [ForkJoinPool.commonPool-worker-3] INFO  com.sentinel.engine.ApiMonitor - Signal captured from JSONPlaceholder Fleet | Status: 200 | Latency: 735ms
2026-05-06 12:11:28 [scheduling-1] INFO  com.sentinel.engine.ApiMonitor - Initializing automated fleet surveillance cycle...
2026-05-06 12:11:29 [ForkJoinPool.commonPool-worker-1] INFO  com.sentinel.engine.ApiMonitor - Signal captured from test | Status: 404 | Latency: 476ms
2026-05-06 12:11:29 [ForkJoinPool.commonPool-worker-3] INFO  com.sentinel.engine.ApiMonitor - Signal captured from Sentinel API | Status: 200 | Latency: 387ms
2026-05-06 12:11:30 [ForkJoinPool.commonPool-worker-2] INFO  com.sentinel.engine.ApiMonitor - Signal captured from JSONPlaceholder | Status: 200 | Latency: 1116ms
2026-05-06 12:11:30 [ForkJoinPool.commonPool-worker-8] INFO  com.sentinel.engine.ApiMonitor - Signal captured from JSONPlaceholder | Status: 200 | Latency: 1112ms
2026-05-06 12:11:30 [ForkJoinPool.commonPool-worker-1] INFO  com.sentinel.engine.ApiMonitor - Signal captured from JSONPlaceholder Test | Status: 200 | Latency: 1109ms
2026-05-06 12:11:30 [ForkJoinPool.commonPool-worker-3] INFO  com.sentinel.engine.ApiMonitor - Signal captured from Test Service | Status: 200 | Latency: 1105ms
2026-05-06 12:11:30 [ForkJoinPool.commonPool-worker-5] INFO  com.sentinel.engine.ApiMonitor - Signal captured from JSONPlaceholder Fleet | Status: 200 | Latency: 1177ms
2026-05-06 12:11:30 [ForkJoinPool.commonPool-worker-7] INFO  com.sentinel.engine.ApiMonitor - Signal captured from fvwrg | Status: 200 | Latency: 1177ms
2026-05-06 12:11:30 [ForkJoinPool.commonPool-worker-9] INFO  com.sentinel.engine.ApiMonitor - Signal captured from JSONPlaceholder Test | Status: 200 | Latency: 1177ms
2026-05-06 12:11:58 [scheduling-1] INFO  com.sentinel.engine.ApiMonitor - Initializing automated fleet surveillance cycle...
2026-05-06 12:11:59 [ForkJoinPool.commonPool-worker-9] INFO  com.sentinel.engine.ApiMonitor - Signal captured from Sentinel API | Status: 200 | Latency: 631ms
2026-05-06 12:11:59 [ForkJoinPool.commonPool-worker-9] INFO  com.sentinel.engine.ApiMonitor - Signal captured from test | Status: 404 | Latency: 782ms
2026-05-06 12:12:00 [ForkJoinPool.commonPool-worker-9] INFO  com.sentinel.engine.ApiMonitor - Signal captured from JSONPlaceholder Test | Status: 200 | Latency: 990ms
2026-05-06 12:12:00 [ForkJoinPool.commonPool-worker-1] INFO  com.sentinel.engine.ApiMonitor - Signal captured from JSONPlaceholder Fleet | Status: 200 | Latency: 993ms
2026-05-06 12:12:00 [ForkJoinPool.commonPool-worker-9] INFO  com.sentinel.engine.ApiMonitor - Signal captured from JSONPlaceholder | Status: 200 | Latency: 1032ms
2026-05-06 12:12:00 [ForkJoinPool.commonPool-worker-8] INFO  com.sentinel.engine.ApiMonitor - Signal captured from Test Service | Status: 200 | Latency: 1074ms
2026-05-06 12:12:00 [ForkJoinPool.commonPool-worker-2] INFO  com.sentinel.engine.ApiMonitor - Signal captured from JSONPlaceholder | Status: 200 | Latency: 1037ms
2026-05-06 12:12:00 [ForkJoinPool.commonPool-worker-7] INFO  com.sentinel.engine.ApiMonitor - Signal captured from fvwrg | Status: 200 | Latency: 1037ms
2026-05-06 12:12:00 [ForkJoinPool.commonPool-worker-3] INFO  com.sentinel.engine.ApiMonitor - Signal captured from JSONPlaceholder Test | Status: 200 | Latency: 1037ms
2026-05-06 12:12:29 [scheduling-1] INFO  com.sentinel.engine.ApiMonitor - Initializing automated fleet surveillance cycle...
2026-05-06 12:12:29 [ForkJoinPool.commonPool-worker-8] INFO  com.sentinel.engine.ApiMonitor - Signal captured from Test Service | Status: 200 | Latency: 238ms
2026-05-06 12:12:29 [ForkJoinPool.commonPool-worker-7] INFO  com.sentinel.engine.ApiMonitor - Signal captured from test | Status: 404 | Latency: 242ms
2026-05-06 12:12:29 [ForkJoinPool.commonPool-worker-8] INFO  com.sentinel.engine.ApiMonitor - Signal captured from JSONPlaceholder Test | Status: 200 | Latency: 330ms
2026-05-06 12:12:29 [ForkJoinPool.commonPool-worker-9] INFO  com.sentinel.engine.ApiMonitor - Signal captured from JSONPlaceholder Test | Status: 200 | Latency: 291ms
2026-05-06 12:12:29 [ForkJoinPool.commonPool-worker-7] INFO  com.sentinel.engine.ApiMonitor - Signal captured from JSONPlaceholder | Status: 200 | Latency: 326ms
2026-05-06 12:12:29 [ForkJoinPool.commonPool-worker-7] INFO  com.sentinel.engine.ApiMonitor - Signal captured from JSONPlaceholder | Status: 200 | Latency: 378ms
2026-05-06 12:12:29 [ForkJoinPool.commonPool-worker-9] INFO  com.sentinel.engine.ApiMonitor - Signal captured from fvwrg | Status: 200 | Latency: 378ms
2026-05-06 12:12:29 [ForkJoinPool.commonPool-worker-8] INFO  com.sentinel.engine.ApiMonitor - Signal captured from JSONPlaceholder Fleet | Status: 200 | Latency: 378ms
2026-05-06 12:12:29 [ForkJoinPool.commonPool-worker-8] INFO  com.sentinel.engine.ApiMonitor - Signal captured from Sentinel API | Status: 200 | Latency: 460ms
2026-05-06 12:12:59 [scheduling-1] INFO  com.sentinel.engine.ApiMonitor - Initializing automated fleet surveillance cycle...
2026-05-06 12:12:59 [ForkJoinPool.commonPool-worker-8] INFO  com.sentinel.engine.ApiMonitor - Signal captured from Sentinel API | Status: 200 | Latency: 498ms
2026-05-06 12:12:59 [ForkJoinPool.commonPool-worker-2] INFO  com.sentinel.engine.ApiMonitor - Signal captured from Test Service | Status: 200 | Latency: 496ms
2026-05-06 12:13:00 [ForkJoinPool.commonPool-worker-1] INFO  com.sentinel.engine.ApiMonitor - Signal captured from JSONPlaceholder Test | Status: 200 | Latency: 689ms
2026-05-06 12:13:00 [ForkJoinPool.commonPool-worker-5] INFO  com.sentinel.engine.ApiMonitor - Signal captured from JSONPlaceholder Test | Status: 200 | Latency: 689ms
2026-05-06 12:13:00 [ForkJoinPool.commonPool-worker-8] INFO  com.sentinel.engine.ApiMonitor - Signal captured from fvwrg | Status: 200 | Latency: 675ms
2026-05-06 12:13:00 [ForkJoinPool.commonPool-worker-3] INFO  com.sentinel.engine.ApiMonitor - Signal captured from JSONPlaceholder Fleet | Status: 200 | Latency: 689ms
2026-05-06 12:13:00 [ForkJoinPool.commonPool-worker-2] INFO  com.sentinel.engine.ApiMonitor - Signal captured from test | Status: 404 | Latency: 632ms
2026-05-06 12:13:00 [ForkJoinPool.commonPool-worker-7] INFO  com.sentinel.engine.ApiMonitor - Signal captured from JSONPlaceholder | Status: 200 | Latency: 678ms
2026-05-06 12:13:00 [ForkJoinPool.commonPool-worker-9] INFO  com.sentinel.engine.ApiMonitor - Signal captured from JSONPlaceholder | Status: 200 | Latency: 680ms
2026-05-06 12:13:29 [scheduling-1] INFO  com.sentinel.engine.ApiMonitor - Initializing automated fleet surveillance cycle...
2026-05-06 12:13:29 [ForkJoinPool.commonPool-worker-9] INFO  com.sentinel.engine.ApiMonitor - Signal captured from fvwrg | Status: 200 | Latency: 236ms
2026-05-06 12:13:29 [ForkJoinPool.commonPool-worker-8] INFO  com.sentinel.engine.ApiMonitor - Signal captured from Test Service | Status: 200 | Latency: 283ms
2026-05-06 12:13:29 [ForkJoinPool.commonPool-worker-7] INFO  com.sentinel.engine.ApiMonitor - Signal captured from JSONPlaceholder Test | Status: 200 | Latency: 266ms
2026-05-06 12:13:29 [ForkJoinPool.commonPool-worker-2] INFO  com.sentinel.engine.ApiMonitor - Signal captured from test | Status: 404 | Latency: 283ms
2026-05-06 12:13:29 [ForkJoinPool.commonPool-worker-3] INFO  com.sentinel.engine.ApiMonitor - Signal captured from Sentinel API | Status: 200 | Latency: 266ms
2026-05-06 12:13:29 [ForkJoinPool.commonPool-worker-9] INFO  com.sentinel.engine.ApiMonitor - Signal captured from JSONPlaceholder Test | Status: 200 | Latency: 286ms
2026-05-06 12:13:29 [ForkJoinPool.commonPool-worker-9] INFO  com.sentinel.engine.ApiMonitor - Signal captured from JSONPlaceholder | Status: 200 | Latency: 371ms
2026-05-06 12:13:29 [ForkJoinPool.commonPool-worker-2] INFO  com.sentinel.engine.ApiMonitor - Signal captured from JSONPlaceholder Fleet | Status: 200 | Latency: 370ms
2026-05-06 12:13:29 [ForkJoinPool.commonPool-worker-3] INFO  com.sentinel.engine.ApiMonitor - Signal captured from JSONPlaceholder | Status: 200 | Latency: 371ms
2026-05-06 12:13:59 [scheduling-1] INFO  com.sentinel.engine.ApiMonitor - Initializing automated fleet surveillance cycle...
2026-05-06 12:13:59 [ForkJoinPool.commonPool-worker-9] INFO  com.sentinel.engine.ApiMonitor - Signal captured from Sentinel API | Status: 200 | Latency: 282ms
2026-05-06 12:13:59 [ForkJoinPool.commonPool-worker-3] INFO  com.sentinel.engine.ApiMonitor - Signal captured from JSONPlaceholder | Status: 200 | Latency: 271ms
2026-05-06 12:13:59 [ForkJoinPool.commonPool-worker-2] INFO  com.sentinel.engine.ApiMonitor - Signal captured from JSONPlaceholder | Status: 200 | Latency: 302ms
2026-05-06 12:13:59 [ForkJoinPool.commonPool-worker-7] INFO  com.sentinel.engine.ApiMonitor - Signal captured from JSONPlaceholder Fleet | Status: 200 | Latency: 306ms
2026-05-06 12:14:00 [ForkJoinPool.commonPool-worker-7] INFO  com.sentinel.engine.ApiMonitor - Signal captured from Test Service | Status: 200 | Latency: 583ms
2026-05-06 12:14:00 [ForkJoinPool.commonPool-worker-9] INFO  com.sentinel.engine.ApiMonitor - Signal captured from fvwrg | Status: 200 | Latency: 354ms
2026-05-06 12:14:00 [ForkJoinPool.commonPool-worker-2] INFO  com.sentinel.engine.ApiMonitor - Signal captured from JSONPlaceholder Test | Status: 200 | Latency: 353ms
2026-05-06 12:14:00 [ForkJoinPool.commonPool-worker-3] INFO  com.sentinel.engine.ApiMonitor - Signal captured from JSONPlaceholder Test | Status: 200 | Latency: 353ms
2026-05-06 12:14:00 [ForkJoinPool.commonPool-worker-7] INFO  com.sentinel.engine.ApiMonitor - Signal captured from test | Status: 404 | Latency: 1038ms
2026-05-06 12:14:29 [scheduling-1] INFO  com.sentinel.engine.ApiMonitor - Initializing automated fleet surveillance cycle...
2026-05-06 12:14:30 [ForkJoinPool.commonPool-worker-3] INFO  com.sentinel.engine.ApiMonitor - Signal captured from JSONPlaceholder Fleet | Status: 200 | Latency: 225ms
2026-05-06 12:14:30 [ForkJoinPool.commonPool-worker-9] INFO  com.sentinel.engine.ApiMonitor - Signal captured from JSONPlaceholder Test | Status: 200 | Latency: 229ms
2026-05-06 12:14:30 [ForkJoinPool.commonPool-worker-1] INFO  com.sentinel.engine.ApiMonitor - Signal captured from JSONPlaceholder | Status: 200 | Latency: 269ms
2026-05-06 12:14:30 [ForkJoinPool.commonPool-worker-7] INFO  com.sentinel.engine.ApiMonitor - Signal captured from Sentinel API | Status: 200 | Latency: 308ms
2026-05-06 12:14:30 [ForkJoinPool.commonPool-worker-8] INFO  com.sentinel.engine.ApiMonitor - Signal captured from JSONPlaceholder Test | Status: 200 | Latency: 313ms
2026-05-06 12:14:30 [ForkJoinPool.commonPool-worker-5] INFO  com.sentinel.engine.ApiMonitor - Signal captured from JSONPlaceholder | Status: 200 | Latency: 313ms
2026-05-06 12:14:30 [ForkJoinPool.commonPool-worker-2] INFO  com.sentinel.engine.ApiMonitor - Signal captured from fvwrg | Status: 200 | Latency: 313ms
2026-05-06 12:14:30 [ForkJoinPool.commonPool-worker-8] INFO  com.sentinel.engine.ApiMonitor - Signal captured from test | Status: 404 | Latency: 523ms
2026-05-06 12:14:30 [ForkJoinPool.commonPool-worker-8] INFO  com.sentinel.engine.ApiMonitor - Signal captured from Test Service | Status: 200 | Latency: 813ms
2026-05-06 12:14:59 [scheduling-1] INFO  com.sentinel.engine.ApiMonitor - Initializing automated fleet surveillance cycle...
2026-05-06 12:15:00 [ForkJoinPool.commonPool-worker-8] INFO  com.sentinel.engine.ApiMonitor - Signal captured from test | Status: 404 | Latency: 200ms
2026-05-06 12:15:00 [ForkJoinPool.commonPool-worker-5] INFO  com.sentinel.engine.ApiMonitor - Signal captured from Sentinel API | Status: 200 | Latency: 236ms
2026-05-06 12:15:00 [ForkJoinPool.commonPool-worker-8] INFO  com.sentinel.engine.ApiMonitor - Signal captured from JSONPlaceholder Test | Status: 200 | Latency: 258ms
2026-05-06 12:15:00 [ForkJoinPool.commonPool-worker-5] INFO  com.sentinel.engine.ApiMonitor - Signal captured from JSONPlaceholder Fleet | Status: 200 | Latency: 273ms
2026-05-06 12:15:00 [ForkJoinPool.commonPool-worker-8] INFO  com.sentinel.engine.ApiMonitor - Signal captured from JSONPlaceholder | Status: 200 | Latency: 297ms
2026-05-06 12:15:00 [ForkJoinPool.commonPool-worker-5] INFO  com.sentinel.engine.ApiMonitor - Signal captured from fvwrg | Status: 200 | Latency: 348ms
2026-05-06 12:15:00 [ForkJoinPool.commonPool-worker-2] INFO  com.sentinel.engine.ApiMonitor - Signal captured from JSONPlaceholder | Status: 200 | Latency: 348ms
2026-05-06 12:15:00 [ForkJoinPool.commonPool-worker-8] INFO  com.sentinel.engine.ApiMonitor - Signal captured from JSONPlaceholder Test | Status: 200 | Latency: 347ms
2026-05-06 12:15:00 [ForkJoinPool.commonPool-worker-8] INFO  com.sentinel.engine.ApiMonitor - Signal captured from Test Service | Status: 200 | Latency: 449ms
2026-05-06 12:15:29 [scheduling-1] INFO  com.sentinel.engine.ApiMonitor - Initializing automated fleet surveillance cycle...
2026-05-06 12:15:30 [ForkJoinPool.commonPool-worker-9] INFO  com.sentinel.engine.ApiMonitor - Signal captured from test | Status: 404 | Latency: 182ms
2026-05-06 12:15:30 [ForkJoinPool.commonPool-worker-7] INFO  com.sentinel.engine.ApiMonitor - Signal captured from JSONPlaceholder | Status: 200 | Latency: 213ms
2026-05-06 12:15:30 [ForkJoinPool.commonPool-worker-9] INFO  com.sentinel.engine.ApiMonitor - Signal captured from Test Service | Status: 200 | Latency: 226ms
2026-05-06 12:15:30 [ForkJoinPool.commonPool-worker-1] INFO  com.sentinel.engine.ApiMonitor - Signal captured from JSONPlaceholder Fleet | Status: 200 | Latency: 236ms
2026-05-06 12:15:30 [ForkJoinPool.commonPool-worker-9] INFO  com.sentinel.engine.ApiMonitor - Signal captured from JSONPlaceholder Test | Status: 200 | Latency: 265ms
2026-05-06 12:15:30 [ForkJoinPool.commonPool-worker-1] INFO  com.sentinel.engine.ApiMonitor - Signal captured from JSONPlaceholder | Status: 200 | Latency: 333ms
2026-05-06 12:15:30 [ForkJoinPool.commonPool-worker-9] INFO  com.sentinel.engine.ApiMonitor - Signal captured from JSONPlaceholder Test | Status: 200 | Latency: 332ms
2026-05-06 12:15:30 [ForkJoinPool.commonPool-worker-7] INFO  com.sentinel.engine.ApiMonitor - Signal captured from fvwrg | Status: 200 | Latency: 333ms
2026-05-06 12:15:30 [ForkJoinPool.commonPool-worker-7] INFO  com.sentinel.engine.ApiMonitor - Signal captured from Sentinel API | Status: 200 | Latency: 467ms
2026-05-06 12:15:59 [scheduling-1] INFO  com.sentinel.engine.ApiMonitor - Initializing automated fleet surveillance cycle...
2026-05-06 12:16:00 [ForkJoinPool.commonPool-worker-8] INFO  com.sentinel.engine.ApiMonitor - Signal captured from test | Status: 404 | Latency: 189ms
2026-05-06 12:16:00 [ForkJoinPool.commonPool-worker-9] INFO  com.sentinel.engine.ApiMonitor - Signal captured from JSONPlaceholder Fleet | Status: 200 | Latency: 198ms
2026-05-06 12:16:00 [ForkJoinPool.commonPool-worker-7] INFO  com.sentinel.engine.ApiMonitor - Signal captured from JSONPlaceholder | Status: 200 | Latency: 211ms
2026-05-06 12:16:00 [ForkJoinPool.commonPool-worker-1] INFO  com.sentinel.engine.ApiMonitor - Signal captured from Sentinel API | Status: 200 | Latency: 212ms
2026-05-06 12:16:00 [ForkJoinPool.commonPool-worker-2] INFO  com.sentinel.engine.ApiMonitor - Signal captured from JSONPlaceholder Test | Status: 200 | Latency: 234ms
2026-05-06 12:16:00 [ForkJoinPool.commonPool-worker-8] INFO  com.sentinel.engine.ApiMonitor - Signal captured from Test Service | Status: 200 | Latency: 233ms
2026-05-06 12:16:00 [ForkJoinPool.commonPool-worker-1] INFO  com.sentinel.engine.ApiMonitor - Signal captured from JSONPlaceholder | Status: 200 | Latency: 277ms
2026-05-06 12:16:00 [ForkJoinPool.commonPool-worker-8] INFO  com.sentinel.engine.ApiMonitor - Signal captured from JSONPlaceholder Test | Status: 200 | Latency: 277ms
2026-05-06 12:16:00 [ForkJoinPool.commonPool-worker-2] INFO  com.sentinel.engine.ApiMonitor - Signal captured from fvwrg | Status: 200 | Latency: 277ms
2026-05-06 12:16:29 [scheduling-1] INFO  com.sentinel.engine.ApiMonitor - Initializing automated fleet surveillance cycle...
2026-05-06 12:16:30 [ForkJoinPool.commonPool-worker-7] INFO  com.sentinel.engine.ApiMonitor - Signal captured from JSONPlaceholder | Status: 200 | Latency: 161ms
2026-05-06 12:16:30 [ForkJoinPool.commonPool-worker-1] INFO  com.sentinel.engine.ApiMonitor - Signal captured from JSONPlaceholder Test | Status: 200 | Latency: 179ms
2026-05-06 12:16:30 [ForkJoinPool.commonPool-worker-2] INFO  com.sentinel.engine.ApiMonitor - Signal captured from test | Status: 404 | Latency: 169ms
2026-05-06 12:16:30 [ForkJoinPool.commonPool-worker-8] INFO  com.sentinel.engine.ApiMonitor - Signal captured from JSONPlaceholder | Status: 200 | Latency: 200ms
2026-05-06 12:16:30 [ForkJoinPool.commonPool-worker-2] INFO  com.sentinel.engine.ApiMonitor - Signal captured from Sentinel API | Status: 200 | Latency: 221ms
2026-05-06 12:16:30 [ForkJoinPool.commonPool-worker-1] INFO  com.sentinel.engine.ApiMonitor - Signal captured from Test Service | Status: 200 | Latency: 222ms
2026-05-06 12:16:30 [ForkJoinPool.commonPool-worker-9] INFO  com.sentinel.engine.ApiMonitor - Signal captured from JSONPlaceholder Fleet | Status: 200 | Latency: 252ms
2026-05-06 12:16:30 [ForkJoinPool.commonPool-worker-8] INFO  com.sentinel.engine.ApiMonitor - Signal captured from fvwrg | Status: 200 | Latency: 252ms
2026-05-06 12:16:30 [ForkJoinPool.commonPool-worker-7] INFO  com.sentinel.engine.ApiMonitor - Signal captured from JSONPlaceholder Test | Status: 200 | Latency: 252ms
2026-05-06 12:16:59 [scheduling-1] INFO  com.sentinel.engine.ApiMonitor - Initializing automated fleet surveillance cycle...
2026-05-06 12:17:00 [ForkJoinPool.commonPool-worker-9] INFO  com.sentinel.engine.ApiMonitor - Signal captured from test | Status: 404 | Latency: 189ms
2026-05-06 12:17:00 [ForkJoinPool.commonPool-worker-9] INFO  com.sentinel.engine.ApiMonitor - Signal captured from JSONPlaceholder | Status: 200 | Latency: 273ms
2026-05-06 12:17:00 [ForkJoinPool.commonPool-worker-8] INFO  com.sentinel.engine.ApiMonitor - Signal captured from JSONPlaceholder Test | Status: 200 | Latency: 290ms
2026-05-06 12:17:00 [ForkJoinPool.commonPool-worker-7] INFO  com.sentinel.engine.ApiMonitor - Signal captured from JSONPlaceholder | Status: 200 | Latency: 304ms
2026-05-06 12:17:00 [ForkJoinPool.commonPool-worker-1] INFO  com.sentinel.engine.ApiMonitor - Signal captured from Sentinel API | Status: 200 | Latency: 316ms
2026-05-06 12:17:00 [ForkJoinPool.commonPool-worker-7] INFO  com.sentinel.engine.ApiMonitor - Signal captured from JSONPlaceholder Fleet | Status: 200 | Latency: 344ms
2026-05-06 12:17:00 [ForkJoinPool.commonPool-worker-9] INFO  com.sentinel.engine.ApiMonitor - Signal captured from fvwrg | Status: 200 | Latency: 345ms
2026-05-06 12:17:00 [ForkJoinPool.commonPool-worker-8] INFO  com.sentinel.engine.ApiMonitor - Signal captured from JSONPlaceholder Test | Status: 200 | Latency: 345ms
2026-05-06 12:17:00 [ForkJoinPool.commonPool-worker-8] INFO  com.sentinel.engine.ApiMonitor - Signal captured from Test Service | Status: 200 | Latency: 449ms
2026-05-06 12:17:30 [scheduling-1] INFO  com.sentinel.engine.ApiMonitor - Initializing automated fleet surveillance cycle...
2026-05-06 12:17:30 [ForkJoinPool.commonPool-worker-3] INFO  com.sentinel.engine.ApiMonitor - Signal captured from test | Status: 404 | Latency: 171ms
2026-05-06 12:17:30 [ForkJoinPool.commonPool-worker-3] INFO  com.sentinel.engine.ApiMonitor - Signal captured from Sentinel API | Status: 200 | Latency: 227ms
2026-05-06 12:17:30 [ForkJoinPool.commonPool-worker-3] INFO  com.sentinel.engine.ApiMonitor - Signal captured from Test Service | Status: 200 | Latency: 451ms
2026-05-06 12:17:30 [ForkJoinPool.commonPool-worker-3] INFO  com.sentinel.engine.ApiMonitor - Signal captured from JSONPlaceholder Test | Status: 200 | Latency: 493ms
2026-05-06 12:17:30 [ForkJoinPool.commonPool-worker-5] INFO  com.sentinel.engine.ApiMonitor - Signal captured from fvwrg | Status: 200 | Latency: 496ms
2026-05-06 12:17:30 [ForkJoinPool.commonPool-worker-2] INFO  com.sentinel.engine.ApiMonitor - Signal captured from JSONPlaceholder | Status: 200 | Latency: 500ms
2026-05-06 12:17:30 [ForkJoinPool.commonPool-worker-2] INFO  com.sentinel.engine.ApiMonitor - Signal captured from JSONPlaceholder Fleet | Status: 200 | Latency: 555ms
2026-05-06 12:17:30 [ForkJoinPool.commonPool-worker-3] INFO  com.sentinel.engine.ApiMonitor - Signal captured from JSONPlaceholder | Status: 200 | Latency: 556ms
2026-05-06 12:17:30 [ForkJoinPool.commonPool-worker-5] INFO  com.sentinel.engine.ApiMonitor - Signal captured from JSONPlaceholder Test | Status: 200 | Latency: 556ms
2026-05-06 12:18:00 [scheduling-1] INFO  com.sentinel.engine.ApiMonitor - Initializing automated fleet surveillance cycle...
2026-05-06 12:18:00 [ForkJoinPool.commonPool-worker-5] INFO  com.sentinel.engine.ApiMonitor - Signal captured from test | Status: 404 | Latency: 186ms
2026-05-06 12:18:00 [ForkJoinPool.commonPool-worker-1] INFO  com.sentinel.engine.ApiMonitor - Signal captured from fvwrg | Status: 200 | Latency: 191ms
2026-05-06 12:18:00 [ForkJoinPool.commonPool-worker-3] INFO  com.sentinel.engine.ApiMonitor - Signal captured from JSONPlaceholder Test | Status: 200 | Latency: 202ms
2026-05-06 12:18:00 [ForkJoinPool.commonPool-worker-5] INFO  com.sentinel.engine.ApiMonitor - Signal captured from JSONPlaceholder Fleet | Status: 200 | Latency: 222ms
2026-05-06 12:18:00 [ForkJoinPool.commonPool-worker-1] INFO  com.sentinel.engine.ApiMonitor - Signal captured from Sentinel API | Status: 200 | Latency: 229ms
2026-05-06 12:18:00 [ForkJoinPool.commonPool-worker-7] INFO  com.sentinel.engine.ApiMonitor - Signal captured from Test Service | Status: 200 | Latency: 234ms
2026-05-06 12:18:00 [ForkJoinPool.commonPool-worker-1] INFO  com.sentinel.engine.ApiMonitor - Signal captured from JSONPlaceholder | Status: 200 | Latency: 263ms
2026-05-06 12:18:00 [ForkJoinPool.commonPool-worker-5] INFO  com.sentinel.engine.ApiMonitor - Signal captured from JSONPlaceholder | Status: 200 | Latency: 264ms
2026-05-06 12:18:00 [ForkJoinPool.commonPool-worker-3] INFO  com.sentinel.engine.ApiMonitor - Signal captured from JSONPlaceholder Test | Status: 200 | Latency: 263ms
2026-05-06 12:18:30 [scheduling-1] INFO  com.sentinel.engine.ApiMonitor - Initializing automated fleet surveillance cycle...
2026-05-06 12:18:30 [ForkJoinPool.commonPool-worker-7] INFO  com.sentinel.engine.ApiMonitor - Signal captured from test | Status: 404 | Latency: 186ms
2026-05-06 12:18:30 [ForkJoinPool.commonPool-worker-5] INFO  com.sentinel.engine.ApiMonitor - Signal captured from fvwrg | Status: 200 | Latency: 213ms
2026-05-06 12:18:30 [ForkJoinPool.commonPool-worker-1] INFO  com.sentinel.engine.ApiMonitor - Signal captured from Sentinel API | Status: 200 | Latency: 224ms
2026-05-06 12:18:30 [ForkJoinPool.commonPool-worker-7] INFO  com.sentinel.engine.ApiMonitor - Signal captured from JSONPlaceholder | Status: 200 | Latency: 231ms
2026-05-06 12:18:30 [ForkJoinPool.commonPool-worker-9] INFO  com.sentinel.engine.ApiMonitor - Signal captured from Test Service | Status: 200 | Latency: 231ms
2026-05-06 12:18:30 [ForkJoinPool.commonPool-worker-5] INFO  com.sentinel.engine.ApiMonitor - Signal captured from JSONPlaceholder Fleet | Status: 200 | Latency: 252ms
2026-05-06 12:18:30 [ForkJoinPool.commonPool-worker-7] INFO  com.sentinel.engine.ApiMonitor - Signal captured from JSONPlaceholder Test | Status: 200 | Latency: 302ms
2026-05-06 12:18:30 [ForkJoinPool.commonPool-worker-5] INFO  com.sentinel.engine.ApiMonitor - Signal captured from JSONPlaceholder | Status: 200 | Latency: 302ms
2026-05-06 12:18:30 [ForkJoinPool.commonPool-worker-9] INFO  com.sentinel.engine.ApiMonitor - Signal captured from JSONPlaceholder Test | Status: 200 | Latency: 302ms
2026-05-06 12:19:00 [scheduling-1] INFO  com.sentinel.engine.ApiMonitor - Initializing automated fleet surveillance cycle...
2026-05-06 12:19:00 [ForkJoinPool.commonPool-worker-7] INFO  com.sentinel.engine.ApiMonitor - Signal captured from JSONPlaceholder Test | Status: 200 | Latency: 248ms
2026-05-06 12:19:00 [ForkJoinPool.commonPool-worker-7] INFO  com.sentinel.engine.ApiMonitor - Signal captured from Sentinel API | Status: 200 | Latency: 360ms
2026-05-06 12:19:01 [ForkJoinPool.commonPool-worker-7] INFO  com.sentinel.engine.ApiMonitor - Signal captured from Test Service | Status: 200 | Latency: 474ms
2026-05-06 12:19:01 [ForkJoinPool.commonPool-worker-1] INFO  com.sentinel.engine.ApiMonitor - Signal captured from test | Status: 404 | Latency: 475ms
2026-05-06 12:19:01 [ForkJoinPool.commonPool-worker-3] INFO  com.sentinel.engine.ApiMonitor - Signal captured from fvwrg | Status: 200 | Latency: 522ms
2026-05-06 12:19:01 [ForkJoinPool.commonPool-worker-9] INFO  com.sentinel.engine.ApiMonitor - Signal captured from JSONPlaceholder | Status: 200 | Latency: 541ms
2026-05-06 12:19:01 [ForkJoinPool.commonPool-worker-5] INFO  com.sentinel.engine.ApiMonitor - Signal captured from JSONPlaceholder Test | Status: 200 | Latency: 564ms
2026-05-06 12:19:01 [ForkJoinPool.commonPool-worker-1] INFO  com.sentinel.engine.ApiMonitor - Signal captured from JSONPlaceholder Fleet | Status: 200 | Latency: 564ms
2026-05-06 12:19:01 [ForkJoinPool.commonPool-worker-7] INFO  com.sentinel.engine.ApiMonitor - Signal captured from JSONPlaceholder | Status: 200 | Latency: 564ms
2026-05-06 12:19:30 [scheduling-1] INFO  com.sentinel.engine.ApiMonitor - Initializing automated fleet surveillance cycle...
2026-05-06 12:19:30 [ForkJoinPool.commonPool-worker-9] INFO  com.sentinel.engine.ApiMonitor - Signal captured from Sentinel API | Status: 200 | Latency: 271ms
2026-05-06 12:19:30 [ForkJoinPool.commonPool-worker-8] INFO  com.sentinel.engine.ApiMonitor - Signal captured from Test Service | Status: 200 | Latency: 289ms
2026-05-06 12:19:30 [ForkJoinPool.commonPool-worker-3] INFO  com.sentinel.engine.ApiMonitor - Signal captured from JSONPlaceholder Fleet | Status: 200 | Latency: 298ms
2026-05-06 12:19:30 [ForkJoinPool.commonPool-worker-7] INFO  com.sentinel.engine.ApiMonitor - Signal captured from JSONPlaceholder | Status: 200 | Latency: 326ms
2026-05-06 12:19:30 [ForkJoinPool.commonPool-worker-5] INFO  com.sentinel.engine.ApiMonitor - Signal captured from fvwrg | Status: 200 | Latency: 351ms
2026-05-06 12:19:30 [ForkJoinPool.commonPool-worker-1] INFO  com.sentinel.engine.ApiMonitor - Signal captured from test | Status: 404 | Latency: 375ms
2026-05-06 12:19:31 [ForkJoinPool.commonPool-worker-1] INFO  com.sentinel.engine.ApiMonitor - Signal captured from JSONPlaceholder Test | Status: 200 | Latency: 907ms
2026-05-06 12:19:31 [ForkJoinPool.commonPool-worker-7] INFO  com.sentinel.engine.ApiMonitor - Signal captured from JSONPlaceholder | Status: 200 | Latency: 908ms
2026-05-06 12:19:31 [ForkJoinPool.commonPool-worker-5] INFO  com.sentinel.engine.ApiMonitor - Signal captured from JSONPlaceholder Test | Status: 200 | Latency: 908ms
2026-05-06 12:20:00 [scheduling-1] INFO  com.sentinel.engine.ApiMonitor - Initializing automated fleet surveillance cycle...
2026-05-06 12:20:00 [ForkJoinPool.commonPool-worker-5] INFO  com.sentinel.engine.ApiMonitor - Signal captured from test | Status: 404 | Latency: 193ms
2026-05-06 12:20:00 [ForkJoinPool.commonPool-worker-5] INFO  com.sentinel.engine.ApiMonitor - Signal captured from Sentinel API | Status: 200 | Latency: 231ms
2026-05-06 12:20:00 [ForkJoinPool.commonPool-worker-5] INFO  com.sentinel.engine.ApiMonitor - Signal captured from fvwrg | Status: 200 | Latency: 266ms
2026-05-06 12:20:00 [ForkJoinPool.commonPool-worker-5] INFO  com.sentinel.engine.ApiMonitor - Signal captured from JSONPlaceholder Test | Status: 200 | Latency: 316ms
2026-05-06 12:20:01 [ForkJoinPool.commonPool-worker-5] INFO  com.sentinel.engine.ApiMonitor - Signal captured from Test Service | Status: 200 | Latency: 453ms
2026-05-06 12:20:01 [ForkJoinPool.commonPool-worker-5] INFO  com.sentinel.engine.ApiMonitor - Signal captured from JSONPlaceholder | Status: 200 | Latency: 629ms
2026-05-06 12:20:01 [ForkJoinPool.commonPool-worker-3] INFO  com.sentinel.engine.ApiMonitor - Signal captured from JSONPlaceholder | Status: 200 | Latency: 695ms
2026-05-06 12:20:01 [ForkJoinPool.commonPool-worker-5] INFO  com.sentinel.engine.ApiMonitor - Signal captured from JSONPlaceholder Fleet | Status: 200 | Latency: 695ms
2026-05-06 12:20:01 [ForkJoinPool.commonPool-worker-7] INFO  com.sentinel.engine.ApiMonitor - Signal captured from JSONPlaceholder Test | Status: 200 | Latency: 695ms
2026-05-06 12:20:30 [scheduling-1] INFO  com.sentinel.engine.ApiMonitor - Initializing automated fleet surveillance cycle...
2026-05-06 12:20:30 [ForkJoinPool.commonPool-worker-1] INFO  com.sentinel.engine.ApiMonitor - Signal captured from test | Status: 404 | Latency: 177ms
2026-05-06 12:20:30 [ForkJoinPool.commonPool-worker-3] INFO  com.sentinel.engine.ApiMonitor - Signal captured from JSONPlaceholder | Status: 200 | Latency: 201ms
2026-05-06 12:20:30 [ForkJoinPool.commonPool-worker-1] INFO  com.sentinel.engine.ApiMonitor - Signal captured from JSONPlaceholder Fleet | Status: 200 | Latency: 231ms
2026-05-06 12:20:30 [ForkJoinPool.commonPool-worker-1] INFO  com.sentinel.engine.ApiMonitor - Signal captured from JSONPlaceholder Test | Status: 200 | Latency: 278ms
2026-05-06 12:20:31 [ForkJoinPool.commonPool-worker-1] INFO  com.sentinel.engine.ApiMonitor - Signal captured from Sentinel API | Status: 200 | Latency: 372ms
2026-05-06 12:20:31 [ForkJoinPool.commonPool-worker-5] INFO  com.sentinel.engine.ApiMonitor - Signal captured from fvwrg | Status: 200 | Latency: 402ms
2026-05-06 12:20:31 [ForkJoinPool.commonPool-worker-7] INFO  com.sentinel.engine.ApiMonitor - Signal captured from JSONPlaceholder Test | Status: 200 | Latency: 401ms
2026-05-06 12:20:31 [ForkJoinPool.commonPool-worker-3] INFO  com.sentinel.engine.ApiMonitor - Signal captured from JSONPlaceholder | Status: 200 | Latency: 402ms
2026-05-06 12:20:31 [ForkJoinPool.commonPool-worker-3] INFO  com.sentinel.engine.ApiMonitor - Signal captured from Test Service | Status: 200 | Latency: 461ms
2026-05-06 12:21:00 [scheduling-1] INFO  com.sentinel.engine.ApiMonitor - Initializing automated fleet surveillance cycle...
2026-05-06 12:21:01 [ForkJoinPool.commonPool-worker-3] INFO  com.sentinel.engine.ApiMonitor - Signal captured from Test Service | Status: 200 | Latency: 297ms
2026-05-06 12:21:01 [ForkJoinPool.commonPool-worker-1] INFO  com.sentinel.engine.ApiMonitor - Signal captured from Sentinel API | Status: 200 | Latency: 297ms
2026-05-06 12:21:01 [ForkJoinPool.commonPool-worker-7] INFO  com.sentinel.engine.ApiMonitor - Signal captured from JSONPlaceholder Fleet | Status: 200 | Latency: 659ms
2026-05-06 12:21:01 [ForkJoinPool.commonPool-worker-5] INFO  com.sentinel.engine.ApiMonitor - Signal captured from fvwrg | Status: 200 | Latency: 662ms
2026-05-06 12:21:01 [ForkJoinPool.commonPool-worker-1] INFO  com.sentinel.engine.ApiMonitor - Signal captured from test | Status: 404 | Latency: 654ms
2026-05-06 12:21:01 [ForkJoinPool.commonPool-worker-3] INFO  com.sentinel.engine.ApiMonitor - Signal captured from JSONPlaceholder Test | Status: 200 | Latency: 657ms
2026-05-06 12:21:01 [ForkJoinPool.commonPool-worker-2] INFO  com.sentinel.engine.ApiMonitor - Signal captured from JSONPlaceholder | Status: 200 | Latency: 674ms
2026-05-06 12:21:01 [ForkJoinPool.commonPool-worker-8] INFO  com.sentinel.engine.ApiMonitor - Signal captured from JSONPlaceholder Test | Status: 200 | Latency: 674ms
2026-05-06 12:21:01 [ForkJoinPool.commonPool-worker-9] INFO  com.sentinel.engine.ApiMonitor - Signal captured from JSONPlaceholder | Status: 200 | Latency: 674ms
2026-05-06 12:21:30 [scheduling-1] INFO  com.sentinel.engine.ApiMonitor - Initializing automated fleet surveillance cycle...
2026-05-06 12:21:31 [ForkJoinPool.commonPool-worker-3] INFO  com.sentinel.engine.ApiMonitor - Signal captured from JSONPlaceholder | Status: 200 | Latency: 226ms
2026-05-06 12:21:31 [ForkJoinPool.commonPool-worker-1] INFO  com.sentinel.engine.ApiMonitor - Signal captured from test | Status: 404 | Latency: 237ms
2026-05-06 12:21:31 [ForkJoinPool.commonPool-worker-8] INFO  com.sentinel.engine.ApiMonitor - Signal captured from JSONPlaceholder Fleet | Status: 200 | Latency: 255ms
2026-05-06 12:21:31 [ForkJoinPool.commonPool-worker-1] INFO  com.sentinel.engine.ApiMonitor - Signal captured from Sentinel API | Status: 200 | Latency: 303ms
2026-05-06 12:21:31 [ForkJoinPool.commonPool-worker-8] INFO  com.sentinel.engine.ApiMonitor - Signal captured from JSONPlaceholder Test | Status: 200 | Latency: 303ms
2026-05-06 12:21:31 [ForkJoinPool.commonPool-worker-3] INFO  com.sentinel.engine.ApiMonitor - Signal captured from JSONPlaceholder | Status: 200 | Latency: 398ms
2026-05-06 12:21:31 [ForkJoinPool.commonPool-worker-1] INFO  com.sentinel.engine.ApiMonitor - Signal captured from JSONPlaceholder Test | Status: 200 | Latency: 398ms
2026-05-06 12:21:31 [ForkJoinPool.commonPool-worker-8] INFO  com.sentinel.engine.ApiMonitor - Signal captured from fvwrg | Status: 200 | Latency: 397ms
2026-05-06 12:21:31 [ForkJoinPool.commonPool-worker-8] INFO  com.sentinel.engine.ApiMonitor - Signal captured from Test Service | Status: 200 | Latency: 510ms
2026-05-06 12:22:00 [scheduling-1] INFO  com.sentinel.engine.ApiMonitor - Initializing automated fleet surveillance cycle...
2026-05-06 12:22:01 [ForkJoinPool.commonPool-worker-2] INFO  com.sentinel.engine.ApiMonitor - Signal captured from test | Status: 404 | Latency: 187ms
2026-05-06 12:22:01 [ForkJoinPool.commonPool-worker-9] INFO  com.sentinel.engine.ApiMonitor - Signal captured from Sentinel API | Status: 200 | Latency: 211ms
2026-05-06 12:22:01 [ForkJoinPool.commonPool-worker-8] INFO  com.sentinel.engine.ApiMonitor - Signal captured from Test Service | Status: 200 | Latency: 211ms
2026-05-06 12:22:01 [ForkJoinPool.commonPool-worker-8] INFO  com.sentinel.engine.ApiMonitor - Signal captured from JSONPlaceholder | Status: 200 | Latency: 528ms
2026-05-06 12:22:01 [ForkJoinPool.commonPool-worker-8] INFO  com.sentinel.engine.ApiMonitor - Signal captured from JSONPlaceholder | Status: 200 | Latency: 776ms
2026-05-06 12:22:01 [ForkJoinPool.commonPool-worker-9] INFO  com.sentinel.engine.ApiMonitor - Signal captured from JSONPlaceholder Test | Status: 200 | Latency: 778ms
2026-05-06 12:22:01 [ForkJoinPool.commonPool-worker-5] INFO  com.sentinel.engine.ApiMonitor - Signal captured from fvwrg | Status: 200 | Latency: 787ms
2026-05-06 12:22:01 [ForkJoinPool.commonPool-worker-3] INFO  com.sentinel.engine.ApiMonitor - Signal captured from JSONPlaceholder Fleet | Status: 200 | Latency: 786ms
2026-05-06 12:22:01 [ForkJoinPool.commonPool-worker-2] INFO  com.sentinel.engine.ApiMonitor - Signal captured from JSONPlaceholder Test | Status: 200 | Latency: 786ms
2026-05-06 12:22:31 [scheduling-1] INFO  com.sentinel.engine.ApiMonitor - Initializing automated fleet surveillance cycle...
2026-05-06 12:22:31 [ForkJoinPool.commonPool-worker-9] INFO  com.sentinel.engine.ApiMonitor - Signal captured from test | Status: 404 | Latency: 185ms
2026-05-06 12:22:31 [ForkJoinPool.commonPool-worker-9] INFO  com.sentinel.engine.ApiMonitor - Signal captured from Sentinel API | Status: 200 | Latency: 231ms
2026-05-06 12:22:31 [ForkJoinPool.commonPool-worker-9] INFO  com.sentinel.engine.ApiMonitor - Signal captured from Test Service | Status: 200 | Latency: 466ms
2026-05-06 12:22:31 [ForkJoinPool.commonPool-worker-2] INFO  com.sentinel.engine.ApiMonitor - Signal captured from JSONPlaceholder | Status: 200 | Latency: 494ms
2026-05-06 12:22:31 [ForkJoinPool.commonPool-worker-2] INFO  com.sentinel.engine.ApiMonitor - Signal captured from JSONPlaceholder Test | Status: 200 | Latency: 540ms
2026-05-06 12:22:31 [ForkJoinPool.commonPool-worker-9] INFO  com.sentinel.engine.ApiMonitor - Signal captured from fvwrg | Status: 200 | Latency: 569ms
2026-05-06 12:22:31 [ForkJoinPool.commonPool-worker-9] INFO  com.sentinel.engine.ApiMonitor - Signal captured from JSONPlaceholder Test | Status: 200 | Latency: 681ms
2026-05-06 12:22:31 [ForkJoinPool.commonPool-worker-2] INFO  com.sentinel.engine.ApiMonitor - Signal captured from JSONPlaceholder Fleet | Status: 200 | Latency: 681ms
2026-05-06 12:22:31 [ForkJoinPool.commonPool-worker-3] INFO  com.sentinel.engine.ApiMonitor - Signal captured from JSONPlaceholder | Status: 200 | Latency: 681ms
2026-05-06 12:23:01 [scheduling-1] INFO  com.sentinel.engine.ApiMonitor - Initializing automated fleet surveillance cycle...
2026-05-06 12:23:01 [ForkJoinPool.commonPool-worker-8] INFO  com.sentinel.engine.ApiMonitor - Signal captured from test | Status: 404 | Latency: 176ms
2026-05-06 12:23:01 [ForkJoinPool.commonPool-worker-8] INFO  com.sentinel.engine.ApiMonitor - Signal captured from Sentinel API | Status: 200 | Latency: 223ms
2026-05-06 12:23:01 [ForkJoinPool.commonPool-worker-2] INFO  com.sentinel.engine.ApiMonitor - Signal captured from Test Service | Status: 200 | Latency: 235ms
2026-05-06 12:23:01 [ForkJoinPool.commonPool-worker-5] INFO  com.sentinel.engine.ApiMonitor - Signal captured from JSONPlaceholder | Status: 200 | Latency: 234ms
2026-05-06 12:23:01 [ForkJoinPool.commonPool-worker-5] INFO  com.sentinel.engine.ApiMonitor - Signal captured from fvwrg | Status: 200 | Latency: 273ms
2026-05-06 12:23:01 [ForkJoinPool.commonPool-worker-5] INFO  com.sentinel.engine.ApiMonitor - Signal captured from JSONPlaceholder Test | Status: 200 | Latency: 333ms
2026-05-06 12:23:01 [ForkJoinPool.commonPool-worker-8] INFO  com.sentinel.engine.ApiMonitor - Signal captured from JSONPlaceholder Test | Status: 200 | Latency: 478ms
2026-05-06 12:23:01 [ForkJoinPool.commonPool-worker-5] INFO  com.sentinel.engine.ApiMonitor - Signal captured from JSONPlaceholder | Status: 200 | Latency: 476ms
2026-05-06 12:23:01 [ForkJoinPool.commonPool-worker-2] INFO  com.sentinel.engine.ApiMonitor - Signal captured from JSONPlaceholder Fleet | Status: 200 | Latency: 476ms
2026-05-06 12:23:31 [scheduling-1] INFO  com.sentinel.engine.ApiMonitor - Initializing automated fleet surveillance cycle...
2026-05-06 12:23:31 [ForkJoinPool.commonPool-worker-8] INFO  com.sentinel.engine.ApiMonitor - Signal captured from test | Status: 404 | Latency: 232ms
2026-05-06 12:23:31 [ForkJoinPool.commonPool-worker-5] INFO  com.sentinel.engine.ApiMonitor - Signal captured from JSONPlaceholder | Status: 200 | Latency: 241ms
2026-05-06 12:23:31 [ForkJoinPool.commonPool-worker-8] INFO  com.sentinel.engine.ApiMonitor - Signal captured from JSONPlaceholder Test | Status: 200 | Latency: 268ms
2026-05-06 12:23:31 [ForkJoinPool.commonPool-worker-5] INFO  com.sentinel.engine.ApiMonitor - Signal captured from Sentinel API | Status: 200 | Latency: 293ms
2026-05-06 12:23:31 [ForkJoinPool.commonPool-worker-8] INFO  com.sentinel.engine.ApiMonitor - Signal captured from fvwrg | Status: 200 | Latency: 310ms
2026-05-06 12:23:31 [ForkJoinPool.commonPool-worker-8] INFO  com.sentinel.engine.ApiMonitor - Signal captured from JSONPlaceholder | Status: 200 | Latency: 398ms
2026-05-06 12:23:31 [ForkJoinPool.commonPool-worker-5] INFO  com.sentinel.engine.ApiMonitor - Signal captured from JSONPlaceholder Test | Status: 200 | Latency: 398ms
2026-05-06 12:23:31 [ForkJoinPool.commonPool-worker-2] INFO  com.sentinel.engine.ApiMonitor - Signal captured from JSONPlaceholder Fleet | Status: 200 | Latency: 398ms
2026-05-06 12:23:31 [ForkJoinPool.commonPool-worker-2] INFO  com.sentinel.engine.ApiMonitor - Signal captured from Test Service | Status: 200 | Latency: 504ms
2026-05-06 12:24:01 [scheduling-1] INFO  com.sentinel.engine.ApiMonitor - Initializing automated fleet surveillance cycle...
2026-05-06 12:24:01 [ForkJoinPool.commonPool-worker-3] INFO  com.sentinel.engine.ApiMonitor - Signal captured from test | Status: 404 | Latency: 178ms
2026-05-06 12:24:01 [ForkJoinPool.commonPool-worker-5] INFO  com.sentinel.engine.ApiMonitor - Signal captured from Sentinel API | Status: 200 | Latency: 213ms
2026-05-06 12:24:01 [ForkJoinPool.commonPool-worker-3] INFO  com.sentinel.engine.ApiMonitor - Signal captured from Test Service | Status: 200 | Latency: 220ms
2026-05-06 12:24:01 [ForkJoinPool.commonPool-worker-3] INFO  com.sentinel.engine.ApiMonitor - Signal captured from JSONPlaceholder Test | Status: 200 | Latency: 275ms
2026-05-06 12:24:01 [ForkJoinPool.commonPool-worker-3] INFO  com.sentinel.engine.ApiMonitor - Signal captured from fvwrg | Status: 200 | Latency: 318ms
2026-05-06 12:24:01 [ForkJoinPool.commonPool-worker-3] INFO  com.sentinel.engine.ApiMonitor - Signal captured from JSONPlaceholder Fleet | Status: 200 | Latency: 366ms
2026-05-06 12:24:02 [ForkJoinPool.commonPool-worker-5] INFO  com.sentinel.engine.ApiMonitor - Signal captured from JSONPlaceholder | Status: 200 | Latency: 703ms
2026-05-06 12:24:02 [ForkJoinPool.commonPool-worker-3] INFO  com.sentinel.engine.ApiMonitor - Signal captured from JSONPlaceholder Test | Status: 200 | Latency: 702ms
2026-05-06 12:24:02 [ForkJoinPool.commonPool-worker-8] INFO  com.sentinel.engine.ApiMonitor - Signal captured from JSONPlaceholder | Status: 200 | Latency: 703ms
2026-05-06 12:24:31 [scheduling-1] INFO  com.sentinel.engine.ApiMonitor - Initializing automated fleet surveillance cycle...
2026-05-06 12:24:31 [ForkJoinPool.commonPool-worker-2] INFO  com.sentinel.engine.ApiMonitor - Signal captured from test | Status: 404 | Latency: 186ms
2026-05-06 12:24:31 [ForkJoinPool.commonPool-worker-2] INFO  com.sentinel.engine.ApiMonitor - Signal captured from JSONPlaceholder Test | Status: 200 | Latency: 274ms
2026-05-06 12:24:31 [ForkJoinPool.commonPool-worker-5] INFO  com.sentinel.engine.ApiMonitor - Signal captured from JSONPlaceholder Test | Status: 200 | Latency: 306ms
2026-05-06 12:24:31 [ForkJoinPool.commonPool-worker-5] INFO  com.sentinel.engine.ApiMonitor - Signal captured from JSONPlaceholder Fleet | Status: 200 | Latency: 356ms
2026-05-06 12:24:31 [ForkJoinPool.commonPool-worker-5] INFO  com.sentinel.engine.ApiMonitor - Signal captured from Test Service | Status: 200 | Latency: 432ms
2026-05-06 12:24:31 [ForkJoinPool.commonPool-worker-5] INFO  com.sentinel.engine.ApiMonitor - Signal captured from fvwrg | Status: 200 | Latency: 475ms
2026-05-06 12:24:31 [ForkJoinPool.commonPool-worker-2] INFO  com.sentinel.engine.ApiMonitor - Signal captured from JSONPlaceholder | Status: 200 | Latency: 476ms
2026-05-06 12:24:31 [ForkJoinPool.commonPool-worker-8] INFO  com.sentinel.engine.ApiMonitor - Signal captured from JSONPlaceholder | Status: 200 | Latency: 475ms
2026-05-06 12:24:32 [ForkJoinPool.commonPool-worker-8] INFO  com.sentinel.engine.ApiMonitor - Signal captured from Sentinel API | Status: 200 | Latency: 671ms
2026-05-06 12:25:01 [scheduling-1] INFO  com.sentinel.engine.ApiMonitor - Initializing automated fleet surveillance cycle...
2026-05-06 12:25:01 [ForkJoinPool.commonPool-worker-1] INFO  com.sentinel.engine.ApiMonitor - Signal captured from test | Status: 404 | Latency: 218ms
2026-05-06 12:25:01 [ForkJoinPool.commonPool-worker-1] INFO  com.sentinel.engine.ApiMonitor - Signal captured from fvwrg | Status: 200 | Latency: 278ms
2026-05-06 12:25:01 [ForkJoinPool.commonPool-worker-8] INFO  com.sentinel.engine.ApiMonitor - Signal captured from JSONPlaceholder Test | Status: 200 | Latency: 319ms
2026-05-06 12:25:01 [ForkJoinPool.commonPool-worker-1] INFO  com.sentinel.engine.ApiMonitor - Signal captured from Test Service | Status: 200 | Latency: 333ms
2026-05-06 12:25:01 [ForkJoinPool.commonPool-worker-8] INFO  com.sentinel.engine.ApiMonitor - Signal captured from JSONPlaceholder | Status: 200 | Latency: 361ms
2026-05-06 12:25:02 [ForkJoinPool.commonPool-worker-1] INFO  com.sentinel.engine.ApiMonitor - Signal captured from JSONPlaceholder Test | Status: 200 | Latency: 471ms
2026-05-06 12:25:02 [ForkJoinPool.commonPool-worker-8] INFO  com.sentinel.engine.ApiMonitor - Signal captured from JSONPlaceholder Fleet | Status: 200 | Latency: 471ms
2026-05-06 12:25:02 [ForkJoinPool.commonPool-worker-7] INFO  com.sentinel.engine.ApiMonitor - Signal captured from JSONPlaceholder | Status: 200 | Latency: 472ms
2026-05-06 12:25:02 [ForkJoinPool.commonPool-worker-7] INFO  com.sentinel.engine.ApiMonitor - Signal captured from Sentinel API | Status: 200 | Latency: 626ms
2026-05-06 12:25:31 [scheduling-1] INFO  com.sentinel.engine.ApiMonitor - Initializing automated fleet surveillance cycle...
2026-05-06 12:25:31 [ForkJoinPool.commonPool-worker-4] INFO  com.sentinel.engine.ApiMonitor - Signal captured from test | Status: 404 | Latency: 275ms
2026-05-06 12:25:31 [ForkJoinPool.commonPool-worker-1] INFO  com.sentinel.engine.ApiMonitor - Signal captured from Sentinel API | Status: 200 | Latency: 308ms
2026-05-06 12:25:31 [ForkJoinPool.commonPool-worker-8] INFO  com.sentinel.engine.ApiMonitor - Signal captured from JSONPlaceholder | Status: 200 | Latency: 307ms
2026-05-06 12:25:32 [ForkJoinPool.commonPool-worker-4] INFO  com.sentinel.engine.ApiMonitor - Signal captured from JSONPlaceholder | Status: 200 | Latency: 358ms
2026-05-06 12:25:32 [ForkJoinPool.commonPool-worker-8] INFO  com.sentinel.engine.ApiMonitor - Signal captured from JSONPlaceholder Fleet | Status: 200 | Latency: 410ms
2026-05-06 12:25:32 [ForkJoinPool.commonPool-worker-8] INFO  com.sentinel.engine.ApiMonitor - Signal captured from JSONPlaceholder Test | Status: 200 | Latency: 506ms
2026-05-06 12:25:32 [ForkJoinPool.commonPool-worker-1] INFO  com.sentinel.engine.ApiMonitor - Signal captured from fvwrg | Status: 200 | Latency: 506ms
2026-05-06 12:25:32 [ForkJoinPool.commonPool-worker-4] INFO  com.sentinel.engine.ApiMonitor - Signal captured from JSONPlaceholder Test | Status: 200 | Latency: 506ms
2026-05-06 12:25:32 [ForkJoinPool.commonPool-worker-9] INFO  com.sentinel.engine.ApiMonitor - Signal captured from Test Service | Status: 200 | Latency: 530ms
2026-05-06 12:26:01 [scheduling-1] INFO  com.sentinel.engine.ApiMonitor - Initializing automated fleet surveillance cycle...
2026-05-06 12:26:02 [ForkJoinPool.commonPool-worker-4] INFO  com.sentinel.engine.ApiMonitor - Signal captured from Sentinel API | Status: 200 | Latency: 282ms
2026-05-06 12:26:02 [ForkJoinPool.commonPool-worker-3] INFO  com.sentinel.engine.ApiMonitor - Signal captured from Test Service | Status: 200 | Latency: 292ms
2026-05-06 12:26:02 [ForkJoinPool.commonPool-worker-9] INFO  com.sentinel.engine.ApiMonitor - Signal captured from JSONPlaceholder | Status: 200 | Latency: 303ms
2026-05-06 12:26:02 [ForkJoinPool.commonPool-worker-5] INFO  com.sentinel.engine.ApiMonitor - Signal captured from JSONPlaceholder Fleet | Status: 200 | Latency: 352ms
2026-05-06 12:26:02 [ForkJoinPool.commonPool-worker-9] INFO  com.sentinel.engine.ApiMonitor - Signal captured from JSONPlaceholder | Status: 200 | Latency: 405ms
2026-05-06 12:26:02 [ForkJoinPool.commonPool-worker-3] INFO  com.sentinel.engine.ApiMonitor - Signal captured from test | Status: 404 | Latency: 454ms
2026-05-06 12:26:02 [ForkJoinPool.commonPool-worker-4] INFO  com.sentinel.engine.ApiMonitor - Signal captured from fvwrg | Status: 200 | Latency: 530ms
2026-05-06 12:26:02 [ForkJoinPool.commonPool-worker-5] INFO  com.sentinel.engine.ApiMonitor - Signal captured from JSONPlaceholder Test | Status: 200 | Latency: 530ms
2026-05-06 12:26:02 [ForkJoinPool.commonPool-worker-9] INFO  com.sentinel.engine.ApiMonitor - Signal captured from JSONPlaceholder Test | Status: 200 | Latency: 530ms
2026-05-06 12:26:31 [scheduling-1] INFO  com.sentinel.engine.ApiMonitor - Initializing automated fleet surveillance cycle...
2026-05-06 12:26:31 [ForkJoinPool.commonPool-worker-5] INFO  com.sentinel.engine.ApiMonitor - Signal captured from test | Status: 404 | Latency: 189ms
2026-05-06 12:26:31 [ForkJoinPool.commonPool-worker-1] INFO  com.sentinel.engine.ApiMonitor - Signal captured from Sentinel API | Status: 200 | Latency: 224ms
2026-05-06 12:26:32 [ForkJoinPool.commonPool-worker-1] INFO  com.sentinel.engine.ApiMonitor - Signal captured from fvwrg | Status: 200 | Latency: 269ms
2026-05-06 12:26:32 [ForkJoinPool.commonPool-worker-5] INFO  com.sentinel.engine.ApiMonitor - Signal captured from JSONPlaceholder Fleet | Status: 200 | Latency: 292ms
2026-05-06 12:26:32 [ForkJoinPool.commonPool-worker-1] INFO  com.sentinel.engine.ApiMonitor - Signal captured from JSONPlaceholder Test | Status: 200 | Latency: 319ms
2026-05-06 12:26:32 [ForkJoinPool.commonPool-worker-5] INFO  com.sentinel.engine.ApiMonitor - Signal captured from Test Service | Status: 200 | Latency: 361ms
2026-05-06 12:26:32 [ForkJoinPool.commonPool-worker-4] INFO  com.sentinel.engine.ApiMonitor - Signal captured from JSONPlaceholder Test | Status: 200 | Latency: 377ms
2026-05-06 12:26:32 [ForkJoinPool.commonPool-worker-1] INFO  com.sentinel.engine.ApiMonitor - Signal captured from JSONPlaceholder | Status: 200 | Latency: 376ms
2026-05-06 12:26:32 [ForkJoinPool.commonPool-worker-9] INFO  com.sentinel.engine.ApiMonitor - Signal captured from JSONPlaceholder | Status: 200 | Latency: 376ms
2026-05-06 12:27:01 [scheduling-1] INFO  com.sentinel.engine.ApiMonitor - Initializing automated fleet surveillance cycle...
2026-05-06 12:27:01 [ForkJoinPool.commonPool-worker-3] INFO  com.sentinel.engine.ApiMonitor - Signal captured from test | Status: 404 | Latency: 184ms
2026-05-06 12:27:02 [ForkJoinPool.commonPool-worker-5] INFO  com.sentinel.engine.ApiMonitor - Signal captured from Sentinel API | Status: 200 | Latency: 214ms
2026-05-06 12:27:02 [ForkJoinPool.commonPool-worker-5] INFO  com.sentinel.engine.ApiMonitor - Signal captured from JSONPlaceholder | Status: 200 | Latency: 255ms
2026-05-06 12:27:02 [ForkJoinPool.commonPool-worker-5] INFO  com.sentinel.engine.ApiMonitor - Signal captured from JSONPlaceholder | Status: 200 | Latency: 291ms
2026-05-06 12:27:02 [ForkJoinPool.commonPool-worker-5] INFO  com.sentinel.engine.ApiMonitor - Signal captured from JSONPlaceholder Test | Status: 200 | Latency: 337ms
2026-05-06 12:27:02 [ForkJoinPool.commonPool-worker-1] INFO  com.sentinel.engine.ApiMonitor - Signal captured from fvwrg | Status: 200 | Latency: 440ms
2026-05-06 12:27:02 [ForkJoinPool.commonPool-worker-5] INFO  com.sentinel.engine.ApiMonitor - Signal captured from JSONPlaceholder Test | Status: 200 | Latency: 440ms
2026-05-06 12:27:02 [ForkJoinPool.commonPool-worker-3] INFO  com.sentinel.engine.ApiMonitor - Signal captured from JSONPlaceholder Fleet | Status: 200 | Latency: 440ms
2026-05-06 12:27:02 [ForkJoinPool.commonPool-worker-9] INFO  com.sentinel.engine.ApiMonitor - Signal captured from Test Service | Status: 200 | Latency: 460ms
2026-05-06 12:27:31 [scheduling-1] INFO  com.sentinel.engine.ApiMonitor - Initializing automated fleet surveillance cycle...
2026-05-06 12:27:32 [ForkJoinPool.commonPool-worker-4] INFO  com.sentinel.engine.ApiMonitor - Signal captured from test | Status: 404 | Latency: 180ms
2026-05-06 12:27:32 [ForkJoinPool.commonPool-worker-4] INFO  com.sentinel.engine.ApiMonitor - Signal captured from JSONPlaceholder Test | Status: 200 | Latency: 289ms
2026-05-06 12:27:32 [ForkJoinPool.commonPool-worker-4] INFO  com.sentinel.engine.ApiMonitor - Signal captured from JSONPlaceholder Test | Status: 200 | Latency: 324ms
2026-05-06 12:27:32 [ForkJoinPool.commonPool-worker-3] INFO  com.sentinel.engine.ApiMonitor - Signal captured from Sentinel API | Status: 200 | Latency: 336ms
2026-05-06 12:27:32 [ForkJoinPool.commonPool-worker-3] INFO  com.sentinel.engine.ApiMonitor - Signal captured from JSONPlaceholder | Status: 200 | Latency: 373ms
2026-05-06 12:27:32 [ForkJoinPool.commonPool-worker-9] INFO  com.sentinel.engine.ApiMonitor - Signal captured from JSONPlaceholder | Status: 200 | Latency: 472ms
2026-05-06 12:27:32 [ForkJoinPool.commonPool-worker-4] INFO  com.sentinel.engine.ApiMonitor - Signal captured from fvwrg | Status: 200 | Latency: 471ms
2026-05-06 12:27:32 [ForkJoinPool.commonPool-worker-3] INFO  com.sentinel.engine.ApiMonitor - Signal captured from JSONPlaceholder Fleet | Status: 200 | Latency: 471ms
2026-05-06 12:27:32 [ForkJoinPool.commonPool-worker-3] INFO  com.sentinel.engine.ApiMonitor - Signal captured from Test Service | Status: 200 | Latency: 794ms
2026-05-06 12:28:01 [scheduling-1] INFO  com.sentinel.engine.ApiMonitor - Initializing automated fleet surveillance cycle...
2026-05-06 12:28:02 [ForkJoinPool.commonPool-worker-1] INFO  com.sentinel.engine.ApiMonitor - Signal captured from test | Status: 404 | Latency: 210ms
2026-05-06 12:28:02 [ForkJoinPool.commonPool-worker-9] INFO  com.sentinel.engine.ApiMonitor - Signal captured from Test Service | Status: 200 | Latency: 232ms
2026-05-06 12:28:02 [ForkJoinPool.commonPool-worker-1] INFO  com.sentinel.engine.ApiMonitor - Signal captured from JSONPlaceholder Test | Status: 200 | Latency: 255ms
2026-05-06 12:28:02 [ForkJoinPool.commonPool-worker-9] INFO  com.sentinel.engine.ApiMonitor - Signal captured from JSONPlaceholder Test | Status: 200 | Latency: 288ms
2026-05-06 12:28:02 [ForkJoinPool.commonPool-worker-9] INFO  com.sentinel.engine.ApiMonitor - Signal captured from JSONPlaceholder | Status: 200 | Latency: 330ms
2026-05-06 12:28:02 [ForkJoinPool.commonPool-worker-9] INFO  com.sentinel.engine.ApiMonitor - Signal captured from JSONPlaceholder Fleet | Status: 200 | Latency: 434ms
2026-05-06 12:28:02 [ForkJoinPool.commonPool-worker-3] INFO  com.sentinel.engine.ApiMonitor - Signal captured from fvwrg | Status: 200 | Latency: 435ms
2026-05-06 12:28:02 [ForkJoinPool.commonPool-worker-1] INFO  com.sentinel.engine.ApiMonitor - Signal captured from JSONPlaceholder | Status: 200 | Latency: 434ms
2026-05-06 12:28:02 [ForkJoinPool.commonPool-worker-1] INFO  com.sentinel.engine.ApiMonitor - Signal captured from Sentinel API | Status: 200 | Latency: 541ms
2026-05-06 12:28:31 [scheduling-1] INFO  com.sentinel.engine.ApiMonitor - Initializing automated fleet surveillance cycle...
2026-05-06 12:28:32 [ForkJoinPool.commonPool-worker-3] INFO  com.sentinel.engine.ApiMonitor - Signal captured from fvwrg | Status: 200 | Latency: 171ms
2026-05-06 12:28:32 [ForkJoinPool.commonPool-worker-9] INFO  com.sentinel.engine.ApiMonitor - Signal captured from test | Status: 404 | Latency: 185ms
2026-05-06 12:28:32 [ForkJoinPool.commonPool-worker-1] INFO  com.sentinel.engine.ApiMonitor - Signal captured from JSONPlaceholder | Status: 200 | Latency: 204ms
2026-05-06 12:28:32 [ForkJoinPool.commonPool-worker-9] INFO  com.sentinel.engine.ApiMonitor - Signal captured from Sentinel API | Status: 200 | Latency: 228ms
2026-05-06 12:28:32 [ForkJoinPool.commonPool-worker-3] INFO  com.sentinel.engine.ApiMonitor - Signal captured from JSONPlaceholder Test | Status: 200 | Latency: 251ms
2026-05-06 12:28:32 [ForkJoinPool.commonPool-worker-9] INFO  com.sentinel.engine.ApiMonitor - Signal captured from JSONPlaceholder Test | Status: 200 | Latency: 350ms
2026-05-06 12:28:32 [ForkJoinPool.commonPool-worker-1] INFO  com.sentinel.engine.ApiMonitor - Signal captured from JSONPlaceholder | Status: 200 | Latency: 350ms
2026-05-06 12:28:32 [ForkJoinPool.commonPool-worker-3] INFO  com.sentinel.engine.ApiMonitor - Signal captured from JSONPlaceholder Fleet | Status: 200 | Latency: 350ms
2026-05-06 12:28:32 [ForkJoinPool.commonPool-worker-3] INFO  com.sentinel.engine.ApiMonitor - Signal captured from Test Service | Status: 200 | Latency: 471ms
2026-05-06 12:29:01 [scheduling-1] INFO  com.sentinel.engine.ApiMonitor - Initializing automated fleet surveillance cycle...
2026-05-06 12:29:02 [ForkJoinPool.commonPool-worker-5] INFO  com.sentinel.engine.ApiMonitor - Signal captured from JSONPlaceholder Fleet | Status: 200 | Latency: 181ms
2026-05-06 12:29:02 [ForkJoinPool.commonPool-worker-9] INFO  com.sentinel.engine.ApiMonitor - Signal captured from test | Status: 404 | Latency: 212ms
2026-05-06 12:29:02 [ForkJoinPool.commonPool-worker-5] INFO  com.sentinel.engine.ApiMonitor - Signal captured from JSONPlaceholder Test | Status: 200 | Latency: 220ms
2026-05-06 12:29:02 [ForkJoinPool.commonPool-worker-1] INFO  com.sentinel.engine.ApiMonitor - Signal captured from Sentinel API | Status: 200 | Latency: 238ms
2026-05-06 12:29:02 [ForkJoinPool.commonPool-worker-5] INFO  com.sentinel.engine.ApiMonitor - Signal captured from fvwrg | Status: 200 | Latency: 273ms
2026-05-06 12:29:02 [ForkJoinPool.commonPool-worker-9] INFO  com.sentinel.engine.ApiMonitor - Signal captured from JSONPlaceholder Test | Status: 200 | Latency: 360ms
2026-05-06 12:29:02 [ForkJoinPool.commonPool-worker-5] INFO  com.sentinel.engine.ApiMonitor - Signal captured from JSONPlaceholder | Status: 200 | Latency: 359ms
2026-05-06 12:29:02 [ForkJoinPool.commonPool-worker-1] INFO  com.sentinel.engine.ApiMonitor - Signal captured from JSONPlaceholder | Status: 200 | Latency: 360ms
2026-05-06 12:29:02 [ForkJoinPool.commonPool-worker-1] INFO  com.sentinel.engine.ApiMonitor - Signal captured from Test Service | Status: 200 | Latency: 486ms
2026-05-06 12:29:31 [scheduling-1] INFO  com.sentinel.engine.ApiMonitor - Initializing automated fleet surveillance cycle...
2026-05-06 12:29:32 [ForkJoinPool.commonPool-worker-4] INFO  com.sentinel.engine.ApiMonitor - Signal captured from test | Status: 404 | Latency: 198ms
2026-05-06 12:29:32 [ForkJoinPool.commonPool-worker-5] INFO  com.sentinel.engine.ApiMonitor - Signal captured from JSONPlaceholder | Status: 200 | Latency: 222ms
2026-05-06 12:29:32 [ForkJoinPool.commonPool-worker-1] INFO  com.sentinel.engine.ApiMonitor - Signal captured from Sentinel API | Status: 200 | Latency: 232ms
2026-05-06 12:29:32 [ForkJoinPool.commonPool-worker-5] INFO  com.sentinel.engine.ApiMonitor - Signal captured from JSONPlaceholder Test | Status: 200 | Latency: 260ms
2026-05-06 12:29:32 [ForkJoinPool.commonPool-worker-5] INFO  com.sentinel.engine.ApiMonitor - Signal captured from JSONPlaceholder Fleet | Status: 200 | Latency: 304ms
2026-05-06 12:29:32 [ForkJoinPool.commonPool-worker-9] INFO  com.sentinel.engine.ApiMonitor - Signal captured from JSONPlaceholder Test | Status: 200 | Latency: 417ms
2026-05-06 12:29:32 [ForkJoinPool.commonPool-worker-1] INFO  com.sentinel.engine.ApiMonitor - Signal captured from fvwrg | Status: 200 | Latency: 417ms
2026-05-06 12:29:32 [ForkJoinPool.commonPool-worker-5] INFO  com.sentinel.engine.ApiMonitor - Signal captured from JSONPlaceholder | Status: 200 | Latency: 416ms
2026-05-06 12:29:32 [ForkJoinPool.commonPool-worker-5] INFO  com.sentinel.engine.ApiMonitor - Signal captured from Test Service | Status: 200 | Latency: 554ms
2026-05-06 12:30:01 [scheduling-1] INFO  com.sentinel.engine.ApiMonitor - Initializing automated fleet surveillance cycle...
2026-05-06 12:30:02 [ForkJoinPool.commonPool-worker-5] INFO  com.sentinel.engine.ApiMonitor - Signal captured from test | Status: 404 | Latency: 189ms
2026-05-06 12:30:02 [ForkJoinPool.commonPool-worker-5] INFO  com.sentinel.engine.ApiMonitor - Signal captured from Test Service | Status: 200 | Latency: 232ms
2026-05-06 12:30:02 [ForkJoinPool.commonPool-worker-1] INFO  com.sentinel.engine.ApiMonitor - Signal captured from JSONPlaceholder Test | Status: 200 | Latency: 261ms
2026-05-06 12:30:02 [ForkJoinPool.commonPool-worker-1] INFO  com.sentinel.engine.ApiMonitor - Signal captured from JSONPlaceholder | Status: 200 | Latency: 295ms
2026-05-06 12:30:02 [ForkJoinPool.commonPool-worker-1] INFO  com.sentinel.engine.ApiMonitor - Signal captured from fvwrg | Status: 200 | Latency: 346ms
2026-05-06 12:30:02 [ForkJoinPool.commonPool-worker-3] INFO  com.sentinel.engine.ApiMonitor - Signal captured from JSONPlaceholder | Status: 200 | Latency: 451ms
2026-05-06 12:30:02 [ForkJoinPool.commonPool-worker-5] INFO  com.sentinel.engine.ApiMonitor - Signal captured from JSONPlaceholder Test | Status: 200 | Latency: 451ms
2026-05-06 12:30:02 [ForkJoinPool.commonPool-worker-1] INFO  com.sentinel.engine.ApiMonitor - Signal captured from JSONPlaceholder Fleet | Status: 200 | Latency: 451ms
2026-05-06 12:30:03 [ForkJoinPool.commonPool-worker-1] INFO  com.sentinel.engine.ApiMonitor - Signal captured from Sentinel API | Status: 200 | Latency: 1057ms
2026-05-06 12:30:32 [scheduling-1] INFO  com.sentinel.engine.ApiMonitor - Initializing automated fleet surveillance cycle...
2026-05-06 12:30:32 [ForkJoinPool.commonPool-worker-3] INFO  com.sentinel.engine.ApiMonitor - Signal captured from test | Status: 404 | Latency: 183ms
2026-05-06 12:30:32 [ForkJoinPool.commonPool-worker-5] INFO  com.sentinel.engine.ApiMonitor - Signal captured from JSONPlaceholder | Status: 200 | Latency: 216ms
2026-05-06 12:30:32 [ForkJoinPool.commonPool-worker-3] INFO  com.sentinel.engine.ApiMonitor - Signal captured from Sentinel API | Status: 200 | Latency: 230ms
2026-05-06 12:30:32 [ForkJoinPool.commonPool-worker-5] INFO  com.sentinel.engine.ApiMonitor - Signal captured from JSONPlaceholder Test | Status: 200 | Latency: 259ms
2026-05-06 12:30:32 [ForkJoinPool.commonPool-worker-5] INFO  com.sentinel.engine.ApiMonitor - Signal captured from JSONPlaceholder Fleet | Status: 200 | Latency: 301ms
2026-05-06 12:30:32 [ForkJoinPool.commonPool-worker-5] INFO  com.sentinel.engine.ApiMonitor - Signal captured from JSONPlaceholder | Status: 200 | Latency: 396ms
2026-05-06 12:30:32 [ForkJoinPool.commonPool-worker-3] INFO  com.sentinel.engine.ApiMonitor - Signal captured from fvwrg | Status: 200 | Latency: 396ms
2026-05-06 12:30:32 [ForkJoinPool.commonPool-worker-1] INFO  com.sentinel.engine.ApiMonitor - Signal captured from JSONPlaceholder Test | Status: 200 | Latency: 396ms
2026-05-06 12:30:32 [ForkJoinPool.commonPool-worker-1] INFO  com.sentinel.engine.ApiMonitor - Signal captured from Test Service | Status: 200 | Latency: 562ms
2026-05-06 12:31:02 [scheduling-1] INFO  com.sentinel.engine.ApiMonitor - Initializing automated fleet surveillance cycle...
2026-05-06 12:31:02 [ForkJoinPool.commonPool-worker-1] INFO  com.sentinel.engine.ApiMonitor - Signal captured from test | Status: 404 | Latency: 189ms
2026-05-06 12:31:02 [ForkJoinPool.commonPool-worker-1] INFO  com.sentinel.engine.ApiMonitor - Signal captured from Sentinel API | Status: 200 | Latency: 223ms
2026-05-06 12:31:02 [ForkJoinPool.commonPool-worker-9] INFO  com.sentinel.engine.ApiMonitor - Signal captured from JSONPlaceholder | Status: 200 | Latency: 249ms
2026-05-06 12:31:02 [ForkJoinPool.commonPool-worker-9] INFO  com.sentinel.engine.ApiMonitor - Signal captured from JSONPlaceholder Test | Status: 200 | Latency: 289ms
2026-05-06 12:31:02 [ForkJoinPool.commonPool-worker-9] INFO  com.sentinel.engine.ApiMonitor - Signal captured from fvwrg | Status: 200 | Latency: 337ms
2026-05-06 12:31:02 [ForkJoinPool.commonPool-worker-4] INFO  com.sentinel.engine.ApiMonitor - Signal captured from JSONPlaceholder Fleet | Status: 200 | Latency: 453ms
2026-05-06 12:31:02 [ForkJoinPool.commonPool-worker-1] INFO  com.sentinel.engine.ApiMonitor - Signal captured from JSONPlaceholder | Status: 200 | Latency: 453ms
2026-05-06 12:31:02 [ForkJoinPool.commonPool-worker-9] INFO  com.sentinel.engine.ApiMonitor - Signal captured from JSONPlaceholder Test | Status: 200 | Latency: 452ms
2026-05-06 12:31:02 [ForkJoinPool.commonPool-worker-3] INFO  com.sentinel.engine.ApiMonitor - Signal captured from Test Service | Status: 200 | Latency: 468ms
2026-05-06 12:31:32 [scheduling-1] INFO  com.sentinel.engine.ApiMonitor - Initializing automated fleet surveillance cycle...
2026-05-06 12:31:32 [ForkJoinPool.commonPool-worker-2] INFO  com.sentinel.engine.ApiMonitor - Signal captured from test | Status: 404 | Latency: 188ms
2026-05-06 12:31:32 [ForkJoinPool.commonPool-worker-8] INFO  com.sentinel.engine.ApiMonitor - Signal captured from Sentinel API | Status: 200 | Latency: 212ms
2026-05-06 12:31:32 [ForkJoinPool.commonPool-worker-2] INFO  com.sentinel.engine.ApiMonitor - Signal captured from JSONPlaceholder Test | Status: 200 | Latency: 231ms
2026-05-06 12:31:32 [ForkJoinPool.commonPool-worker-8] INFO  com.sentinel.engine.ApiMonitor - Signal captured from JSONPlaceholder | Status: 200 | Latency: 262ms
2026-05-06 12:31:32 [ForkJoinPool.commonPool-worker-8] INFO  com.sentinel.engine.ApiMonitor - Signal captured from JSONPlaceholder Test | Status: 200 | Latency: 312ms
2026-05-06 12:31:32 [ForkJoinPool.commonPool-worker-8] INFO  com.sentinel.engine.ApiMonitor - Signal captured from Test Service | Status: 200 | Latency: 356ms
2026-05-06 12:31:32 [ForkJoinPool.commonPool-worker-8] INFO  com.sentinel.engine.ApiMonitor - Signal captured from JSONPlaceholder Fleet | Status: 200 | Latency: 425ms
2026-05-06 12:31:32 [ForkJoinPool.commonPool-worker-2] INFO  com.sentinel.engine.ApiMonitor - Signal captured from fvwrg | Status: 200 | Latency: 427ms
2026-05-06 12:31:32 [ForkJoinPool.commonPool-worker-5] INFO  com.sentinel.engine.ApiMonitor - Signal captured from JSONPlaceholder | Status: 200 | Latency: 427ms
2026-05-06 12:32:02 [scheduling-1] INFO  com.sentinel.engine.ApiMonitor - Initializing automated fleet surveillance cycle...
2026-05-06 12:32:02 [ForkJoinPool.commonPool-worker-1] INFO  com.sentinel.engine.ApiMonitor - Signal captured from test | Status: 404 | Latency: 215ms
2026-05-06 12:32:02 [ForkJoinPool.commonPool-worker-1] INFO  com.sentinel.engine.ApiMonitor - Signal captured from Sentinel API | Status: 200 | Latency: 250ms
2026-05-06 12:32:02 [ForkJoinPool.commonPool-worker-1] INFO  com.sentinel.engine.ApiMonitor - Signal captured from JSONPlaceholder | Status: 200 | Latency: 307ms
2026-05-06 12:32:02 [ForkJoinPool.commonPool-worker-5] INFO  com.sentinel.engine.ApiMonitor - Signal captured from JSONPlaceholder Fleet | Status: 200 | Latency: 343ms
2026-05-06 12:32:02 [ForkJoinPool.commonPool-worker-5] INFO  com.sentinel.engine.ApiMonitor - Signal captured from JSONPlaceholder Test | Status: 200 | Latency: 391ms
2026-05-06 12:32:02 [ForkJoinPool.commonPool-worker-5] INFO  com.sentinel.engine.ApiMonitor - Signal captured from Test Service | Status: 200 | Latency: 453ms
2026-05-06 12:32:02 [ForkJoinPool.commonPool-worker-1] INFO  com.sentinel.engine.ApiMonitor - Signal captured from fvwrg | Status: 200 | Latency: 486ms
2026-05-06 12:32:02 [ForkJoinPool.commonPool-worker-9] INFO  com.sentinel.engine.ApiMonitor - Signal captured from JSONPlaceholder | Status: 200 | Latency: 486ms
2026-05-06 12:32:02 [ForkJoinPool.commonPool-worker-5] INFO  com.sentinel.engine.ApiMonitor - Signal captured from JSONPlaceholder Test | Status: 200 | Latency: 486ms
2026-05-06 12:32:32 [scheduling-1] INFO  com.sentinel.engine.ApiMonitor - Initializing automated fleet surveillance cycle...
2026-05-06 12:32:32 [ForkJoinPool.commonPool-worker-1] INFO  com.sentinel.engine.ApiMonitor - Signal captured from test | Status: 404 | Latency: 202ms
2026-05-06 12:32:32 [ForkJoinPool.commonPool-worker-8] INFO  com.sentinel.engine.ApiMonitor - Signal captured from Test Service | Status: 200 | Latency: 219ms
2026-05-06 12:32:32 [ForkJoinPool.commonPool-worker-8] INFO  com.sentinel.engine.ApiMonitor - Signal captured from JSONPlaceholder Test | Status: 200 | Latency: 286ms
2026-05-06 12:32:32 [ForkJoinPool.commonPool-worker-8] INFO  com.sentinel.engine.ApiMonitor - Signal captured from Sentinel API | Status: 200 | Latency: 352ms
2026-05-06 12:32:32 [ForkJoinPool.commonPool-worker-8] INFO  com.sentinel.engine.ApiMonitor - Signal captured from fvwrg | Status: 200 | Latency: 570ms
2026-05-06 12:32:32 [ForkJoinPool.commonPool-worker-1] INFO  com.sentinel.engine.ApiMonitor - Signal captured from JSONPlaceholder | Status: 200 | Latency: 589ms
2026-05-06 12:32:33 [ForkJoinPool.commonPool-worker-8] INFO  com.sentinel.engine.ApiMonitor - Signal captured from JSONPlaceholder Test | Status: 200 | Latency: 758ms
2026-05-06 12:32:33 [ForkJoinPool.commonPool-worker-1] INFO  com.sentinel.engine.ApiMonitor - Signal captured from JSONPlaceholder Fleet | Status: 200 | Latency: 752ms
2026-05-06 12:32:33 [ForkJoinPool.commonPool-worker-9] INFO  com.sentinel.engine.ApiMonitor - Signal captured from JSONPlaceholder | Status: 200 | Latency: 758ms
2026-05-06 12:33:02 [scheduling-1] INFO  com.sentinel.engine.ApiMonitor - Initializing automated fleet surveillance cycle...
2026-05-06 12:33:02 [ForkJoinPool.commonPool-worker-5] INFO  com.sentinel.engine.ApiMonitor - Signal captured from test | Status: 404 | Latency: 181ms
2026-05-06 12:33:02 [ForkJoinPool.commonPool-worker-5] INFO  com.sentinel.engine.ApiMonitor - Signal captured from JSONPlaceholder | Status: 200 | Latency: 238ms
2026-05-06 12:33:02 [ForkJoinPool.commonPool-worker-1] INFO  com.sentinel.engine.ApiMonitor - Signal captured from fvwrg | Status: 200 | Latency: 262ms
2026-05-06 12:33:02 [ForkJoinPool.commonPool-worker-5] INFO  com.sentinel.engine.ApiMonitor - Signal captured from JSONPlaceholder Fleet | Status: 200 | Latency: 298ms
2026-05-06 12:33:02 [ForkJoinPool.commonPool-worker-5] INFO  com.sentinel.engine.ApiMonitor - Signal captured from JSONPlaceholder Test | Status: 200 | Latency: 370ms
2026-05-06 12:33:02 [ForkJoinPool.commonPool-worker-9] INFO  com.sentinel.engine.ApiMonitor - Signal captured from JSONPlaceholder | Status: 200 | Latency: 372ms
2026-05-06 12:33:02 [ForkJoinPool.commonPool-worker-1] INFO  com.sentinel.engine.ApiMonitor - Signal captured from JSONPlaceholder Test | Status: 200 | Latency: 370ms
2026-05-06 12:33:02 [ForkJoinPool.commonPool-worker-1] INFO  com.sentinel.engine.ApiMonitor - Signal captured from Test Service | Status: 200 | Latency: 458ms
2026-05-06 12:33:03 [ForkJoinPool.commonPool-worker-1] INFO  com.sentinel.engine.ApiMonitor - Signal captured from Sentinel API | Status: 200 | Latency: 826ms
2026-05-06 12:33:32 [scheduling-1] INFO  com.sentinel.engine.ApiMonitor - Initializing automated fleet surveillance cycle...
2026-05-06 12:33:32 [ForkJoinPool.commonPool-worker-9] INFO  com.sentinel.engine.ApiMonitor - Signal captured from test | Status: 404 | Latency: 187ms
2026-05-06 12:33:32 [ForkJoinPool.commonPool-worker-1] INFO  com.sentinel.engine.ApiMonitor - Signal captured from JSONPlaceholder Test | Status: 200 | Latency: 217ms
2026-05-06 12:33:32 [ForkJoinPool.commonPool-worker-9] INFO  com.sentinel.engine.ApiMonitor - Signal captured from Sentinel API | Status: 200 | Latency: 231ms
2026-05-06 12:33:32 [ForkJoinPool.commonPool-worker-1] INFO  com.sentinel.engine.ApiMonitor - Signal captured from JSONPlaceholder | Status: 200 | Latency: 258ms
2026-05-06 12:33:32 [ForkJoinPool.commonPool-worker-1] INFO  com.sentinel.engine.ApiMonitor - Signal captured from JSONPlaceholder Fleet | Status: 200 | Latency: 310ms
2026-05-06 12:33:32 [ForkJoinPool.commonPool-worker-1] INFO  com.sentinel.engine.ApiMonitor - Signal captured from JSONPlaceholder | Status: 200 | Latency: 421ms
2026-05-06 12:33:32 [ForkJoinPool.commonPool-worker-9] INFO  com.sentinel.engine.ApiMonitor - Signal captured from fvwrg | Status: 200 | Latency: 421ms
2026-05-06 12:33:32 [ForkJoinPool.commonPool-worker-5] INFO  com.sentinel.engine.ApiMonitor - Signal captured from JSONPlaceholder Test | Status: 200 | Latency: 421ms
2026-05-06 12:33:32 [ForkJoinPool.commonPool-worker-5] INFO  com.sentinel.engine.ApiMonitor - Signal captured from Test Service | Status: 200 | Latency: 470ms
2026-05-06 12:34:02 [scheduling-1] INFO  com.sentinel.engine.ApiMonitor - Initializing automated fleet surveillance cycle...
2026-05-06 12:34:02 [ForkJoinPool.commonPool-worker-2] INFO  com.sentinel.engine.ApiMonitor - Signal captured from test | Status: 404 | Latency: 181ms
2026-05-06 12:34:02 [ForkJoinPool.commonPool-worker-2] INFO  com.sentinel.engine.ApiMonitor - Signal captured from Sentinel API | Status: 200 | Latency: 222ms
2026-05-06 12:34:02 [ForkJoinPool.commonPool-worker-8] INFO  com.sentinel.engine.ApiMonitor - Signal captured from Test Service | Status: 200 | Latency: 232ms
2026-05-06 12:34:02 [ForkJoinPool.commonPool-worker-8] INFO  com.sentinel.engine.ApiMonitor - Signal captured from JSONPlaceholder Fleet | Status: 200 | Latency: 271ms
2026-05-06 12:34:02 [ForkJoinPool.commonPool-worker-8] INFO  com.sentinel.engine.ApiMonitor - Signal captured from JSONPlaceholder | Status: 200 | Latency: 305ms
2026-05-06 12:34:02 [ForkJoinPool.commonPool-worker-8] INFO  com.sentinel.engine.ApiMonitor - Signal captured from JSONPlaceholder | Status: 200 | Latency: 352ms
2026-05-06 12:34:02 [ForkJoinPool.commonPool-worker-8] INFO  com.sentinel.engine.ApiMonitor - Signal captured from JSONPlaceholder Test | Status: 200 | Latency: 461ms
2026-05-06 12:34:02 [ForkJoinPool.commonPool-worker-9] INFO  com.sentinel.engine.ApiMonitor - Signal captured from JSONPlaceholder Test | Status: 200 | Latency: 462ms
2026-05-06 12:34:02 [ForkJoinPool.commonPool-worker-2] INFO  com.sentinel.engine.ApiMonitor - Signal captured from fvwrg | Status: 200 | Latency: 462ms
2026-05-06 12:34:32 [scheduling-1] INFO  com.sentinel.engine.ApiMonitor - Initializing automated fleet surveillance cycle...
2026-05-06 12:34:32 [ForkJoinPool.commonPool-worker-1] INFO  com.sentinel.engine.ApiMonitor - Signal captured from test | Status: 404 | Latency: 188ms
2026-05-06 12:34:32 [ForkJoinPool.commonPool-worker-9] INFO  com.sentinel.engine.ApiMonitor - Signal captured from Sentinel API | Status: 200 | Latency: 225ms
2026-05-06 12:34:32 [ForkJoinPool.commonPool-worker-9] INFO  com.sentinel.engine.ApiMonitor - Signal captured from JSONPlaceholder | Status: 200 | Latency: 272ms
2026-05-06 12:34:32 [ForkJoinPool.commonPool-worker-9] INFO  com.sentinel.engine.ApiMonitor - Signal captured from JSONPlaceholder Test | Status: 200 | Latency: 309ms
2026-05-06 12:34:32 [ForkJoinPool.commonPool-worker-9] INFO  com.sentinel.engine.ApiMonitor - Signal captured from JSONPlaceholder | Status: 200 | Latency: 359ms
2026-05-06 12:34:32 [ForkJoinPool.commonPool-worker-9] INFO  com.sentinel.engine.ApiMonitor - Signal captured from Test Service | Status: 200 | Latency: 445ms
2026-05-06 12:34:33 [ForkJoinPool.commonPool-worker-8] INFO  com.sentinel.engine.ApiMonitor - Signal captured from JSONPlaceholder Test | Status: 200 | Latency: 692ms
2026-05-06 12:34:33 [ForkJoinPool.commonPool-worker-9] INFO  com.sentinel.engine.ApiMonitor - Signal captured from fvwrg | Status: 200 | Latency: 692ms
2026-05-06 12:34:33 [ForkJoinPool.commonPool-worker-1] INFO  com.sentinel.engine.ApiMonitor - Signal captured from JSONPlaceholder Fleet | Status: 200 | Latency: 692ms
2026-05-06 12:35:02 [scheduling-1] INFO  com.sentinel.engine.ApiMonitor - Initializing automated fleet surveillance cycle...
2026-05-06 12:35:02 [ForkJoinPool.commonPool-worker-8] INFO  com.sentinel.engine.ApiMonitor - Signal captured from test | Status: 404 | Latency: 177ms
2026-05-06 12:35:02 [ForkJoinPool.commonPool-worker-8] INFO  com.sentinel.engine.ApiMonitor - Signal captured from JSONPlaceholder | Status: 200 | Latency: 502ms
2026-05-06 12:35:03 [ForkJoinPool.commonPool-worker-9] INFO  com.sentinel.engine.ApiMonitor - Signal captured from JSONPlaceholder Test | Status: 200 | Latency: 547ms
2026-05-06 12:35:03 [ForkJoinPool.commonPool-worker-8] INFO  com.sentinel.engine.ApiMonitor - Signal captured from JSONPlaceholder Test | Status: 200 | Latency: 545ms
2026-05-06 12:35:03 [ForkJoinPool.commonPool-worker-1] INFO  com.sentinel.engine.ApiMonitor - Signal captured from fvwrg | Status: 200 | Latency: 553ms
2026-05-06 12:35:03 [ForkJoinPool.commonPool-worker-5] INFO  com.sentinel.engine.ApiMonitor - Signal captured from JSONPlaceholder | Status: 200 | Latency: 554ms
2026-05-06 12:35:03 [ForkJoinPool.commonPool-worker-2] INFO  com.sentinel.engine.ApiMonitor - Signal captured from JSONPlaceholder Fleet | Status: 200 | Latency: 553ms
2026-05-06 12:35:03 [ForkJoinPool.commonPool-worker-2] INFO  com.sentinel.engine.ApiMonitor - Signal captured from Sentinel API | Status: 200 | Latency: 643ms
2026-05-06 12:35:03 [ForkJoinPool.commonPool-worker-2] INFO  com.sentinel.engine.ApiMonitor - Signal captured from Test Service | Status: 200 | Latency: 827ms
2026-05-06 12:35:32 [scheduling-1] INFO  com.sentinel.engine.ApiMonitor - Initializing automated fleet surveillance cycle...
2026-05-06 12:35:32 [ForkJoinPool.commonPool-worker-5] INFO  com.sentinel.engine.ApiMonitor - Signal captured from test | Status: 404 | Latency: 179ms
2026-05-06 12:35:32 [ForkJoinPool.commonPool-worker-5] INFO  com.sentinel.engine.ApiMonitor - Signal captured from Sentinel API | Status: 200 | Latency: 240ms
2026-05-06 12:35:32 [ForkJoinPool.commonPool-worker-1] INFO  com.sentinel.engine.ApiMonitor - Signal captured from JSONPlaceholder Test | Status: 200 | Latency: 259ms
2026-05-06 12:35:32 [ForkJoinPool.commonPool-worker-1] INFO  com.sentinel.engine.ApiMonitor - Signal captured from JSONPlaceholder | Status: 200 | Latency: 296ms
2026-05-06 12:35:32 [ForkJoinPool.commonPool-worker-1] INFO  com.sentinel.engine.ApiMonitor - Signal captured from fvwrg | Status: 200 | Latency: 346ms
2026-05-06 12:35:32 [ForkJoinPool.commonPool-worker-1] INFO  com.sentinel.engine.ApiMonitor - Signal captured from JSONPlaceholder | Status: 200 | Latency: 442ms
2026-05-06 12:35:32 [ForkJoinPool.commonPool-worker-5] INFO  com.sentinel.engine.ApiMonitor - Signal captured from JSONPlaceholder Test | Status: 200 | Latency: 441ms
2026-05-06 12:35:32 [ForkJoinPool.commonPool-worker-8] INFO  com.sentinel.engine.ApiMonitor - Signal captured from JSONPlaceholder Fleet | Status: 200 | Latency: 441ms
2026-05-06 12:35:33 [ForkJoinPool.commonPool-worker-8] INFO  com.sentinel.engine.ApiMonitor - Signal captured from Test Service | Status: 200 | Latency: 680ms
2026-05-06 12:36:02 [scheduling-1] INFO  com.sentinel.engine.ApiMonitor - Initializing automated fleet surveillance cycle...
2026-05-06 12:36:02 [ForkJoinPool.commonPool-worker-2] INFO  com.sentinel.engine.ApiMonitor - Signal captured from test | Status: 404 | Latency: 186ms
2026-05-06 12:36:02 [ForkJoinPool.commonPool-worker-2] INFO  com.sentinel.engine.ApiMonitor - Signal captured from Sentinel API | Status: 200 | Latency: 232ms
2026-05-06 12:36:02 [ForkJoinPool.commonPool-worker-2] INFO  com.sentinel.engine.ApiMonitor - Signal captured from JSONPlaceholder Test | Status: 200 | Latency: 294ms
2026-05-06 12:36:02 [ForkJoinPool.commonPool-worker-8] INFO  com.sentinel.engine.ApiMonitor - Signal captured from JSONPlaceholder | Status: 200 | Latency: 323ms
2026-05-06 12:36:02 [ForkJoinPool.commonPool-worker-8] INFO  com.sentinel.engine.ApiMonitor - Signal captured from JSONPlaceholder | Status: 200 | Latency: 363ms
2026-05-06 12:36:03 [ForkJoinPool.commonPool-worker-8] INFO  com.sentinel.engine.ApiMonitor - Signal captured from Test Service | Status: 200 | Latency: 470ms
2026-05-06 12:36:03 [ForkJoinPool.commonPool-worker-2] INFO  com.sentinel.engine.ApiMonitor - Signal captured from JSONPlaceholder Fleet | Status: 200 | Latency: 476ms
2026-05-06 12:36:03 [ForkJoinPool.commonPool-worker-5] INFO  com.sentinel.engine.ApiMonitor - Signal captured from fvwrg | Status: 200 | Latency: 476ms
2026-05-06 12:36:03 [ForkJoinPool.commonPool-worker-1] INFO  com.sentinel.engine.ApiMonitor - Signal captured from JSONPlaceholder Test | Status: 200 | Latency: 476ms
2026-05-06 12:36:32 [scheduling-1] INFO  com.sentinel.engine.ApiMonitor - Initializing automated fleet surveillance cycle...
2026-05-06 12:36:32 [ForkJoinPool.commonPool-worker-9] INFO  com.sentinel.engine.ApiMonitor - Signal captured from test | Status: 404 | Latency: 196ms
2026-05-06 12:36:32 [ForkJoinPool.commonPool-worker-8] INFO  com.sentinel.engine.ApiMonitor - Signal captured from fvwrg | Status: 200 | Latency: 223ms
2026-05-06 12:36:32 [ForkJoinPool.commonPool-worker-1] INFO  com.sentinel.engine.ApiMonitor - Signal captured from Test Service | Status: 200 | Latency: 229ms
2026-05-06 12:36:32 [ForkJoinPool.commonPool-worker-9] INFO  com.sentinel.engine.ApiMonitor - Signal captured from JSONPlaceholder Test | Status: 200 | Latency: 254ms
2026-05-06 12:36:32 [ForkJoinPool.commonPool-worker-9] INFO  com.sentinel.engine.ApiMonitor - Signal captured from JSONPlaceholder | Status: 200 | Latency: 298ms
2026-05-06 12:36:32 [ForkJoinPool.commonPool-worker-9] INFO  com.sentinel.engine.ApiMonitor - Signal captured from Sentinel API | Status: 200 | Latency: 376ms
2026-05-06 12:36:33 [ForkJoinPool.commonPool-worker-8] INFO  com.sentinel.engine.ApiMonitor - Signal captured from JSONPlaceholder Test | Status: 200 | Latency: 400ms
2026-05-06 12:36:33 [ForkJoinPool.commonPool-worker-1] INFO  com.sentinel.engine.ApiMonitor - Signal captured from JSONPlaceholder | Status: 200 | Latency: 400ms
2026-05-06 12:36:33 [ForkJoinPool.commonPool-worker-2] INFO  com.sentinel.engine.ApiMonitor - Signal captured from JSONPlaceholder Fleet | Status: 200 | Latency: 400ms
2026-05-06 12:37:02 [scheduling-1] INFO  com.sentinel.engine.ApiMonitor - Initializing automated fleet surveillance cycle...
2026-05-06 12:37:02 [ForkJoinPool.commonPool-worker-2] INFO  com.sentinel.engine.ApiMonitor - Signal captured from test | Status: 404 | Latency: 178ms
2026-05-06 12:37:02 [ForkJoinPool.commonPool-worker-2] INFO  com.sentinel.engine.ApiMonitor - Signal captured from Sentinel API | Status: 200 | Latency: 231ms
2026-05-06 12:37:02 [ForkJoinPool.commonPool-worker-2] INFO  com.sentinel.engine.ApiMonitor - Signal captured from JSONPlaceholder Test | Status: 200 | Latency: 298ms
2026-05-06 12:37:02 [ForkJoinPool.commonPool-worker-2] INFO  com.sentinel.engine.ApiMonitor - Signal captured from JSONPlaceholder | Status: 200 | Latency: 334ms
2026-05-06 12:37:03 [ForkJoinPool.commonPool-worker-2] INFO  com.sentinel.engine.ApiMonitor - Signal captured from JSONPlaceholder Test | Status: 200 | Latency: 375ms
2026-05-06 12:37:03 [ForkJoinPool.commonPool-worker-2] INFO  com.sentinel.engine.ApiMonitor - Signal captured from JSONPlaceholder Fleet | Status: 200 | Latency: 458ms
2026-05-06 12:37:03 [ForkJoinPool.commonPool-worker-9] INFO  com.sentinel.engine.ApiMonitor - Signal captured from fvwrg | Status: 200 | Latency: 459ms
2026-05-06 12:37:03 [ForkJoinPool.commonPool-worker-8] INFO  com.sentinel.engine.ApiMonitor - Signal captured from JSONPlaceholder | Status: 200 | Latency: 458ms
2026-05-06 12:37:03 [ForkJoinPool.commonPool-worker-1] INFO  com.sentinel.engine.ApiMonitor - Signal captured from Test Service | Status: 200 | Latency: 494ms
2026-05-06 12:37:32 [scheduling-1] INFO  com.sentinel.engine.ApiMonitor - Initializing automated fleet surveillance cycle...
2026-05-06 12:37:32 [ForkJoinPool.commonPool-worker-1] INFO  com.sentinel.engine.ApiMonitor - Signal captured from test | Status: 404 | Latency: 189ms
2026-05-06 12:37:32 [ForkJoinPool.commonPool-worker-1] INFO  com.sentinel.engine.ApiMonitor - Signal captured from Sentinel API | Status: 200 | Latency: 229ms
2026-05-06 12:37:32 [ForkJoinPool.commonPool-worker-1] INFO  com.sentinel.engine.ApiMonitor - Signal captured from JSONPlaceholder Fleet | Status: 200 | Latency: 269ms
2026-05-06 12:37:32 [ForkJoinPool.commonPool-worker-8] INFO  com.sentinel.engine.ApiMonitor - Signal captured from JSONPlaceholder Test | Status: 200 | Latency: 298ms
2026-05-06 12:37:32 [ForkJoinPool.commonPool-worker-1] INFO  com.sentinel.engine.ApiMonitor - Signal captured from Test Service | Status: 200 | Latency: 310ms
2026-05-06 12:37:33 [ForkJoinPool.commonPool-worker-8] INFO  com.sentinel.engine.ApiMonitor - Signal captured from JSONPlaceholder Test | Status: 200 | Latency: 337ms
2026-05-06 12:37:33 [ForkJoinPool.commonPool-worker-8] INFO  com.sentinel.engine.ApiMonitor - Signal captured from JSONPlaceholder | Status: 200 | Latency: 413ms
2026-05-06 12:37:33 [ForkJoinPool.commonPool-worker-9] INFO  com.sentinel.engine.ApiMonitor - Signal captured from fvwrg | Status: 200 | Latency: 414ms
2026-05-06 12:37:33 [ForkJoinPool.commonPool-worker-1] INFO  com.sentinel.engine.ApiMonitor - Signal captured from JSONPlaceholder | Status: 200 | Latency: 415ms
2026-05-06 12:38:02 [scheduling-1] INFO  com.sentinel.engine.ApiMonitor - Initializing automated fleet surveillance cycle...
2026-05-06 12:38:02 [ForkJoinPool.commonPool-worker-2] INFO  com.sentinel.engine.ApiMonitor - Signal captured from test | Status: 404 | Latency: 183ms
2026-05-06 12:38:02 [ForkJoinPool.commonPool-worker-2] INFO  com.sentinel.engine.ApiMonitor - Signal captured from Test Service | Status: 200 | Latency: 217ms
2026-05-06 12:38:02 [ForkJoinPool.commonPool-worker-9] INFO  com.sentinel.engine.ApiMonitor - Signal captured from fvwrg | Status: 200 | Latency: 248ms
2026-05-06 12:38:03 [ForkJoinPool.commonPool-worker-9] INFO  com.sentinel.engine.ApiMonitor - Signal captured from JSONPlaceholder | Status: 200 | Latency: 284ms
2026-05-06 12:38:03 [ForkJoinPool.commonPool-worker-9] INFO  com.sentinel.engine.ApiMonitor - Signal captured from JSONPlaceholder Test | Status: 200 | Latency: 330ms
2026-05-06 12:38:03 [ForkJoinPool.commonPool-worker-1] INFO  com.sentinel.engine.ApiMonitor - Signal captured from Sentinel API | Status: 200 | Latency: 439ms
2026-05-06 12:38:03 [ForkJoinPool.commonPool-worker-8] INFO  com.sentinel.engine.ApiMonitor - Signal captured from JSONPlaceholder | Status: 200 | Latency: 437ms
2026-05-06 12:38:03 [ForkJoinPool.commonPool-worker-2] INFO  com.sentinel.engine.ApiMonitor - Signal captured from JSONPlaceholder Test | Status: 200 | Latency: 436ms
2026-05-06 12:38:03 [ForkJoinPool.commonPool-worker-9] INFO  com.sentinel.engine.ApiMonitor - Signal captured from JSONPlaceholder Fleet | Status: 200 | Latency: 436ms
2026-05-06 12:38:32 [scheduling-1] INFO  com.sentinel.engine.ApiMonitor - Initializing automated fleet surveillance cycle...
2026-05-06 12:38:32 [ForkJoinPool.commonPool-worker-5] INFO  com.sentinel.engine.ApiMonitor - Signal captured from test | Status: 404 | Latency: 193ms
2026-05-06 12:38:32 [ForkJoinPool.commonPool-worker-8] INFO  com.sentinel.engine.ApiMonitor - Signal captured from Sentinel API | Status: 200 | Latency: 225ms
2026-05-06 12:38:33 [ForkJoinPool.commonPool-worker-5] INFO  com.sentinel.engine.ApiMonitor - Signal captured from JSONPlaceholder | Status: 200 | Latency: 242ms
2026-05-06 12:38:33 [ForkJoinPool.commonPool-worker-8] INFO  com.sentinel.engine.ApiMonitor - Signal captured from JSONPlaceholder Fleet | Status: 200 | Latency: 265ms
2026-05-06 12:38:33 [ForkJoinPool.commonPool-worker-8] INFO  com.sentinel.engine.ApiMonitor - Signal captured from JSONPlaceholder Test | Status: 200 | Latency: 299ms
2026-05-06 12:38:33 [ForkJoinPool.commonPool-worker-8] INFO  com.sentinel.engine.ApiMonitor - Signal captured from fvwrg | Status: 200 | Latency: 395ms
2026-05-06 12:38:33 [ForkJoinPool.commonPool-worker-9] INFO  com.sentinel.engine.ApiMonitor - Signal captured from JSONPlaceholder Test | Status: 200 | Latency: 395ms
2026-05-06 12:38:33 [ForkJoinPool.commonPool-worker-5] INFO  com.sentinel.engine.ApiMonitor - Signal captured from JSONPlaceholder | Status: 200 | Latency: 395ms
2026-05-06 12:38:33 [ForkJoinPool.commonPool-worker-5] INFO  com.sentinel.engine.ApiMonitor - Signal captured from Test Service | Status: 200 | Latency: 466ms
2026-05-06 12:39:02 [scheduling-1] INFO  com.sentinel.engine.ApiMonitor - Initializing automated fleet surveillance cycle...
2026-05-06 12:39:02 [ForkJoinPool.commonPool-worker-1] INFO  com.sentinel.engine.ApiMonitor - Signal captured from test | Status: 404 | Latency: 171ms
2026-05-06 12:39:03 [ForkJoinPool.commonPool-worker-1] INFO  com.sentinel.engine.ApiMonitor - Signal captured from JSONPlaceholder Test | Status: 200 | Latency: 211ms
2026-05-06 12:39:03 [ForkJoinPool.commonPool-worker-9] INFO  com.sentinel.engine.ApiMonitor - Signal captured from Sentinel API | Status: 200 | Latency: 226ms
2026-05-06 12:39:03 [ForkJoinPool.commonPool-worker-8] INFO  com.sentinel.engine.ApiMonitor - Signal captured from JSONPlaceholder Test | Status: 200 | Latency: 240ms
2026-05-06 12:39:03 [ForkJoinPool.commonPool-worker-8] INFO  com.sentinel.engine.ApiMonitor - Signal captured from JSONPlaceholder | Status: 200 | Latency: 282ms
2026-05-06 12:39:03 [ForkJoinPool.commonPool-worker-1] INFO  com.sentinel.engine.ApiMonitor - Signal captured from fvwrg | Status: 200 | Latency: 381ms
2026-05-06 12:39:03 [ForkJoinPool.commonPool-worker-8] INFO  com.sentinel.engine.ApiMonitor - Signal captured from JSONPlaceholder | Status: 200 | Latency: 381ms
2026-05-06 12:39:03 [ForkJoinPool.commonPool-worker-9] INFO  com.sentinel.engine.ApiMonitor - Signal captured from JSONPlaceholder Fleet | Status: 200 | Latency: 381ms
2026-05-06 12:39:03 [ForkJoinPool.commonPool-worker-9] INFO  com.sentinel.engine.ApiMonitor - Signal captured from Test Service | Status: 200 | Latency: 563ms
2026-05-06 12:39:32 [scheduling-1] INFO  com.sentinel.engine.ApiMonitor - Initializing automated fleet surveillance cycle...
2026-05-06 12:39:33 [ForkJoinPool.commonPool-worker-9] INFO  com.sentinel.engine.ApiMonitor - Signal captured from Sentinel API | Status: 200 | Latency: 228ms
2026-05-06 12:39:33 [ForkJoinPool.commonPool-worker-8] INFO  com.sentinel.engine.ApiMonitor - Signal captured from Test Service | Status: 200 | Latency: 228ms
2026-05-06 12:39:33 [ForkJoinPool.commonPool-worker-5] INFO  com.sentinel.engine.ApiMonitor - Signal captured from JSONPlaceholder Test | Status: 200 | Latency: 237ms
2026-05-06 12:39:33 [ForkJoinPool.commonPool-worker-5] INFO  com.sentinel.engine.ApiMonitor - Signal captured from JSONPlaceholder | Status: 200 | Latency: 280ms
2026-05-06 12:39:33 [ForkJoinPool.commonPool-worker-5] INFO  com.sentinel.engine.ApiMonitor - Signal captured from fvwrg | Status: 200 | Latency: 337ms
2026-05-06 12:39:33 [ForkJoinPool.commonPool-worker-5] INFO  com.sentinel.engine.ApiMonitor - Signal captured from JSONPlaceholder Fleet | Status: 200 | Latency: 455ms
2026-05-06 12:39:33 [ForkJoinPool.commonPool-worker-8] INFO  com.sentinel.engine.ApiMonitor - Signal captured from JSONPlaceholder Test | Status: 200 | Latency: 455ms
2026-05-06 12:39:33 [ForkJoinPool.commonPool-worker-9] INFO  com.sentinel.engine.ApiMonitor - Signal captured from JSONPlaceholder | Status: 200 | Latency: 456ms
2026-05-06 12:39:34 [ForkJoinPool.commonPool-worker-9] INFO  com.sentinel.engine.ApiMonitor - Signal captured from test | Status: 404 | Latency: 1245ms
2026-05-06 12:40:02 [scheduling-1] INFO  com.sentinel.engine.ApiMonitor - Initializing automated fleet surveillance cycle...
2026-05-06 12:40:03 [ForkJoinPool.commonPool-worker-1] INFO  com.sentinel.engine.ApiMonitor - Signal captured from JSONPlaceholder Test | Status: 200 | Latency: 314ms
2026-05-06 12:40:03 [ForkJoinPool.commonPool-worker-1] INFO  com.sentinel.engine.ApiMonitor - Signal captured from test | Status: 404 | Latency: 496ms
2026-05-06 12:40:03 [ForkJoinPool.commonPool-worker-9] INFO  com.sentinel.engine.ApiMonitor - Signal captured from JSONPlaceholder | Status: 200 | Latency: 648ms
2026-05-06 12:40:03 [ForkJoinPool.commonPool-worker-2] INFO  com.sentinel.engine.ApiMonitor - Signal captured from JSONPlaceholder | Status: 200 | Latency: 648ms
2026-05-06 12:40:03 [ForkJoinPool.commonPool-worker-8] INFO  com.sentinel.engine.ApiMonitor - Signal captured from JSONPlaceholder Test | Status: 200 | Latency: 648ms
2026-05-06 12:40:03 [ForkJoinPool.commonPool-worker-5] INFO  com.sentinel.engine.ApiMonitor - Signal captured from JSONPlaceholder Fleet | Status: 200 | Latency: 643ms
2026-05-06 12:40:03 [ForkJoinPool.commonPool-worker-1] INFO  com.sentinel.engine.ApiMonitor - Signal captured from fvwrg | Status: 200 | Latency: 593ms
2026-05-06 12:40:04 [ForkJoinPool.commonPool-worker-1] INFO  com.sentinel.engine.ApiMonitor - Signal captured from Sentinel API | Status: 200 | Latency: 848ms
2026-05-06 12:40:04 [ForkJoinPool.commonPool-worker-1] INFO  com.sentinel.engine.ApiMonitor - Signal captured from Test Service | Status: 200 | Latency: 1172ms
2026-05-06 12:40:58 [background-preinit] INFO  o.h.validator.internal.util.Version - HV000001: Hibernate Validator 8.0.1.Final
2026-05-06 12:40:58 [main] INFO  com.sentinel.SentinelApplication - Starting SentinelApplication using Java 17.0.12 with PID 23900 (A:\Projects\Santinel\backend\target\classes started by Ajay in A:\Projects\Santinel\backend)
2026-05-06 12:40:58 [main] INFO  com.sentinel.SentinelApplication - No active profile set, falling back to 1 default profile: "default"
2026-05-06 12:41:00 [main] INFO  o.s.d.r.c.RepositoryConfigurationDelegate - Bootstrapping Spring Data MongoDB repositories in DEFAULT mode.
2026-05-06 12:41:00 [main] INFO  o.s.d.r.c.RepositoryConfigurationDelegate - Finished Spring Data repository scanning in 329 ms. Found 3 MongoDB repository interfaces.
2026-05-06 12:41:02 [main] INFO  o.s.b.w.e.tomcat.TomcatWebServer - Tomcat initialized with port 5500 (http)
2026-05-06 12:41:02 [main] INFO  o.a.coyote.http11.Http11NioProtocol - Initializing ProtocolHandler ["http-nio-5500"]
2026-05-06 12:41:02 [main] INFO  o.a.catalina.core.StandardService - Starting service [Tomcat]
2026-05-06 12:41:02 [main] INFO  o.a.catalina.core.StandardEngine - Starting Servlet engine: [Apache Tomcat/10.1.20]
2026-05-06 12:41:02 [main] INFO  o.a.c.c.C.[Tomcat].[localhost].[/] - Initializing Spring embedded WebApplicationContext
2026-05-06 12:41:02 [main] INFO  o.s.b.w.s.c.ServletWebServerApplicationContext - Root WebApplicationContext: initialization completed in 3635 ms
2026-05-06 12:41:02 [main] INFO  org.mongodb.driver.cluster - Adding discovered server ac-ipegaos-shard-00-00.n6xcems.mongodb.net:27017 to client view of cluster
2026-05-06 12:41:02 [main] INFO  org.mongodb.driver.cluster - Adding discovered server ac-ipegaos-shard-00-01.n6xcems.mongodb.net:27017 to client view of cluster
2026-05-06 12:41:02 [main] INFO  org.mongodb.driver.cluster - Adding discovered server ac-ipegaos-shard-00-02.n6xcems.mongodb.net:27017 to client view of cluster
2026-05-06 12:41:02 [main] INFO  org.mongodb.driver.client - MongoClient with metadata {"application": {"name": "Cluster0"}, "driver": {"name": "mongo-java-driver|sync|spring-boot", "version": "4.11.2"}, "os": {"type": "Windows", "name": "Windows 11", "architecture": "amd64", "version": "10.0"}, "platform": "Java/Oracle Corporation/17.0.12+8-LTS-286"} created with settings MongoClientSettings{readPreference=primary, writeConcern=WriteConcern{w=null, wTimeout=null ms, journal=null}, retryWrites=true, retryReads=true, readConcern=ReadConcern{level=null}, credential=MongoCredential{mechanism=null, userName='admin', source='admin', password=<hidden>, mechanismProperties=<hidden>}, transportSettings=null, streamFactoryFactory=null, commandListeners=[], codecRegistry=ProvidersCodecRegistry{codecProviders=[ValueCodecProvider{}, BsonValueCodecProvider{}, DBRefCodecProvider{}, DBObjectCodecProvider{}, DocumentCodecProvider{}, CollectionCodecProvider{}, IterableCodecProvider{}, MapCodecProvider{}, GeoJsonCodecProvider{}, GridFSFileCodecProvider{}, Jsr310CodecProvider{}, JsonObjectCodecProvider{}, BsonCodecProvider{}, EnumCodecProvider{}, com.mongodb.client.model.mql.ExpressionCodecProvider@528c8c1, com.mongodb.Jep395RecordCodecProvider@1f78d415, com.mongodb.KotlinCodecProvider@1c046c92]}, loggerSettings=LoggerSettings{maxDocumentLength=1000}, clusterSettings={hosts=[ac-ipegaos-shard-00-00.n6xcems.mongodb.net:27017, ac-ipegaos-shard-00-01.n6xcems.mongodb.net:27017, ac-ipegaos-shard-00-02.n6xcems.mongodb.net:27017], srvServiceName=mongodb, mode=MULTIPLE, requiredClusterType=REPLICA_SET, requiredReplicaSetName='atlas-12ucmv-shard-0', serverSelector='null', clusterListeners='[]', serverSelectionTimeout='30000 ms', localThreshold='15 ms'}, socketSettings=SocketSettings{connectTimeoutMS=10000, readTimeoutMS=0, receiveBufferSize=0, proxySettings=ProxySettings{host=null, port=null, username=null, password=null}}, heartbeatSocketSettings=SocketSettings{connectTimeoutMS=10000, readTimeoutMS=10000, receiveBufferSize=0, proxySettings=ProxySettings{host=null, port=null, username=null, password=null}}, connectionPoolSettings=ConnectionPoolSettings{maxSize=100, minSize=0, maxWaitTimeMS=120000, maxConnectionLifeTimeMS=0, maxConnectionIdleTimeMS=0, maintenanceInitialDelayMS=0, maintenanceFrequencyMS=60000, connectionPoolListeners=[], maxConnecting=2}, serverSettings=ServerSettings{heartbeatFrequencyMS=10000, minHeartbeatFrequencyMS=500, serverListeners='[]', serverMonitorListeners='[]'}, sslSettings=SslSettings{enabled=true, invalidHostNameAllowed=false, context=null}, applicationName='Cluster0', compressorList=[], uuidRepresentation=JAVA_LEGACY, serverApi=null, autoEncryptionSettings=null, dnsClient=null, inetAddressResolver=null, contextProvider=null}
2026-05-06 12:41:03 [cluster-ClusterId{value='69fae98696bc797cbd17f46b', description='Cluster0'}-ac-ipegaos-shard-00-00.n6xcems.mongodb.net:27017] INFO  org.mongodb.driver.cluster - Monitor thread successfully connected to server with description ServerDescription{address=ac-ipegaos-shard-00-00.n6xcems.mongodb.net:27017, type=REPLICA_SET_SECONDARY, state=CONNECTED, ok=true, minWireVersion=0, maxWireVersion=25, maxDocumentSize=16777216, logicalSessionTimeoutMinutes=30, roundTripTimeNanos=382926200, setName='atlas-12ucmv-shard-0', canonicalAddress=ac-ipegaos-shard-00-00.n6xcems.mongodb.net:27017, hosts=[ac-ipegaos-shard-00-00.n6xcems.mongodb.net:27017, ac-ipegaos-shard-00-02.n6xcems.mongodb.net:27017, ac-ipegaos-shard-00-01.n6xcems.mongodb.net:27017], passives=[], arbiters=[], primary='ac-ipegaos-shard-00-02.n6xcems.mongodb.net:27017', tagSet=TagSet{[Tag{name='availabilityZone', value='aps1-az1'}, Tag{name='cacheState', value='READY'}, Tag{name='diskState', value='READY'}, Tag{name='nodeType', value='ELECTABLE'}, Tag{name='provider', value='AWS'}, Tag{name='region', value='AP_SOUTH_1'}, Tag{name='workloadType', value='OPERATIONAL'}]}, electionId=null, setVersion=59, topologyVersion=TopologyVersion{processId=69f3a905134fe1d7a24e0f42, counter=4}, lastWriteDate=Wed May 06 12:41:03 IST 2026, lastUpdateTimeNanos=12015268710500}
2026-05-06 12:41:03 [cluster-ClusterId{value='69fae98696bc797cbd17f46b', description='Cluster0'}-ac-ipegaos-shard-00-01.n6xcems.mongodb.net:27017] INFO  org.mongodb.driver.cluster - Monitor thread successfully connected to server with description ServerDescription{address=ac-ipegaos-shard-00-01.n6xcems.mongodb.net:27017, type=REPLICA_SET_SECONDARY, state=CONNECTED, ok=true, minWireVersion=0, maxWireVersion=25, maxDocumentSize=16777216, logicalSessionTimeoutMinutes=30, roundTripTimeNanos=382934600, setName='atlas-12ucmv-shard-0', canonicalAddress=ac-ipegaos-shard-00-01.n6xcems.mongodb.net:27017, hosts=[ac-ipegaos-shard-00-00.n6xcems.mongodb.net:27017, ac-ipegaos-shard-00-02.n6xcems.mongodb.net:27017, ac-ipegaos-shard-00-01.n6xcems.mongodb.net:27017], passives=[], arbiters=[], primary='ac-ipegaos-shard-00-02.n6xcems.mongodb.net:27017', tagSet=TagSet{[Tag{name='availabilityZone', value='aps1-az3'}, Tag{name='cacheState', value='READY'}, Tag{name='diskState', value='READY'}, Tag{name='nodeType', value='ELECTABLE'}, Tag{name='provider', value='AWS'}, Tag{name='region', value='AP_SOUTH_1'}, Tag{name='workloadType', value='OPERATIONAL'}]}, electionId=null, setVersion=59, topologyVersion=TopologyVersion{processId=69f3ad64c76752dcd71912a2, counter=3}, lastWriteDate=Wed May 06 12:41:03 IST 2026, lastUpdateTimeNanos=12015268710300}
2026-05-06 12:41:03 [cluster-ClusterId{value='69fae98696bc797cbd17f46b', description='Cluster0'}-ac-ipegaos-shard-00-02.n6xcems.mongodb.net:27017] INFO  org.mongodb.driver.cluster - Monitor thread successfully connected to server with description ServerDescription{address=ac-ipegaos-shard-00-02.n6xcems.mongodb.net:27017, type=REPLICA_SET_PRIMARY, state=CONNECTED, ok=true, minWireVersion=0, maxWireVersion=25, maxDocumentSize=16777216, logicalSessionTimeoutMinutes=30, roundTripTimeNanos=383308000, setName='atlas-12ucmv-shard-0', canonicalAddress=ac-ipegaos-shard-00-02.n6xcems.mongodb.net:27017, hosts=[ac-ipegaos-shard-00-00.n6xcems.mongodb.net:27017, ac-ipegaos-shard-00-02.n6xcems.mongodb.net:27017, ac-ipegaos-shard-00-01.n6xcems.mongodb.net:27017], passives=[], arbiters=[], primary='ac-ipegaos-shard-00-02.n6xcems.mongodb.net:27017', tagSet=TagSet{[Tag{name='availabilityZone', value='aps1-az2'}, Tag{name='cacheState', value='READY'}, Tag{name='diskState', value='READY'}, Tag{name='nodeType', value='ELECTABLE'}, Tag{name='provider', value='AWS'}, Tag{name='region', value='AP_SOUTH_1'}, Tag{name='workloadType', value='OPERATIONAL'}]}, electionId=7fffffff00000000000000de, setVersion=59, topologyVersion=TopologyVersion{processId=69f3aaf9f53630c5bd712865, counter=6}, lastWriteDate=Wed May 06 12:41:03 IST 2026, lastUpdateTimeNanos=12015269077900}
2026-05-06 12:41:03 [cluster-ClusterId{value='69fae98696bc797cbd17f46b', description='Cluster0'}-ac-ipegaos-shard-00-02.n6xcems.mongodb.net:27017] INFO  org.mongodb.driver.cluster - Discovered replica set primary ac-ipegaos-shard-00-02.n6xcems.mongodb.net:27017 with max election id 7fffffff00000000000000de and max set version 59
2026-05-06 12:41:03 [scheduling-1] INFO  com.sentinel.engine.ApiMonitor - Initializing automated fleet surveillance cycle (Interval: 30s)...
2026-05-06 12:41:03 [main] WARN  o.s.b.a.s.s.UserDetailsServiceAutoConfiguration - 

Using generated security password: 843fb9d2-3133-4d62-8ecc-6fc2ea63fa46

This generated password is for development use only. Your security configuration must be updated before running your application in production.

2026-05-06 12:41:04 [main] INFO  o.s.s.web.DefaultSecurityFilterChain - Will secure any request with [org.springframework.security.web.session.DisableEncodeUrlFilter@7ce30c0b, org.springframework.security.web.context.request.async.WebAsyncManagerIntegrationFilter@1d7f2f0a, org.springframework.security.web.context.SecurityContextHolderFilter@5597ca3, org.springframework.security.web.header.HeaderWriterFilter@8ac512e, org.springframework.web.filter.CorsFilter@54defd69, org.springframework.security.web.authentication.logout.LogoutFilter@483b7dc4, com.sentinel.security.JwtTokenFilter@531a716c, org.springframework.security.web.savedrequest.RequestCacheAwareFilter@573a078, org.springframework.security.web.servletapi.SecurityContextHolderAwareRequestFilter@28f05b0c, org.springframework.security.web.authentication.AnonymousAuthenticationFilter@377dbc50, org.springframework.security.web.session.SessionManagementFilter@a69f9d, org.springframework.security.web.access.ExceptionTranslationFilter@5fa0141f, org.springframework.security.web.access.intercept.AuthorizationFilter@58f7215c]
2026-05-06 12:41:05 [main] INFO  o.a.coyote.http11.Http11NioProtocol - Starting ProtocolHandler ["http-nio-5500"]
2026-05-06 12:41:05 [main] INFO  o.s.b.w.e.tomcat.TomcatWebServer - Tomcat started on port 5500 (http) with context path ''
2026-05-06 12:41:05 [main] INFO  com.sentinel.SentinelApplication - Started SentinelApplication in 7.294 seconds (process running for 8.036)
2026-05-06 12:41:05 [ForkJoinPool.commonPool-worker-9] INFO  com.sentinel.engine.ApiMonitor - Signal captured from test | Status: 404 | Latency: 410ms
2026-05-06 12:41:05 [ForkJoinPool.commonPool-worker-9] INFO  com.sentinel.engine.ApiMonitor - Signal captured from Test Service | Status: 200 | Latency: 659ms
2026-05-06 12:41:05 [ForkJoinPool.commonPool-worker-9] INFO  com.sentinel.engine.ApiMonitor - Signal captured from JSONPlaceholder Test | Status: 200 | Latency: 800ms
2026-05-06 12:41:05 [ForkJoinPool.commonPool-worker-9] INFO  com.sentinel.engine.ApiMonitor - Signal captured from JSONPlaceholder Test | Status: 200 | Latency: 880ms
2026-05-06 12:41:05 [ForkJoinPool.commonPool-worker-7] INFO  com.sentinel.engine.ApiMonitor - Signal captured from JSONPlaceholder | Status: 200 | Latency: 899ms
2026-05-06 12:41:05 [ForkJoinPool.commonPool-worker-7] INFO  com.sentinel.engine.ApiMonitor - Signal captured from Sentinel API | Status: 200 | Latency: 1029ms
2026-05-06 12:41:05 [ForkJoinPool.commonPool-worker-2] INFO  com.sentinel.engine.ApiMonitor - Signal captured from JSONPlaceholder | Status: 200 | Latency: 884ms
2026-05-06 12:41:05 [ForkJoinPool.commonPool-worker-6] INFO  com.sentinel.engine.ApiMonitor - Signal captured from JSONPlaceholder Fleet | Status: 200 | Latency: 895ms
2026-05-06 12:41:06 [ForkJoinPool.commonPool-worker-6] INFO  com.sentinel.engine.ApiMonitor - Signal captured from fvwrg | Status: 200 | Latency: 1548ms
2026-05-06 12:41:18 [http-nio-5500-exec-2] INFO  o.a.c.c.C.[Tomcat].[localhost].[/] - Initializing Spring DispatcherServlet 'dispatcherServlet'
2026-05-06 12:41:18 [http-nio-5500-exec-2] INFO  o.s.web.servlet.DispatcherServlet - Initializing Servlet 'dispatcherServlet'
2026-05-06 12:41:18 [http-nio-5500-exec-2] INFO  o.s.web.servlet.DispatcherServlet - Completed initialization in 2 ms
2026-05-06 12:41:34 [scheduling-1] INFO  com.sentinel.engine.ApiMonitor - Initializing automated fleet surveillance cycle (Interval: 30s)...
2026-05-06 12:41:34 [ForkJoinPool.commonPool-worker-2] INFO  com.sentinel.engine.ApiMonitor - Signal captured from test | Status: 404 | Latency: 175ms
2026-05-06 12:41:34 [ForkJoinPool.commonPool-worker-2] INFO  com.sentinel.engine.ApiMonitor - Signal captured from Test Service | Status: 200 | Latency: 224ms
2026-05-06 12:41:34 [ForkJoinPool.commonPool-worker-5] INFO  com.sentinel.engine.ApiMonitor - Signal captured from fvwrg | Status: 200 | Latency: 248ms
2026-05-06 12:41:34 [ForkJoinPool.commonPool-worker-5] INFO  com.sentinel.engine.ApiMonitor - Signal captured from Sentinel API | Status: 200 | Latency: 290ms
2026-05-06 12:41:36 [ForkJoinPool.commonPool-worker-5] INFO  com.sentinel.engine.ApiMonitor - Signal captured from JSONPlaceholder Fleet | Status: 200 | Latency: 2007ms
2026-05-06 12:41:36 [ForkJoinPool.commonPool-worker-2] INFO  com.sentinel.engine.ApiMonitor - Signal captured from JSONPlaceholder | Status: 200 | Latency: 2008ms
2026-05-06 12:41:36 [ForkJoinPool.commonPool-worker-6] INFO  com.sentinel.engine.ApiMonitor - Signal captured from JSONPlaceholder Test | Status: 200 | Latency: 2008ms
2026-05-06 12:41:36 [ForkJoinPool.commonPool-worker-7] INFO  com.sentinel.engine.ApiMonitor - Signal captured from JSONPlaceholder Test | Status: 200 | Latency: 2007ms
2026-05-06 12:41:36 [ForkJoinPool.commonPool-worker-9] INFO  com.sentinel.engine.ApiMonitor - Signal captured from JSONPlaceholder | Status: 200 | Latency: 2010ms
2026-05-06 12:42:04 [scheduling-1] INFO  com.sentinel.engine.ApiMonitor - Initializing automated fleet surveillance cycle (Interval: 30s)...
2026-05-06 12:42:04 [ForkJoinPool.commonPool-worker-2] INFO  com.sentinel.engine.ApiMonitor - Signal captured from test | Status: 404 | Latency: 294ms
2026-05-06 12:42:04 [ForkJoinPool.commonPool-worker-7] INFO  com.sentinel.engine.ApiMonitor - Signal captured from Sentinel API | Status: 200 | Latency: 294ms
2026-05-06 12:42:04 [ForkJoinPool.commonPool-worker-1] INFO  com.sentinel.engine.ApiMonitor - Signal captured from JSONPlaceholder Test | Status: 200 | Latency: 325ms
2026-05-06 12:42:04 [ForkJoinPool.commonPool-worker-7] INFO  com.sentinel.engine.ApiMonitor - Signal captured from JSONPlaceholder | Status: 200 | Latency: 341ms
2026-05-06 12:42:05 [ForkJoinPool.commonPool-worker-7] INFO  com.sentinel.engine.ApiMonitor - Signal captured from JSONPlaceholder Fleet | Status: 200 | Latency: 379ms
2026-05-06 12:42:05 [ForkJoinPool.commonPool-worker-1] INFO  com.sentinel.engine.ApiMonitor - Signal captured from JSONPlaceholder Test | Status: 200 | Latency: 555ms
2026-05-06 12:42:05 [ForkJoinPool.commonPool-worker-2] INFO  com.sentinel.engine.ApiMonitor - Signal captured from fvwrg | Status: 200 | Latency: 556ms
2026-05-06 12:42:05 [ForkJoinPool.commonPool-worker-7] INFO  com.sentinel.engine.ApiMonitor - Signal captured from JSONPlaceholder | Status: 200 | Latency: 555ms
2026-05-06 12:42:05 [ForkJoinPool.commonPool-worker-9] INFO  com.sentinel.engine.ApiMonitor - Signal captured from Test Service | Status: 200 | Latency: 624ms
2026-05-06 12:42:34 [scheduling-1] INFO  com.sentinel.engine.ApiMonitor - Initializing automated fleet surveillance cycle (Interval: 30s)...
2026-05-06 12:42:34 [ForkJoinPool.commonPool-worker-3] INFO  com.sentinel.engine.ApiMonitor - Signal captured from test | Status: 404 | Latency: 179ms
2026-05-06 12:42:34 [ForkJoinPool.commonPool-worker-3] INFO  com.sentinel.engine.ApiMonitor - Signal captured from Test Service | Status: 200 | Latency: 230ms
2026-05-06 12:42:35 [ForkJoinPool.commonPool-worker-3] INFO  com.sentinel.engine.ApiMonitor - Signal captured from Sentinel API | Status: 200 | Latency: 440ms
2026-05-06 12:42:35 [ForkJoinPool.commonPool-worker-3] INFO  com.sentinel.engine.ApiMonitor - Signal captured from JSONPlaceholder Test | Status: 200 | Latency: 481ms
2026-05-06 12:42:35 [ForkJoinPool.commonPool-worker-4] INFO  com.sentinel.engine.ApiMonitor - Signal captured from JSONPlaceholder Fleet | Status: 200 | Latency: 493ms
2026-05-06 12:42:35 [ForkJoinPool.commonPool-worker-1] INFO  com.sentinel.engine.ApiMonitor - Signal captured from JSONPlaceholder | Status: 200 | Latency: 499ms
2026-05-06 12:42:35 [ForkJoinPool.commonPool-worker-1] INFO  com.sentinel.engine.ApiMonitor - Signal captured from fvwrg | Status: 200 | Latency: 705ms
2026-05-06 12:42:35 [ForkJoinPool.commonPool-worker-4] INFO  com.sentinel.engine.ApiMonitor - Signal captured from JSONPlaceholder | Status: 200 | Latency: 706ms
2026-05-06 12:42:35 [ForkJoinPool.commonPool-worker-3] INFO  com.sentinel.engine.ApiMonitor - Signal captured from JSONPlaceholder Test | Status: 200 | Latency: 706ms
2026-05-06 12:43:04 [scheduling-1] INFO  com.sentinel.engine.ApiMonitor - Initializing automated fleet surveillance cycle (Interval: 30s)...
2026-05-06 12:43:04 [ForkJoinPool.commonPool-worker-5] INFO  com.sentinel.engine.ApiMonitor - Signal captured from test | Status: 404 | Latency: 178ms
2026-05-06 12:43:05 [ForkJoinPool.commonPool-worker-5] INFO  com.sentinel.engine.ApiMonitor - Signal captured from fvwrg | Status: 200 | Latency: 253ms
2026-05-06 12:43:05 [ForkJoinPool.commonPool-worker-1] INFO  com.sentinel.engine.ApiMonitor - Signal captured from JSONPlaceholder Test | Status: 200 | Latency: 268ms
2026-05-06 12:43:05 [ForkJoinPool.commonPool-worker-5] INFO  com.sentinel.engine.ApiMonitor - Signal captured from JSONPlaceholder Fleet | Status: 200 | Latency: 291ms
2026-05-06 12:43:05 [ForkJoinPool.commonPool-worker-1] INFO  com.sentinel.engine.ApiMonitor - Signal captured from Sentinel API | Status: 200 | Latency: 329ms
2026-05-06 12:43:05 [ForkJoinPool.commonPool-worker-3] INFO  com.sentinel.engine.ApiMonitor - Signal captured from JSONPlaceholder | Status: 200 | Latency: 334ms
2026-05-06 12:43:05 [ForkJoinPool.commonPool-worker-5] INFO  com.sentinel.engine.ApiMonitor - Signal captured from JSONPlaceholder Test | Status: 200 | Latency: 334ms
2026-05-06 12:43:05 [ForkJoinPool.commonPool-worker-4] INFO  com.sentinel.engine.ApiMonitor - Signal captured from JSONPlaceholder | Status: 200 | Latency: 335ms
2026-05-06 12:43:05 [ForkJoinPool.commonPool-worker-4] INFO  com.sentinel.engine.ApiMonitor - Signal captured from Test Service | Status: 200 | Latency: 483ms
2026-05-06 12:43:34 [scheduling-1] INFO  com.sentinel.engine.ApiMonitor - Initializing automated fleet surveillance cycle (Interval: 30s)...
2026-05-06 12:43:34 [ForkJoinPool.commonPool-worker-3] INFO  com.sentinel.engine.ApiMonitor - Signal captured from test | Status: 404 | Latency: 182ms
2026-05-06 12:43:35 [ForkJoinPool.commonPool-worker-3] INFO  com.sentinel.engine.ApiMonitor - Signal captured from Sentinel API | Status: 200 | Latency: 230ms
2026-05-06 12:43:35 [ForkJoinPool.commonPool-worker-6] INFO  com.sentinel.engine.ApiMonitor - Signal captured from fvwrg | Status: 200 | Latency: 250ms
2026-05-06 12:43:35 [ForkJoinPool.commonPool-worker-6] INFO  com.sentinel.engine.ApiMonitor - Signal captured from Test Service | Status: 200 | Latency: 324ms
2026-05-06 12:43:35 [ForkJoinPool.commonPool-worker-3] INFO  com.sentinel.engine.ApiMonitor - Signal captured from JSONPlaceholder Test | Status: 200 | Latency: 490ms
2026-05-06 12:43:35 [ForkJoinPool.commonPool-worker-6] INFO  com.sentinel.engine.ApiMonitor - Signal captured from JSONPlaceholder | Status: 200 | Latency: 485ms
2026-05-06 12:43:35 [ForkJoinPool.commonPool-worker-9] INFO  com.sentinel.engine.ApiMonitor - Signal captured from JSONPlaceholder Test | Status: 200 | Latency: 499ms
2026-05-06 12:43:35 [ForkJoinPool.commonPool-worker-8] INFO  com.sentinel.engine.ApiMonitor - Signal captured from JSONPlaceholder Fleet | Status: 200 | Latency: 499ms
2026-05-06 12:43:35 [ForkJoinPool.commonPool-worker-2] INFO  com.sentinel.engine.ApiMonitor - Signal captured from JSONPlaceholder | Status: 200 | Latency: 499ms
2026-05-06 12:44:04 [scheduling-1] INFO  com.sentinel.engine.ApiMonitor - Initializing automated fleet surveillance cycle (Interval: 30s)...
2026-05-06 12:44:05 [ForkJoinPool.commonPool-worker-4] INFO  com.sentinel.engine.ApiMonitor - Signal captured from test | Status: 404 | Latency: 169ms
2026-05-06 12:44:05 [ForkJoinPool.commonPool-worker-4] INFO  com.sentinel.engine.ApiMonitor - Signal captured from Sentinel API | Status: 200 | Latency: 233ms
2026-05-06 12:44:05 [ForkJoinPool.commonPool-worker-8] INFO  com.sentinel.engine.ApiMonitor - Signal captured from Test Service | Status: 200 | Latency: 246ms
2026-05-06 12:44:05 [ForkJoinPool.commonPool-worker-8] INFO  com.sentinel.engine.ApiMonitor - Signal captured from JSONPlaceholder | Status: 200 | Latency: 513ms
2026-05-06 12:44:05 [ForkJoinPool.commonPool-worker-4] INFO  com.sentinel.engine.ApiMonitor - Signal captured from JSONPlaceholder Test | Status: 200 | Latency: 547ms
2026-05-06 12:44:05 [ForkJoinPool.commonPool-worker-4] INFO  com.sentinel.engine.ApiMonitor - Signal captured from fvwrg | Status: 200 | Latency: 632ms
2026-05-06 12:44:05 [ForkJoinPool.commonPool-worker-4] INFO  com.sentinel.engine.ApiMonitor - Signal captured from JSONPlaceholder | Status: 200 | Latency: 722ms
2026-05-06 12:44:05 [ForkJoinPool.commonPool-worker-9] INFO  com.sentinel.engine.ApiMonitor - Signal captured from JSONPlaceholder Test | Status: 200 | Latency: 722ms
2026-05-06 12:44:05 [ForkJoinPool.commonPool-worker-8] INFO  com.sentinel.engine.ApiMonitor - Signal captured from JSONPlaceholder Fleet | Status: 200 | Latency: 722ms
2026-05-06 12:44:34 [scheduling-1] INFO  com.sentinel.engine.ApiMonitor - Initializing automated fleet surveillance cycle (Interval: 30s)...
2026-05-06 12:44:35 [ForkJoinPool.commonPool-worker-6] INFO  com.sentinel.engine.ApiMonitor - Signal captured from test | Status: 404 | Latency: 178ms
2026-05-06 12:44:35 [ForkJoinPool.commonPool-worker-6] INFO  com.sentinel.engine.ApiMonitor - Signal captured from Sentinel API | Status: 200 | Latency: 227ms
2026-05-06 12:44:35 [ForkJoinPool.commonPool-worker-3] INFO  com.sentinel.engine.ApiMonitor - Signal captured from Test Service | Status: 200 | Latency: 244ms
2026-05-06 12:44:35 [ForkJoinPool.commonPool-worker-3] INFO  com.sentinel.engine.ApiMonitor - Signal captured from JSONPlaceholder Test | Status: 200 | Latency: 520ms
2026-05-06 12:44:35 [ForkJoinPool.commonPool-worker-6] INFO  com.sentinel.engine.ApiMonitor - Signal captured from JSONPlaceholder Fleet | Status: 200 | Latency: 542ms
2026-05-06 12:44:35 [ForkJoinPool.commonPool-worker-6] INFO  com.sentinel.engine.ApiMonitor - Signal captured from JSONPlaceholder | Status: 200 | Latency: 590ms
2026-05-06 12:44:35 [ForkJoinPool.commonPool-worker-3] INFO  com.sentinel.engine.ApiMonitor - Signal captured from fvwrg | Status: 200 | Latency: 775ms
2026-05-06 12:44:35 [ForkJoinPool.commonPool-worker-4] INFO  com.sentinel.engine.ApiMonitor - Signal captured from JSONPlaceholder Test | Status: 200 | Latency: 776ms
2026-05-06 12:44:35 [ForkJoinPool.commonPool-worker-6] INFO  com.sentinel.engine.ApiMonitor - Signal captured from JSONPlaceholder | Status: 200 | Latency: 775ms
2026-05-06 12:45:04 [scheduling-1] INFO  com.sentinel.engine.ApiMonitor - Initializing automated fleet surveillance cycle (Interval: 30s)...
2026-05-06 12:45:05 [ForkJoinPool.commonPool-worker-9] INFO  com.sentinel.engine.ApiMonitor - Signal captured from test | Status: 404 | Latency: 188ms
2026-05-06 12:45:05 [ForkJoinPool.commonPool-worker-9] INFO  com.sentinel.engine.ApiMonitor - Signal captured from Sentinel API | Status: 200 | Latency: 234ms
2026-05-06 12:45:05 [ForkJoinPool.commonPool-worker-6] INFO  com.sentinel.engine.ApiMonitor - Signal captured from Test Service | Status: 200 | Latency: 252ms
2026-05-06 12:45:05 [ForkJoinPool.commonPool-worker-9] INFO  com.sentinel.engine.ApiMonitor - Signal captured from JSONPlaceholder | Status: 200 | Latency: 270ms
2026-05-06 12:45:05 [ForkJoinPool.commonPool-worker-9] INFO  com.sentinel.engine.ApiMonitor - Signal captured from fvwrg | Status: 200 | Latency: 321ms
2026-05-06 12:45:05 [ForkJoinPool.commonPool-worker-9] INFO  com.sentinel.engine.ApiMonitor - Signal captured from JSONPlaceholder | Status: 200 | Latency: 385ms
2026-05-06 12:45:05 [ForkJoinPool.commonPool-worker-9] INFO  com.sentinel.engine.ApiMonitor - Signal captured from JSONPlaceholder Test | Status: 200 | Latency: 757ms
2026-05-06 12:45:05 [ForkJoinPool.commonPool-worker-6] INFO  com.sentinel.engine.ApiMonitor - Signal captured from JSONPlaceholder Fleet | Status: 200 | Latency: 757ms
2026-05-06 12:45:05 [ForkJoinPool.commonPool-worker-8] INFO  com.sentinel.engine.ApiMonitor - Signal captured from JSONPlaceholder Test | Status: 200 | Latency: 758ms
2026-05-06 12:45:34 [scheduling-1] INFO  com.sentinel.engine.ApiMonitor - Initializing automated fleet surveillance cycle (Interval: 30s)...
2026-05-06 12:45:35 [ForkJoinPool.commonPool-worker-6] INFO  com.sentinel.engine.ApiMonitor - Signal captured from test | Status: 404 | Latency: 219ms
2026-05-06 12:45:35 [ForkJoinPool.commonPool-worker-4] INFO  com.sentinel.engine.ApiMonitor - Signal captured from Test Service | Status: 200 | Latency: 250ms
2026-05-06 12:45:35 [ForkJoinPool.commonPool-worker-9] INFO  com.sentinel.engine.ApiMonitor - Signal captured from Sentinel API | Status: 200 | Latency: 261ms
2026-05-06 12:45:35 [ForkJoinPool.commonPool-worker-6] INFO  com.sentinel.engine.ApiMonitor - Signal captured from JSONPlaceholder | Status: 200 | Latency: 272ms
2026-05-06 12:45:35 [ForkJoinPool.commonPool-worker-8] INFO  com.sentinel.engine.ApiMonitor - Signal captured from JSONPlaceholder | Status: 200 | Latency: 310ms
2026-05-06 12:45:35 [ForkJoinPool.commonPool-worker-3] INFO  com.sentinel.engine.ApiMonitor - Signal captured from JSONPlaceholder Test | Status: 200 | Latency: 385ms
2026-05-06 12:45:35 [ForkJoinPool.commonPool-worker-9] INFO  com.sentinel.engine.ApiMonitor - Signal captured from JSONPlaceholder Fleet | Status: 200 | Latency: 503ms
2026-05-06 12:45:35 [ForkJoinPool.commonPool-worker-8] INFO  com.sentinel.engine.ApiMonitor - Signal captured from fvwrg | Status: 200 | Latency: 502ms
2026-05-06 12:45:35 [ForkJoinPool.commonPool-worker-6] INFO  com.sentinel.engine.ApiMonitor - Signal captured from JSONPlaceholder Test | Status: 200 | Latency: 502ms
2026-05-06 12:46:04 [scheduling-1] INFO  com.sentinel.engine.ApiMonitor - Initializing automated fleet surveillance cycle (Interval: 30s)...
2026-05-06 12:46:05 [ForkJoinPool.commonPool-worker-4] INFO  com.sentinel.engine.ApiMonitor - Signal captured from test | Status: 404 | Latency: 197ms
2026-05-06 12:46:05 [ForkJoinPool.commonPool-worker-4] INFO  com.sentinel.engine.ApiMonitor - Signal captured from Sentinel API | Status: 200 | Latency: 239ms
2026-05-06 12:46:05 [ForkJoinPool.commonPool-worker-4] INFO  com.sentinel.engine.ApiMonitor - Signal captured from JSONPlaceholder | Status: 200 | Latency: 321ms
2026-05-06 12:46:05 [ForkJoinPool.commonPool-worker-4] INFO  com.sentinel.engine.ApiMonitor - Signal captured from Test Service | Status: 200 | Latency: 464ms
2026-05-06 12:46:05 [ForkJoinPool.commonPool-worker-3] INFO  com.sentinel.engine.ApiMonitor - Signal captured from JSONPlaceholder | Status: 200 | Latency: 583ms
2026-05-06 12:46:05 [ForkJoinPool.commonPool-worker-4] INFO  com.sentinel.engine.ApiMonitor - Signal captured from JSONPlaceholder Test | Status: 200 | Latency: 578ms
2026-05-06 12:46:05 [ForkJoinPool.commonPool-worker-6] INFO  com.sentinel.engine.ApiMonitor - Signal captured from fvwrg | Status: 200 | Latency: 590ms
2026-05-06 12:46:05 [ForkJoinPool.commonPool-worker-9] INFO  com.sentinel.engine.ApiMonitor - Signal captured from JSONPlaceholder Fleet | Status: 200 | Latency: 592ms
2026-05-06 12:46:05 [ForkJoinPool.commonPool-worker-8] INFO  com.sentinel.engine.ApiMonitor - Signal captured from JSONPlaceholder Test | Status: 200 | Latency: 590ms
2026-05-06 12:46:33 [ForkJoinPool.commonPool-worker-8] INFO  com.sentinel.engine.ApiMonitor - Signal captured from test | Status: 404 | Latency: 175ms
2026-05-06 12:46:34 [ForkJoinPool.commonPool-worker-8] INFO  com.sentinel.engine.ApiMonitor - Signal captured from fvwrg | Status: 200 | Latency: 268ms
2026-05-06 12:46:34 [scheduling-1] INFO  com.sentinel.engine.ApiMonitor - Initializing automated fleet surveillance cycle (Interval: 30s)...
2026-05-06 12:46:35 [ForkJoinPool.commonPool-worker-9] INFO  com.sentinel.engine.ApiMonitor - Signal captured from test | Status: 404 | Latency: 64ms
2026-05-06 12:46:35 [ForkJoinPool.commonPool-worker-9] INFO  com.sentinel.engine.ApiMonitor - Signal captured from Test Service | Status: 200 | Latency: 233ms
2026-05-06 12:46:35 [ForkJoinPool.commonPool-worker-8] INFO  com.sentinel.engine.ApiMonitor - Signal captured from Sentinel API | Status: 200 | Latency: 243ms
2026-05-06 12:46:35 [ForkJoinPool.commonPool-worker-8] INFO  com.sentinel.engine.ApiMonitor - Signal captured from fvwrg | Status: 200 | Latency: 502ms
2026-05-06 12:46:35 [ForkJoinPool.commonPool-worker-8] INFO  com.sentinel.engine.ApiMonitor - Signal captured from JSONPlaceholder Test | Status: 200 | Latency: 569ms
2026-05-06 12:46:35 [ForkJoinPool.commonPool-worker-8] INFO  com.sentinel.engine.ApiMonitor - Signal captured from JSONPlaceholder Fleet | Status: 200 | Latency: 863ms
2026-05-06 12:46:35 [ForkJoinPool.commonPool-worker-4] INFO  com.sentinel.engine.ApiMonitor - Signal captured from JSONPlaceholder Test | Status: 200 | Latency: 870ms
2026-05-06 12:46:35 [ForkJoinPool.commonPool-worker-9] INFO  com.sentinel.engine.ApiMonitor - Signal captured from JSONPlaceholder | Status: 200 | Latency: 870ms
2026-05-06 12:46:35 [ForkJoinPool.commonPool-worker-6] INFO  com.sentinel.engine.ApiMonitor - Signal captured from JSONPlaceholder | Status: 200 | Latency: 871ms
2026-05-06 12:46:39 [ForkJoinPool.commonPool-worker-6] INFO  com.sentinel.engine.ApiMonitor - Signal captured from fvwrg | Status: 200 | Latency: 270ms
2026-05-06 12:46:41 [ForkJoinPool.commonPool-worker-6] INFO  com.sentinel.engine.ApiMonitor - Signal captured from fvwrg | Status: 200 | Latency: 492ms
2026-05-06 12:47:05 [scheduling-1] INFO  com.sentinel.engine.ApiMonitor - Initializing automated fleet surveillance cycle (Interval: 30s)...
2026-05-06 12:47:05 [ForkJoinPool.commonPool-worker-9] INFO  com.sentinel.engine.ApiMonitor - Signal captured from Test Service | Status: 200 | Latency: 248ms
2026-05-06 12:47:05 [ForkJoinPool.commonPool-worker-6] INFO  com.sentinel.engine.ApiMonitor - Signal captured from Sentinel API | Status: 200 | Latency: 248ms
2026-05-06 12:47:05 [ForkJoinPool.commonPool-worker-8] INFO  com.sentinel.engine.ApiMonitor - Signal captured from JSONPlaceholder Fleet | Status: 200 | Latency: 261ms
2026-05-06 12:47:05 [ForkJoinPool.commonPool-worker-8] INFO  com.sentinel.engine.ApiMonitor - Signal captured from JSONPlaceholder | Status: 200 | Latency: 328ms
2026-05-06 12:47:05 [ForkJoinPool.commonPool-worker-8] INFO  com.sentinel.engine.ApiMonitor - Signal captured from JSONPlaceholder Test | Status: 200 | Latency: 388ms
2026-05-06 12:47:05 [ForkJoinPool.commonPool-worker-9] INFO  com.sentinel.engine.ApiMonitor - Signal captured from JSONPlaceholder | Status: 200 | Latency: 785ms
2026-05-06 12:47:05 [ForkJoinPool.commonPool-worker-8] INFO  com.sentinel.engine.ApiMonitor - Signal captured from JSONPlaceholder Test | Status: 200 | Latency: 784ms
2026-05-06 12:47:05 [ForkJoinPool.commonPool-worker-6] INFO  com.sentinel.engine.ApiMonitor - Signal captured from fvwrg | Status: 200 | Latency: 784ms
2026-05-06 12:47:35 [scheduling-1] INFO  com.sentinel.engine.ApiMonitor - Initializing automated fleet surveillance cycle (Interval: 30s)...
2026-05-06 12:47:35 [ForkJoinPool.commonPool-worker-8] INFO  com.sentinel.engine.ApiMonitor - Signal captured from Sentinel API | Status: 200 | Latency: 232ms
2026-05-06 12:47:35 [ForkJoinPool.commonPool-worker-8] INFO  com.sentinel.engine.ApiMonitor - Signal captured from JSONPlaceholder Test | Status: 200 | Latency: 296ms
2026-05-06 12:47:35 [ForkJoinPool.commonPool-worker-8] INFO  com.sentinel.engine.ApiMonitor - Signal captured from Test Service | Status: 200 | Latency: 541ms
2026-05-06 12:47:35 [ForkJoinPool.commonPool-worker-8] INFO  com.sentinel.engine.ApiMonitor - Signal captured from fvwrg | Status: 200 | Latency: 593ms
2026-05-06 12:47:35 [ForkJoinPool.commonPool-worker-8] INFO  com.sentinel.engine.ApiMonitor - Signal captured from JSONPlaceholder Test | Status: 200 | Latency: 636ms
2026-05-06 12:47:36 [ForkJoinPool.commonPool-worker-8] INFO  com.sentinel.engine.ApiMonitor - Signal captured from JSONPlaceholder Fleet | Status: 200 | Latency: 1054ms
2026-05-06 12:47:36 [ForkJoinPool.commonPool-worker-6] INFO  com.sentinel.engine.ApiMonitor - Signal captured from JSONPlaceholder | Status: 200 | Latency: 1057ms
2026-05-06 12:47:36 [ForkJoinPool.commonPool-worker-9] INFO  com.sentinel.engine.ApiMonitor - Signal captured from JSONPlaceholder | Status: 200 | Latency: 1057ms
2026-05-06 12:48:05 [scheduling-1] INFO  com.sentinel.engine.ApiMonitor - Initializing automated fleet surveillance cycle (Interval: 30s)...
2026-05-06 12:48:05 [ForkJoinPool.commonPool-worker-8] INFO  com.sentinel.engine.ApiMonitor - Signal captured from Sentinel API | Status: 200 | Latency: 236ms
2026-05-06 12:48:05 [ForkJoinPool.commonPool-worker-8] INFO  com.sentinel.engine.ApiMonitor - Signal captured from JSONPlaceholder | Status: 200 | Latency: 304ms
2026-05-06 12:48:05 [ForkJoinPool.commonPool-worker-8] INFO  com.sentinel.engine.ApiMonitor - Signal captured from Test Service | Status: 200 | Latency: 445ms
2026-05-06 12:48:05 [ForkJoinPool.commonPool-worker-8] INFO  com.sentinel.engine.ApiMonitor - Signal captured from JSONPlaceholder Test | Status: 200 | Latency: 580ms
2026-05-06 12:48:05 [ForkJoinPool.commonPool-worker-6] INFO  com.sentinel.engine.ApiMonitor - Signal captured from fvwrg | Status: 200 | Latency: 584ms
2026-05-06 12:48:05 [ForkJoinPool.commonPool-worker-9] INFO  com.sentinel.engine.ApiMonitor - Signal captured from JSONPlaceholder | Status: 200 | Latency: 762ms
2026-05-06 12:48:05 [ForkJoinPool.commonPool-worker-8] INFO  com.sentinel.engine.ApiMonitor - Signal captured from JSONPlaceholder Fleet | Status: 200 | Latency: 762ms
2026-05-06 12:48:05 [ForkJoinPool.commonPool-worker-6] INFO  com.sentinel.engine.ApiMonitor - Signal captured from JSONPlaceholder Test | Status: 200 | Latency: 762ms
2026-05-06 12:48:35 [scheduling-1] INFO  com.sentinel.engine.ApiMonitor - Initializing automated fleet surveillance cycle (Interval: 30s)...
2026-05-06 12:48:35 [ForkJoinPool.commonPool-worker-6] INFO  com.sentinel.engine.ApiMonitor - Signal captured from Test Service | Status: 200 | Latency: 231ms
2026-05-06 12:48:35 [ForkJoinPool.commonPool-worker-2] INFO  com.sentinel.engine.ApiMonitor - Signal captured from Sentinel API | Status: 200 | Latency: 229ms
2026-05-06 12:48:35 [ForkJoinPool.commonPool-worker-2] INFO  com.sentinel.engine.ApiMonitor - Signal captured from JSONPlaceholder | Status: 200 | Latency: 527ms
2026-05-06 12:48:35 [ForkJoinPool.commonPool-worker-2] INFO  com.sentinel.engine.ApiMonitor - Signal captured from JSONPlaceholder Test | Status: 200 | Latency: 577ms
2026-05-06 12:48:35 [ForkJoinPool.commonPool-worker-6] INFO  com.sentinel.engine.ApiMonitor - Signal captured from fvwrg | Status: 200 | Latency: 580ms
2026-05-06 12:48:36 [ForkJoinPool.commonPool-worker-8] INFO  com.sentinel.engine.ApiMonitor - Signal captured from JSONPlaceholder | Status: 200 | Latency: 818ms
2026-05-06 12:48:36 [ForkJoinPool.commonPool-worker-2] INFO  com.sentinel.engine.ApiMonitor - Signal captured from JSONPlaceholder Test | Status: 200 | Latency: 818ms
2026-05-06 12:48:36 [ForkJoinPool.commonPool-worker-6] INFO  com.sentinel.engine.ApiMonitor - Signal captured from JSONPlaceholder Fleet | Status: 200 | Latency: 817ms
2026-05-06 12:49:05 [scheduling-1] INFO  com.sentinel.engine.ApiMonitor - Initializing automated fleet surveillance cycle (Interval: 30s)...
2026-05-06 12:49:05 [ForkJoinPool.commonPool-worker-8] INFO  com.sentinel.engine.ApiMonitor - Signal captured from JSONPlaceholder | Status: 200 | Latency: 219ms
2026-05-06 12:49:05 [ForkJoinPool.commonPool-worker-2] INFO  com.sentinel.engine.ApiMonitor - Signal captured from Sentinel API | Status: 200 | Latency: 226ms
2026-05-06 12:49:05 [ForkJoinPool.commonPool-worker-2] INFO  com.sentinel.engine.ApiMonitor - Signal captured from fvwrg | Status: 200 | Latency: 280ms
2026-05-06 12:49:05 [ForkJoinPool.commonPool-worker-8] INFO  com.sentinel.engine.ApiMonitor - Signal captured from Test Service | Status: 200 | Latency: 284ms
2026-05-06 12:49:05 [ForkJoinPool.commonPool-worker-8] INFO  com.sentinel.engine.ApiMonitor - Signal captured from JSONPlaceholder Test | Status: 200 | Latency: 364ms
2026-05-06 12:49:05 [ForkJoinPool.commonPool-worker-2] INFO  com.sentinel.engine.ApiMonitor - Signal captured from JSONPlaceholder | Status: 200 | Latency: 529ms
2026-05-06 12:49:05 [ForkJoinPool.commonPool-worker-6] INFO  com.sentinel.engine.ApiMonitor - Signal captured from JSONPlaceholder Test | Status: 200 | Latency: 529ms
2026-05-06 12:49:05 [ForkJoinPool.commonPool-worker-8] INFO  com.sentinel.engine.ApiMonitor - Signal captured from JSONPlaceholder Fleet | Status: 200 | Latency: 529ms
2026-05-06 12:49:35 [scheduling-1] INFO  com.sentinel.engine.ApiMonitor - Initializing automated fleet surveillance cycle (Interval: 30s)...
2026-05-06 12:49:35 [ForkJoinPool.commonPool-worker-9] INFO  com.sentinel.engine.ApiMonitor - Signal captured from JSONPlaceholder | Status: 200 | Latency: 229ms
2026-05-06 12:49:35 [ForkJoinPool.commonPool-worker-2] INFO  com.sentinel.engine.ApiMonitor - Signal captured from Sentinel API | Status: 200 | Latency: 235ms
2026-05-06 12:49:35 [ForkJoinPool.commonPool-worker-2] INFO  com.sentinel.engine.ApiMonitor - Signal captured from JSONPlaceholder Fleet | Status: 200 | Latency: 293ms
2026-05-06 12:49:35 [ForkJoinPool.commonPool-worker-2] INFO  com.sentinel.engine.ApiMonitor - Signal captured from JSONPlaceholder Test | Status: 200 | Latency: 379ms
2026-05-06 12:49:35 [ForkJoinPool.commonPool-worker-2] INFO  com.sentinel.engine.ApiMonitor - Signal captured from JSONPlaceholder Test | Status: 200 | Latency: 567ms
2026-05-06 12:49:35 [ForkJoinPool.commonPool-worker-6] INFO  com.sentinel.engine.ApiMonitor - Signal captured from JSONPlaceholder | Status: 200 | Latency: 568ms
2026-05-06 12:49:35 [ForkJoinPool.commonPool-worker-9] INFO  com.sentinel.engine.ApiMonitor - Signal captured from fvwrg | Status: 200 | Latency: 567ms
2026-05-06 12:49:36 [ForkJoinPool.commonPool-worker-9] INFO  com.sentinel.engine.ApiMonitor - Signal captured from Test Service | Status: 200 | Latency: 707ms
2026-05-06 12:50:05 [scheduling-1] INFO  com.sentinel.engine.ApiMonitor - Initializing automated fleet surveillance cycle (Interval: 30s)...
2026-05-06 12:50:05 [ForkJoinPool.commonPool-worker-9] INFO  com.sentinel.engine.ApiMonitor - Signal captured from Sentinel API | Status: 200 | Latency: 237ms
2026-05-06 12:50:05 [ForkJoinPool.commonPool-worker-9] INFO  com.sentinel.engine.ApiMonitor - Signal captured from Test Service | Status: 200 | Latency: 446ms
2026-05-06 12:50:05 [ForkJoinPool.commonPool-worker-9] INFO  com.sentinel.engine.ApiMonitor - Signal captured from JSONPlaceholder Test | Status: 200 | Latency: 513ms
2026-05-06 12:50:05 [ForkJoinPool.commonPool-worker-8] INFO  com.sentinel.engine.ApiMonitor - Signal captured from fvwrg | Status: 200 | Latency: 516ms
2026-05-06 12:50:06 [ForkJoinPool.commonPool-worker-8] INFO  com.sentinel.engine.ApiMonitor - Signal captured from JSONPlaceholder Fleet | Status: 200 | Latency: 659ms
2026-05-06 12:50:06 [ForkJoinPool.commonPool-worker-8] INFO  com.sentinel.engine.ApiMonitor - Signal captured from JSONPlaceholder | Status: 200 | Latency: 704ms
2026-05-06 12:50:06 [ForkJoinPool.commonPool-worker-6] INFO  com.sentinel.engine.ApiMonitor - Signal captured from JSONPlaceholder Test | Status: 200 | Latency: 704ms
2026-05-06 12:50:06 [ForkJoinPool.commonPool-worker-9] INFO  com.sentinel.engine.ApiMonitor - Signal captured from JSONPlaceholder | Status: 200 | Latency: 704ms
2026-05-06 12:50:35 [scheduling-1] INFO  com.sentinel.engine.ApiMonitor - Initializing automated fleet surveillance cycle (Interval: 30s)...
2026-05-06 12:50:35 [ForkJoinPool.commonPool-worker-6] INFO  com.sentinel.engine.ApiMonitor - Signal captured from Sentinel API | Status: 200 | Latency: 242ms
2026-05-06 12:50:35 [ForkJoinPool.commonPool-worker-6] INFO  com.sentinel.engine.ApiMonitor - Signal captured from Test Service | Status: 200 | Latency: 475ms
2026-05-06 12:50:35 [ForkJoinPool.commonPool-worker-6] INFO  com.sentinel.engine.ApiMonitor - Signal captured from JSONPlaceholder Test | Status: 200 | Latency: 540ms
2026-05-06 12:50:35 [ForkJoinPool.commonPool-worker-4] INFO  com.sentinel.engine.ApiMonitor - Signal captured from fvwrg | Status: 200 | Latency: 544ms
2026-05-06 12:50:36 [ForkJoinPool.commonPool-worker-4] INFO  com.sentinel.engine.ApiMonitor - Signal captured from JSONPlaceholder Fleet | Status: 200 | Latency: 914ms
2026-05-06 12:50:36 [ForkJoinPool.commonPool-worker-8] INFO  com.sentinel.engine.ApiMonitor - Signal captured from JSONPlaceholder | Status: 200 | Latency: 919ms
2026-05-06 12:50:36 [ForkJoinPool.commonPool-worker-5] INFO  com.sentinel.engine.ApiMonitor - Signal captured from JSONPlaceholder | Status: 200 | Latency: 919ms
2026-05-06 12:50:36 [ForkJoinPool.commonPool-worker-6] INFO  com.sentinel.engine.ApiMonitor - Signal captured from JSONPlaceholder Test | Status: 200 | Latency: 919ms
2026-05-06 12:51:05 [scheduling-1] INFO  com.sentinel.engine.ApiMonitor - Initializing automated fleet surveillance cycle (Interval: 30s)...
2026-05-06 12:51:05 [ForkJoinPool.commonPool-worker-5] INFO  com.sentinel.engine.ApiMonitor - Signal captured from Sentinel API | Status: 200 | Latency: 232ms
2026-05-06 12:51:05 [ForkJoinPool.commonPool-worker-8] INFO  com.sentinel.engine.ApiMonitor - Signal captured from Test Service | Status: 200 | Latency: 242ms
2026-05-06 12:51:05 [ForkJoinPool.commonPool-worker-6] INFO  com.sentinel.engine.ApiMonitor - Signal captured from JSONPlaceholder | Status: 200 | Latency: 263ms
2026-05-06 12:51:05 [ForkJoinPool.commonPool-worker-6] INFO  com.sentinel.engine.ApiMonitor - Signal captured from JSONPlaceholder Test | Status: 200 | Latency: 319ms
2026-05-06 12:51:05 [ForkJoinPool.commonPool-worker-6] INFO  com.sentinel.engine.ApiMonitor - Signal captured from JSONPlaceholder Fleet | Status: 200 | Latency: 402ms
2026-05-06 12:51:06 [ForkJoinPool.commonPool-worker-5] INFO  com.sentinel.engine.ApiMonitor - Signal captured from JSONPlaceholder | Status: 200 | Latency: 571ms
2026-05-06 12:51:06 [ForkJoinPool.commonPool-worker-8] INFO  com.sentinel.engine.ApiMonitor - Signal captured from fvwrg | Status: 200 | Latency: 571ms
2026-05-06 12:51:06 [ForkJoinPool.commonPool-worker-6] INFO  com.sentinel.engine.ApiMonitor - Signal captured from JSONPlaceholder Test | Status: 200 | Latency: 571ms
2026-05-06 12:51:35 [scheduling-1] INFO  com.sentinel.engine.ApiMonitor - Initializing automated fleet surveillance cycle (Interval: 30s)...
2026-05-06 12:51:35 [ForkJoinPool.commonPool-worker-3] INFO  com.sentinel.engine.ApiMonitor - Signal captured from Sentinel API | Status: 200 | Latency: 230ms
2026-05-06 12:51:35 [ForkJoinPool.commonPool-worker-3] INFO  com.sentinel.engine.ApiMonitor - Signal captured from JSONPlaceholder Test | Status: 200 | Latency: 284ms
2026-05-06 12:51:36 [ForkJoinPool.commonPool-worker-3] INFO  com.sentinel.engine.ApiMonitor - Signal captured from Test Service | Status: 200 | Latency: 455ms
2026-05-06 12:51:36 [ForkJoinPool.commonPool-worker-3] INFO  com.sentinel.engine.ApiMonitor - Signal captured from fvwrg | Status: 200 | Latency: 595ms
2026-05-06 12:51:36 [ForkJoinPool.commonPool-worker-3] INFO  com.sentinel.engine.ApiMonitor - Signal captured from JSONPlaceholder | Status: 200 | Latency: 879ms
2026-05-06 12:51:36 [ForkJoinPool.commonPool-worker-6] INFO  com.sentinel.engine.ApiMonitor - Signal captured from JSONPlaceholder | Status: 200 | Latency: 885ms
2026-05-06 12:51:36 [ForkJoinPool.commonPool-worker-4] INFO  com.sentinel.engine.ApiMonitor - Signal captured from JSONPlaceholder Fleet | Status: 200 | Latency: 885ms
2026-05-06 12:51:36 [ForkJoinPool.commonPool-worker-5] INFO  com.sentinel.engine.ApiMonitor - Signal captured from JSONPlaceholder Test | Status: 200 | Latency: 885ms
2026-05-06 12:52:11 [background-preinit] INFO  o.h.validator.internal.util.Version - HV000001: Hibernate Validator 8.0.1.Final
2026-05-06 12:52:11 [main] INFO  com.sentinel.SentinelApplication - Starting SentinelApplication using Java 17.0.12 with PID 21844 (A:\Projects\Santinel\backend\target\classes started by Ajay in A:\Projects\Santinel\backend)
2026-05-06 12:52:11 [main] INFO  com.sentinel.SentinelApplication - No active profile set, falling back to 1 default profile: "default"
2026-05-06 12:52:13 [main] INFO  o.s.d.r.c.RepositoryConfigurationDelegate - Bootstrapping Spring Data MongoDB repositories in DEFAULT mode.
2026-05-06 12:52:13 [main] INFO  o.s.d.r.c.RepositoryConfigurationDelegate - Finished Spring Data repository scanning in 245 ms. Found 3 MongoDB repository interfaces.
2026-05-06 12:52:14 [main] INFO  o.s.b.w.e.tomcat.TomcatWebServer - Tomcat initialized with port 5500 (http)
2026-05-06 12:52:14 [main] INFO  o.a.coyote.http11.Http11NioProtocol - Initializing ProtocolHandler ["http-nio-5500"]
2026-05-06 12:52:14 [main] INFO  o.a.catalina.core.StandardService - Starting service [Tomcat]
2026-05-06 12:52:14 [main] INFO  o.a.catalina.core.StandardEngine - Starting Servlet engine: [Apache Tomcat/10.1.20]
2026-05-06 12:52:14 [main] INFO  o.a.c.c.C.[Tomcat].[localhost].[/] - Initializing Spring embedded WebApplicationContext
2026-05-06 12:52:14 [main] INFO  o.s.b.w.s.c.ServletWebServerApplicationContext - Root WebApplicationContext: initialization completed in 2331 ms
2026-05-06 12:52:14 [main] INFO  org.mongodb.driver.cluster - Adding discovered server ac-ipegaos-shard-00-00.n6xcems.mongodb.net:27017 to client view of cluster
2026-05-06 12:52:14 [main] INFO  org.mongodb.driver.cluster - Adding discovered server ac-ipegaos-shard-00-01.n6xcems.mongodb.net:27017 to client view of cluster
2026-05-06 12:52:14 [main] INFO  org.mongodb.driver.cluster - Adding discovered server ac-ipegaos-shard-00-02.n6xcems.mongodb.net:27017 to client view of cluster
2026-05-06 12:52:14 [main] INFO  org.mongodb.driver.client - MongoClient with metadata {"application": {"name": "Cluster0"}, "driver": {"name": "mongo-java-driver|sync|spring-boot", "version": "4.11.2"}, "os": {"type": "Windows", "name": "Windows 11", "architecture": "amd64", "version": "10.0"}, "platform": "Java/Oracle Corporation/17.0.12+8-LTS-286"} created with settings MongoClientSettings{readPreference=primary, writeConcern=WriteConcern{w=null, wTimeout=null ms, journal=null}, retryWrites=true, retryReads=true, readConcern=ReadConcern{level=null}, credential=MongoCredential{mechanism=null, userName='admin', source='admin', password=<hidden>, mechanismProperties=<hidden>}, transportSettings=null, streamFactoryFactory=null, commandListeners=[], codecRegistry=ProvidersCodecRegistry{codecProviders=[ValueCodecProvider{}, BsonValueCodecProvider{}, DBRefCodecProvider{}, DBObjectCodecProvider{}, DocumentCodecProvider{}, CollectionCodecProvider{}, IterableCodecProvider{}, MapCodecProvider{}, GeoJsonCodecProvider{}, GridFSFileCodecProvider{}, Jsr310CodecProvider{}, JsonObjectCodecProvider{}, BsonCodecProvider{}, EnumCodecProvider{}, com.mongodb.client.model.mql.ExpressionCodecProvider@3d3a1903, com.mongodb.Jep395RecordCodecProvider@26582ca, com.mongodb.KotlinCodecProvider@153cb763]}, loggerSettings=LoggerSettings{maxDocumentLength=1000}, clusterSettings={hosts=[ac-ipegaos-shard-00-00.n6xcems.mongodb.net:27017, ac-ipegaos-shard-00-01.n6xcems.mongodb.net:27017, ac-ipegaos-shard-00-02.n6xcems.mongodb.net:27017], srvServiceName=mongodb, mode=MULTIPLE, requiredClusterType=REPLICA_SET, requiredReplicaSetName='atlas-12ucmv-shard-0', serverSelector='null', clusterListeners='[]', serverSelectionTimeout='30000 ms', localThreshold='15 ms'}, socketSettings=SocketSettings{connectTimeoutMS=10000, readTimeoutMS=0, receiveBufferSize=0, proxySettings=ProxySettings{host=null, port=null, username=null, password=null}}, heartbeatSocketSettings=SocketSettings{connectTimeoutMS=10000, readTimeoutMS=10000, receiveBufferSize=0, proxySettings=ProxySettings{host=null, port=null, username=null, password=null}}, connectionPoolSettings=ConnectionPoolSettings{maxSize=100, minSize=0, maxWaitTimeMS=120000, maxConnectionLifeTimeMS=0, maxConnectionIdleTimeMS=0, maintenanceInitialDelayMS=0, maintenanceFrequencyMS=60000, connectionPoolListeners=[], maxConnecting=2}, serverSettings=ServerSettings{heartbeatFrequencyMS=10000, minHeartbeatFrequencyMS=500, serverListeners='[]', serverMonitorListeners='[]'}, sslSettings=SslSettings{enabled=true, invalidHostNameAllowed=false, context=null}, applicationName='Cluster0', compressorList=[], uuidRepresentation=JAVA_LEGACY, serverApi=null, autoEncryptionSettings=null, dnsClient=null, inetAddressResolver=null, contextProvider=null}
2026-05-06 12:52:15 [cluster-ClusterId{value='69faec26f9ccf875aa926edb', description='Cluster0'}-ac-ipegaos-shard-00-00.n6xcems.mongodb.net:27017] INFO  org.mongodb.driver.cluster - Monitor thread successfully connected to server with description ServerDescription{address=ac-ipegaos-shard-00-00.n6xcems.mongodb.net:27017, type=REPLICA_SET_SECONDARY, state=CONNECTED, ok=true, minWireVersion=0, maxWireVersion=25, maxDocumentSize=16777216, logicalSessionTimeoutMinutes=30, roundTripTimeNanos=327711600, setName='atlas-12ucmv-shard-0', canonicalAddress=ac-ipegaos-shard-00-00.n6xcems.mongodb.net:27017, hosts=[ac-ipegaos-shard-00-00.n6xcems.mongodb.net:27017, ac-ipegaos-shard-00-02.n6xcems.mongodb.net:27017, ac-ipegaos-shard-00-01.n6xcems.mongodb.net:27017], passives=[], arbiters=[], primary='ac-ipegaos-shard-00-02.n6xcems.mongodb.net:27017', tagSet=TagSet{[Tag{name='availabilityZone', value='aps1-az1'}, Tag{name='cacheState', value='READY'}, Tag{name='diskState', value='READY'}, Tag{name='nodeType', value='ELECTABLE'}, Tag{name='provider', value='AWS'}, Tag{name='region', value='AP_SOUTH_1'}, Tag{name='workloadType', value='OPERATIONAL'}]}, electionId=null, setVersion=59, topologyVersion=TopologyVersion{processId=69f3a905134fe1d7a24e0f42, counter=4}, lastWriteDate=Wed May 06 12:52:15 IST 2026, lastUpdateTimeNanos=12687094000000}
2026-05-06 12:52:15 [cluster-ClusterId{value='69faec26f9ccf875aa926edb', description='Cluster0'}-ac-ipegaos-shard-00-01.n6xcems.mongodb.net:27017] INFO  org.mongodb.driver.cluster - Monitor thread successfully connected to server with description ServerDescription{address=ac-ipegaos-shard-00-01.n6xcems.mongodb.net:27017, type=REPLICA_SET_SECONDARY, state=CONNECTED, ok=true, minWireVersion=0, maxWireVersion=25, maxDocumentSize=16777216, logicalSessionTimeoutMinutes=30, roundTripTimeNanos=327750900, setName='atlas-12ucmv-shard-0', canonicalAddress=ac-ipegaos-shard-00-01.n6xcems.mongodb.net:27017, hosts=[ac-ipegaos-shard-00-00.n6xcems.mongodb.net:27017, ac-ipegaos-shard-00-02.n6xcems.mongodb.net:27017, ac-ipegaos-shard-00-01.n6xcems.mongodb.net:27017], passives=[], arbiters=[], primary='ac-ipegaos-shard-00-02.n6xcems.mongodb.net:27017', tagSet=TagSet{[Tag{name='availabilityZone', value='aps1-az3'}, Tag{name='cacheState', value='READY'}, Tag{name='diskState', value='READY'}, Tag{name='nodeType', value='ELECTABLE'}, Tag{name='provider', value='AWS'}, Tag{name='region', value='AP_SOUTH_1'}, Tag{name='workloadType', value='OPERATIONAL'}]}, electionId=null, setVersion=59, topologyVersion=TopologyVersion{processId=69f3ad64c76752dcd71912a2, counter=3}, lastWriteDate=Wed May 06 12:52:15 IST 2026, lastUpdateTimeNanos=12687093999900}
2026-05-06 12:52:15 [cluster-ClusterId{value='69faec26f9ccf875aa926edb', description='Cluster0'}-ac-ipegaos-shard-00-02.n6xcems.mongodb.net:27017] INFO  org.mongodb.driver.cluster - Monitor thread successfully connected to server with description ServerDescription{address=ac-ipegaos-shard-00-02.n6xcems.mongodb.net:27017, type=REPLICA_SET_PRIMARY, state=CONNECTED, ok=true, minWireVersion=0, maxWireVersion=25, maxDocumentSize=16777216, logicalSessionTimeoutMinutes=30, roundTripTimeNanos=327718500, setName='atlas-12ucmv-shard-0', canonicalAddress=ac-ipegaos-shard-00-02.n6xcems.mongodb.net:27017, hosts=[ac-ipegaos-shard-00-00.n6xcems.mongodb.net:27017, ac-ipegaos-shard-00-02.n6xcems.mongodb.net:27017, ac-ipegaos-shard-00-01.n6xcems.mongodb.net:27017], passives=[], arbiters=[], primary='ac-ipegaos-shard-00-02.n6xcems.mongodb.net:27017', tagSet=TagSet{[Tag{name='availabilityZone', value='aps1-az2'}, Tag{name='cacheState', value='READY'}, Tag{name='diskState', value='READY'}, Tag{name='nodeType', value='ELECTABLE'}, Tag{name='provider', value='AWS'}, Tag{name='region', value='AP_SOUTH_1'}, Tag{name='workloadType', value='OPERATIONAL'}]}, electionId=7fffffff00000000000000de, setVersion=59, topologyVersion=TopologyVersion{processId=69f3aaf9f53630c5bd712865, counter=6}, lastWriteDate=Wed May 06 12:52:15 IST 2026, lastUpdateTimeNanos=12687093999900}
2026-05-06 12:52:15 [cluster-ClusterId{value='69faec26f9ccf875aa926edb', description='Cluster0'}-ac-ipegaos-shard-00-02.n6xcems.mongodb.net:27017] INFO  org.mongodb.driver.cluster - Discovered replica set primary ac-ipegaos-shard-00-02.n6xcems.mongodb.net:27017 with max election id 7fffffff00000000000000de and max set version 59
2026-05-06 12:52:15 [main] INFO  com.sentinel.engine.ApiMonitor - Initializing global fleet surveillance protocols...
2026-05-06 12:52:15 [main] INFO  com.sentinel.engine.ApiMonitor - Scheduling surveillance for Test Service | Protocol Frequency: 30s
2026-05-06 12:52:15 [main] INFO  com.sentinel.engine.ApiMonitor - Scheduling surveillance for Sentinel API | Protocol Frequency: 30s
2026-05-06 12:52:15 [main] INFO  com.sentinel.engine.ApiMonitor - Scheduling surveillance for JSONPlaceholder | Protocol Frequency: 30s
2026-05-06 12:52:15 [main] INFO  com.sentinel.engine.ApiMonitor - Scheduling surveillance for JSONPlaceholder | Protocol Frequency: 30s
2026-05-06 12:52:15 [main] INFO  com.sentinel.engine.ApiMonitor - Scheduling surveillance for fvwrg | Protocol Frequency: 30s
2026-05-06 12:52:15 [main] INFO  com.sentinel.engine.ApiMonitor - Scheduling surveillance for JSONPlaceholder Test | Protocol Frequency: 30s
2026-05-06 12:52:15 [main] INFO  com.sentinel.engine.ApiMonitor - Scheduling surveillance for JSONPlaceholder Test | Protocol Frequency: 30s
2026-05-06 12:52:15 [main] INFO  com.sentinel.engine.ApiMonitor - Scheduling surveillance for JSONPlaceholder Fleet | Protocol Frequency: 30s
2026-05-06 12:52:16 [main] WARN  o.s.b.a.s.s.UserDetailsServiceAutoConfiguration - 

Using generated security password: dc63db1c-70ab-414d-9725-73e55abfcddc

This generated password is for development use only. Your security configuration must be updated before running your application in production.

2026-05-06 12:52:16 [main] INFO  o.s.s.web.DefaultSecurityFilterChain - Will secure any request with [org.springframework.security.web.session.DisableEncodeUrlFilter@225e09f0, org.springframework.security.web.context.request.async.WebAsyncManagerIntegrationFilter@bc8d68b, org.springframework.security.web.context.SecurityContextHolderFilter@19647566, org.springframework.security.web.header.HeaderWriterFilter@36c783ca, org.springframework.web.filter.CorsFilter@2fa212df, org.springframework.security.web.authentication.logout.LogoutFilter@986b619, com.sentinel.security.JwtTokenFilter@3cf8a235, org.springframework.security.web.savedrequest.RequestCacheAwareFilter@527d48db, org.springframework.security.web.servletapi.SecurityContextHolderAwareRequestFilter@194037f9, org.springframework.security.web.authentication.AnonymousAuthenticationFilter@6e3b2dd3, org.springframework.security.web.session.SessionManagementFilter@15cee630, org.springframework.security.web.access.ExceptionTranslationFilter@6dcbbb49, org.springframework.security.web.access.intercept.AuthorizationFilter@631944d4]
2026-05-06 12:52:16 [main] INFO  o.a.coyote.http11.Http11NioProtocol - Starting ProtocolHandler ["http-nio-5500"]
2026-05-06 12:52:16 [main] INFO  o.s.b.w.e.tomcat.TomcatWebServer - Tomcat started on port 5500 (http) with context path ''
2026-05-06 12:52:16 [main] INFO  com.sentinel.SentinelApplication - Started SentinelApplication in 5.732 seconds (process running for 6.369)
2026-05-06 12:52:25 [http-nio-5500-exec-1] INFO  o.a.c.c.C.[Tomcat].[localhost].[/] - Initializing Spring DispatcherServlet 'dispatcherServlet'
2026-05-06 12:52:25 [http-nio-5500-exec-1] INFO  o.s.web.servlet.DispatcherServlet - Initializing Servlet 'dispatcherServlet'
2026-05-06 12:52:25 [http-nio-5500-exec-1] INFO  o.s.web.servlet.DispatcherServlet - Completed initialization in 3 ms
2026-05-06 12:53:52 [background-preinit] INFO  o.h.validator.internal.util.Version - HV000001: Hibernate Validator 8.0.1.Final
2026-05-06 12:53:52 [main] INFO  com.sentinel.SentinelApplication - Starting SentinelApplication using Java 17.0.12 with PID 24884 (A:\Projects\Santinel\backend\target\classes started by Ajay in A:\Projects\Santinel\backend)
2026-05-06 12:53:52 [main] INFO  com.sentinel.SentinelApplication - No active profile set, falling back to 1 default profile: "default"
2026-05-06 12:53:53 [main] INFO  o.s.d.r.c.RepositoryConfigurationDelegate - Bootstrapping Spring Data MongoDB repositories in DEFAULT mode.
2026-05-06 12:53:53 [main] INFO  o.s.d.r.c.RepositoryConfigurationDelegate - Finished Spring Data repository scanning in 231 ms. Found 3 MongoDB repository interfaces.
2026-05-06 12:53:54 [main] INFO  o.s.b.w.e.tomcat.TomcatWebServer - Tomcat initialized with port 5500 (http)
2026-05-06 12:53:54 [main] INFO  o.a.coyote.http11.Http11NioProtocol - Initializing ProtocolHandler ["http-nio-5500"]
2026-05-06 12:53:54 [main] INFO  o.a.catalina.core.StandardService - Starting service [Tomcat]
2026-05-06 12:53:54 [main] INFO  o.a.catalina.core.StandardEngine - Starting Servlet engine: [Apache Tomcat/10.1.20]
2026-05-06 12:53:54 [main] INFO  o.a.c.c.C.[Tomcat].[localhost].[/] - Initializing Spring embedded WebApplicationContext
2026-05-06 12:53:54 [main] INFO  o.s.b.w.s.c.ServletWebServerApplicationContext - Root WebApplicationContext: initialization completed in 2301 ms
2026-05-06 12:53:54 [main] INFO  org.mongodb.driver.cluster - Adding discovered server ac-ipegaos-shard-00-00.n6xcems.mongodb.net:27017 to client view of cluster
2026-05-06 12:53:55 [main] INFO  org.mongodb.driver.cluster - Adding discovered server ac-ipegaos-shard-00-01.n6xcems.mongodb.net:27017 to client view of cluster
2026-05-06 12:53:55 [main] INFO  org.mongodb.driver.cluster - Adding discovered server ac-ipegaos-shard-00-02.n6xcems.mongodb.net:27017 to client view of cluster
2026-05-06 12:53:55 [main] INFO  org.mongodb.driver.client - MongoClient with metadata {"application": {"name": "Cluster0"}, "driver": {"name": "mongo-java-driver|sync|spring-boot", "version": "4.11.2"}, "os": {"type": "Windows", "name": "Windows 11", "architecture": "amd64", "version": "10.0"}, "platform": "Java/Oracle Corporation/17.0.12+8-LTS-286"} created with settings MongoClientSettings{readPreference=primary, writeConcern=WriteConcern{w=null, wTimeout=null ms, journal=null}, retryWrites=true, retryReads=true, readConcern=ReadConcern{level=null}, credential=MongoCredential{mechanism=null, userName='admin', source='admin', password=<hidden>, mechanismProperties=<hidden>}, transportSettings=null, streamFactoryFactory=null, commandListeners=[], codecRegistry=ProvidersCodecRegistry{codecProviders=[ValueCodecProvider{}, BsonValueCodecProvider{}, DBRefCodecProvider{}, DBObjectCodecProvider{}, DocumentCodecProvider{}, CollectionCodecProvider{}, IterableCodecProvider{}, MapCodecProvider{}, GeoJsonCodecProvider{}, GridFSFileCodecProvider{}, Jsr310CodecProvider{}, JsonObjectCodecProvider{}, BsonCodecProvider{}, EnumCodecProvider{}, com.mongodb.client.model.mql.ExpressionCodecProvider@6f6cc7da, com.mongodb.Jep395RecordCodecProvider@40717ed, com.mongodb.KotlinCodecProvider@29f3c438]}, loggerSettings=LoggerSettings{maxDocumentLength=1000}, clusterSettings={hosts=[ac-ipegaos-shard-00-00.n6xcems.mongodb.net:27017, ac-ipegaos-shard-00-01.n6xcems.mongodb.net:27017, ac-ipegaos-shard-00-02.n6xcems.mongodb.net:27017], srvServiceName=mongodb, mode=MULTIPLE, requiredClusterType=REPLICA_SET, requiredReplicaSetName='atlas-12ucmv-shard-0', serverSelector='null', clusterListeners='[]', serverSelectionTimeout='30000 ms', localThreshold='15 ms'}, socketSettings=SocketSettings{connectTimeoutMS=10000, readTimeoutMS=0, receiveBufferSize=0, proxySettings=ProxySettings{host=null, port=null, username=null, password=null}}, heartbeatSocketSettings=SocketSettings{connectTimeoutMS=10000, readTimeoutMS=10000, receiveBufferSize=0, proxySettings=ProxySettings{host=null, port=null, username=null, password=null}}, connectionPoolSettings=ConnectionPoolSettings{maxSize=100, minSize=0, maxWaitTimeMS=120000, maxConnectionLifeTimeMS=0, maxConnectionIdleTimeMS=0, maintenanceInitialDelayMS=0, maintenanceFrequencyMS=60000, connectionPoolListeners=[], maxConnecting=2}, serverSettings=ServerSettings{heartbeatFrequencyMS=10000, minHeartbeatFrequencyMS=500, serverListeners='[]', serverMonitorListeners='[]'}, sslSettings=SslSettings{enabled=true, invalidHostNameAllowed=false, context=null}, applicationName='Cluster0', compressorList=[], uuidRepresentation=JAVA_LEGACY, serverApi=null, autoEncryptionSettings=null, dnsClient=null, inetAddressResolver=null, contextProvider=null}
2026-05-06 12:53:55 [cluster-ClusterId{value='69faec8add64a3061393f3db', description='Cluster0'}-ac-ipegaos-shard-00-00.n6xcems.mongodb.net:27017] INFO  org.mongodb.driver.cluster - Monitor thread successfully connected to server with description ServerDescription{address=ac-ipegaos-shard-00-00.n6xcems.mongodb.net:27017, type=REPLICA_SET_SECONDARY, state=CONNECTED, ok=true, minWireVersion=0, maxWireVersion=25, maxDocumentSize=16777216, logicalSessionTimeoutMinutes=30, roundTripTimeNanos=327943100, setName='atlas-12ucmv-shard-0', canonicalAddress=ac-ipegaos-shard-00-00.n6xcems.mongodb.net:27017, hosts=[ac-ipegaos-shard-00-00.n6xcems.mongodb.net:27017, ac-ipegaos-shard-00-02.n6xcems.mongodb.net:27017, ac-ipegaos-shard-00-01.n6xcems.mongodb.net:27017], passives=[], arbiters=[], primary='ac-ipegaos-shard-00-02.n6xcems.mongodb.net:27017', tagSet=TagSet{[Tag{name='availabilityZone', value='aps1-az1'}, Tag{name='cacheState', value='READY'}, Tag{name='diskState', value='READY'}, Tag{name='nodeType', value='ELECTABLE'}, Tag{name='provider', value='AWS'}, Tag{name='region', value='AP_SOUTH_1'}, Tag{name='workloadType', value='OPERATIONAL'}]}, electionId=null, setVersion=59, topologyVersion=TopologyVersion{processId=69f3a905134fe1d7a24e0f42, counter=4}, lastWriteDate=Wed May 06 12:53:55 IST 2026, lastUpdateTimeNanos=12787428262200}
2026-05-06 12:53:55 [cluster-ClusterId{value='69faec8add64a3061393f3db', description='Cluster0'}-ac-ipegaos-shard-00-01.n6xcems.mongodb.net:27017] INFO  org.mongodb.driver.cluster - Monitor thread successfully connected to server with description ServerDescription{address=ac-ipegaos-shard-00-01.n6xcems.mongodb.net:27017, type=REPLICA_SET_SECONDARY, state=CONNECTED, ok=true, minWireVersion=0, maxWireVersion=25, maxDocumentSize=16777216, logicalSessionTimeoutMinutes=30, roundTripTimeNanos=330160400, setName='atlas-12ucmv-shard-0', canonicalAddress=ac-ipegaos-shard-00-01.n6xcems.mongodb.net:27017, hosts=[ac-ipegaos-shard-00-00.n6xcems.mongodb.net:27017, ac-ipegaos-shard-00-02.n6xcems.mongodb.net:27017, ac-ipegaos-shard-00-01.n6xcems.mongodb.net:27017], passives=[], arbiters=[], primary='ac-ipegaos-shard-00-02.n6xcems.mongodb.net:27017', tagSet=TagSet{[Tag{name='availabilityZone', value='aps1-az3'}, Tag{name='cacheState', value='READY'}, Tag{name='diskState', value='READY'}, Tag{name='nodeType', value='ELECTABLE'}, Tag{name='provider', value='AWS'}, Tag{name='region', value='AP_SOUTH_1'}, Tag{name='workloadType', value='OPERATIONAL'}]}, electionId=null, setVersion=59, topologyVersion=TopologyVersion{processId=69f3ad64c76752dcd71912a2, counter=3}, lastWriteDate=Wed May 06 12:53:55 IST 2026, lastUpdateTimeNanos=12787428299300}
2026-05-06 12:53:55 [cluster-ClusterId{value='69faec8add64a3061393f3db', description='Cluster0'}-ac-ipegaos-shard-00-02.n6xcems.mongodb.net:27017] INFO  org.mongodb.driver.cluster - Monitor thread successfully connected to server with description ServerDescription{address=ac-ipegaos-shard-00-02.n6xcems.mongodb.net:27017, type=REPLICA_SET_PRIMARY, state=CONNECTED, ok=true, minWireVersion=0, maxWireVersion=25, maxDocumentSize=16777216, logicalSessionTimeoutMinutes=30, roundTripTimeNanos=328272400, setName='atlas-12ucmv-shard-0', canonicalAddress=ac-ipegaos-shard-00-02.n6xcems.mongodb.net:27017, hosts=[ac-ipegaos-shard-00-00.n6xcems.mongodb.net:27017, ac-ipegaos-shard-00-02.n6xcems.mongodb.net:27017, ac-ipegaos-shard-00-01.n6xcems.mongodb.net:27017], passives=[], arbiters=[], primary='ac-ipegaos-shard-00-02.n6xcems.mongodb.net:27017', tagSet=TagSet{[Tag{name='availabilityZone', value='aps1-az2'}, Tag{name='cacheState', value='READY'}, Tag{name='diskState', value='READY'}, Tag{name='nodeType', value='ELECTABLE'}, Tag{name='provider', value='AWS'}, Tag{name='region', value='AP_SOUTH_1'}, Tag{name='workloadType', value='OPERATIONAL'}]}, electionId=7fffffff00000000000000de, setVersion=59, topologyVersion=TopologyVersion{processId=69f3aaf9f53630c5bd712865, counter=6}, lastWriteDate=Wed May 06 12:53:55 IST 2026, lastUpdateTimeNanos=12787428277000}
2026-05-06 12:53:55 [cluster-ClusterId{value='69faec8add64a3061393f3db', description='Cluster0'}-ac-ipegaos-shard-00-02.n6xcems.mongodb.net:27017] INFO  org.mongodb.driver.cluster - Discovered replica set primary ac-ipegaos-shard-00-02.n6xcems.mongodb.net:27017 with max election id 7fffffff00000000000000de and max set version 59
2026-05-06 12:53:55 [main] INFO  com.sentinel.engine.ApiMonitor - Initializing global fleet surveillance protocols...
2026-05-06 12:53:56 [main] INFO  com.sentinel.engine.ApiMonitor - Scheduling surveillance for Test Service | Protocol Frequency: 30s
2026-05-06 12:53:56 [main] INFO  com.sentinel.engine.ApiMonitor - Scheduling surveillance for Sentinel API | Protocol Frequency: 30s
2026-05-06 12:53:56 [main] INFO  com.sentinel.engine.ApiMonitor - Scheduling surveillance for JSONPlaceholder | Protocol Frequency: 30s
2026-05-06 12:53:56 [main] INFO  com.sentinel.engine.ApiMonitor - Scheduling surveillance for JSONPlaceholder | Protocol Frequency: 30s
2026-05-06 12:53:56 [main] INFO  com.sentinel.engine.ApiMonitor - Scheduling surveillance for fvwrg | Protocol Frequency: 30s
2026-05-06 12:53:56 [main] INFO  com.sentinel.engine.ApiMonitor - Scheduling surveillance for JSONPlaceholder Test | Protocol Frequency: 30s
2026-05-06 12:53:56 [main] INFO  com.sentinel.engine.ApiMonitor - Scheduling surveillance for JSONPlaceholder Test | Protocol Frequency: 30s
2026-05-06 12:53:56 [main] INFO  com.sentinel.engine.ApiMonitor - Scheduling surveillance for JSONPlaceholder Fleet | Protocol Frequency: 30s
2026-05-06 12:53:56 [main] WARN  o.s.b.a.s.s.UserDetailsServiceAutoConfiguration - 

Using generated security password: 295c3936-b662-47f5-9c90-ed4862982181

This generated password is for development use only. Your security configuration must be updated before running your application in production.

2026-05-06 12:53:56 [main] INFO  o.s.s.web.DefaultSecurityFilterChain - Will secure any request with [org.springframework.security.web.session.DisableEncodeUrlFilter@5a1a20ae, org.springframework.security.web.context.request.async.WebAsyncManagerIntegrationFilter@7c956dda, org.springframework.security.web.context.SecurityContextHolderFilter@3b7b0b57, org.springframework.security.web.header.HeaderWriterFilter@35e689a0, org.springframework.web.filter.CorsFilter@186481d4, org.springframework.security.web.authentication.logout.LogoutFilter@67f591c2, com.sentinel.security.JwtTokenFilter@24eecabf, org.springframework.security.web.savedrequest.RequestCacheAwareFilter@2804b13f, org.springframework.security.web.servletapi.SecurityContextHolderAwareRequestFilter@69069866, org.springframework.security.web.authentication.AnonymousAuthenticationFilter@2ffa91dc, org.springframework.security.web.session.SessionManagementFilter@ca2cd5e, org.springframework.security.web.access.ExceptionTranslationFilter@64f3991e, org.springframework.security.web.access.intercept.AuthorizationFilter@3fd33f48]
2026-05-06 12:53:57 [main] INFO  o.a.coyote.http11.Http11NioProtocol - Starting ProtocolHandler ["http-nio-5500"]
2026-05-06 12:53:57 [main] WARN  o.s.b.w.s.c.AnnotationConfigServletWebServerApplicationContext - Exception encountered during context initialization - cancelling refresh attempt: org.springframework.context.ApplicationContextException: Failed to start bean 'webServerStartStop'
2026-05-06 12:53:57 [main] INFO  com.sentinel.engine.ApiMonitor - Deactivating all active surveillance signals...
2026-05-06 12:53:57 [main] INFO  o.s.b.a.l.ConditionEvaluationReportLogger - 

Error starting ApplicationContext. To display the condition evaluation report re-run your application with 'debug' enabled.
2026-05-06 12:53:57 [main] ERROR o.s.b.d.LoggingFailureAnalysisReporter - 

***************************
APPLICATION FAILED TO START
***************************

Description:

Web server failed to start. Port 5500 was already in use.

Action:

Identify and stop the process that's listening on port 5500 or configure this application to listen on another port.

2026-05-06 12:54:20 [http-nio-5500-exec-1] ERROR o.a.c.c.C.[.[.[.[dispatcherServlet] - Servlet.service() for servlet [dispatcherServlet] in context with path [] threw exception [Handler dispatch failed: java.lang.Error: Unresolved compilation problem: 
	The method getIntervalSeconds() is undefined for the type ApiMonitor
] with root cause
java.lang.Error: Unresolved compilation problem: 
	The method getIntervalSeconds() is undefined for the type ApiMonitor

	at com.sentinel.controllers.SettingsController.getInterval(SettingsController.java:18)
	at java.base/jdk.internal.reflect.NativeMethodAccessorImpl.invoke0(Native Method)
	at java.base/jdk.internal.reflect.NativeMethodAccessorImpl.invoke(NativeMethodAccessorImpl.java:77)
	at java.base/jdk.internal.reflect.DelegatingMethodAccessorImpl.invoke(DelegatingMethodAccessorImpl.java:43)
	at java.base/java.lang.reflect.Method.invoke(Method.java:568)
	at org.springframework.web.method.support.InvocableHandlerMethod.doInvoke(InvocableHandlerMethod.java:255)
	at org.springframework.web.method.support.InvocableHandlerMethod.invokeForRequest(InvocableHandlerMethod.java:188)
	at org.springframework.web.servlet.mvc.method.annotation.ServletInvocableHandlerMethod.invokeAndHandle(ServletInvocableHandlerMethod.java:118)
	at org.springframework.web.servlet.mvc.method.annotation.RequestMappingHandlerAdapter.invokeHandlerMethod(RequestMappingHandlerAdapter.java:926)
	at org.springframework.web.servlet.mvc.method.annotation.RequestMappingHandlerAdapter.handleInternal(RequestMappingHandlerAdapter.java:831)
	at org.springframework.web.servlet.mvc.method.AbstractHandlerMethodAdapter.handle(AbstractHandlerMethodAdapter.java:87)
	at org.springframework.web.servlet.DispatcherServlet.doDispatch(DispatcherServlet.java:1089)
	at org.springframework.web.servlet.DispatcherServlet.doService(DispatcherServlet.java:979)
	at org.springframework.web.servlet.FrameworkServlet.processRequest(FrameworkServlet.java:1014)
	at org.springframework.web.servlet.FrameworkServlet.doGet(FrameworkServlet.java:903)
	at jakarta.servlet.http.HttpServlet.service(HttpServlet.java:564)
	at org.springframework.web.servlet.FrameworkServlet.service(FrameworkServlet.java:885)
	at jakarta.servlet.http.HttpServlet.service(HttpServlet.java:658)
	at org.apache.catalina.core.ApplicationFilterChain.internalDoFilter(ApplicationFilterChain.java:206)
	at org.apache.catalina.core.ApplicationFilterChain.doFilter(ApplicationFilterChain.java:150)
	at org.apache.tomcat.websocket.server.WsFilter.doFilter(WsFilter.java:51)
	at org.apache.catalina.core.ApplicationFilterChain.internalDoFilter(ApplicationFilterChain.java:175)
	at org.apache.catalina.core.ApplicationFilterChain.doFilter(ApplicationFilterChain.java:150)
	at org.springframework.web.filter.CompositeFilter$VirtualFilterChain.doFilter(CompositeFilter.java:108)
	at org.springframework.security.web.FilterChainProxy.lambda$doFilterInternal$3(FilterChainProxy.java:231)
	at org.springframework.security.web.FilterChainProxy$VirtualFilterChain.doFilter(FilterChainProxy.java:365)
	at org.springframework.security.web.access.intercept.AuthorizationFilter.doFilter(AuthorizationFilter.java:100)
	at org.springframework.security.web.FilterChainProxy$VirtualFilterChain.doFilter(FilterChainProxy.java:374)
	at org.springframework.security.web.access.ExceptionTranslationFilter.doFilter(ExceptionTranslationFilter.java:126)
	at org.springframework.security.web.access.ExceptionTranslationFilter.doFilter(ExceptionTranslationFilter.java:120)
	at org.springframework.security.web.FilterChainProxy$VirtualFilterChain.doFilter(FilterChainProxy.java:374)
	at org.springframework.security.web.session.SessionManagementFilter.doFilter(SessionManagementFilter.java:131)
	at org.springframework.security.web.session.SessionManagementFilter.doFilter(SessionManagementFilter.java:85)
	at org.springframework.security.web.FilterChainProxy$VirtualFilterChain.doFilter(FilterChainProxy.java:374)
	at org.springframework.security.web.authentication.AnonymousAuthenticationFilter.doFilter(AnonymousAuthenticationFilter.java:100)
	at org.springframework.security.web.FilterChainProxy$VirtualFilterChain.doFilter(FilterChainProxy.java:374)
	at org.springframework.security.web.servletapi.SecurityContextHolderAwareRequestFilter.doFilter(SecurityContextHolderAwareRequestFilter.java:179)
	at org.springframework.security.web.FilterChainProxy$VirtualFilterChain.doFilter(FilterChainProxy.java:374)
	at org.springframework.security.web.savedrequest.RequestCacheAwareFilter.doFilter(RequestCacheAwareFilter.java:63)
	at org.springframework.security.web.FilterChainProxy$VirtualFilterChain.doFilter(FilterChainProxy.java:374)
	at com.sentinel.security.JwtTokenFilter.doFilterInternal(JwtTokenFilter.java:32)
	at org.springframework.web.filter.OncePerRequestFilter.doFilter(OncePerRequestFilter.java:116)
	at org.springframework.security.web.FilterChainProxy$VirtualFilterChain.doFilter(FilterChainProxy.java:374)
	at org.springframework.security.web.authentication.logout.LogoutFilter.doFilter(LogoutFilter.java:107)
	at org.springframework.security.web.authentication.logout.LogoutFilter.doFilter(LogoutFilter.java:93)
	at org.springframework.security.web.FilterChainProxy$VirtualFilterChain.doFilter(FilterChainProxy.java:374)
	at org.springframework.web.filter.CorsFilter.doFilterInternal(CorsFilter.java:91)
	at org.springframework.web.filter.OncePerRequestFilter.doFilter(OncePerRequestFilter.java:116)
	at org.springframework.security.web.FilterChainProxy$VirtualFilterChain.doFilter(FilterChainProxy.java:374)
	at org.springframework.security.web.header.HeaderWriterFilter.doHeadersAfter(HeaderWriterFilter.java:90)
	at org.springframework.security.web.header.HeaderWriterFilter.doFilterInternal(HeaderWriterFilter.java:75)
	at org.springframework.web.filter.OncePerRequestFilter.doFilter(OncePerRequestFilter.java:116)
	at org.springframework.security.web.FilterChainProxy$VirtualFilterChain.doFilter(FilterChainProxy.java:374)
	at org.springframework.security.web.context.SecurityContextHolderFilter.doFilter(SecurityContextHolderFilter.java:82)
	at org.springframework.security.web.context.SecurityContextHolderFilter.doFilter(SecurityContextHolderFilter.java:69)
	at org.springframework.security.web.FilterChainProxy$VirtualFilterChain.doFilter(FilterChainProxy.java:374)
	at org.springframework.security.web.context.request.async.WebAsyncManagerIntegrationFilter.doFilterInternal(WebAsyncManagerIntegrationFilter.java:62)
	at org.springframework.web.filter.OncePerRequestFilter.doFilter(OncePerRequestFilter.java:116)
	at org.springframework.security.web.FilterChainProxy$VirtualFilterChain.doFilter(FilterChainProxy.java:374)
	at org.springframework.security.web.session.DisableEncodeUrlFilter.doFilterInternal(DisableEncodeUrlFilter.java:42)
	at org.springframework.web.filter.OncePerRequestFilter.doFilter(OncePerRequestFilter.java:116)
	at org.springframework.security.web.FilterChainProxy$VirtualFilterChain.doFilter(FilterChainProxy.java:374)
	at org.springframework.security.web.FilterChainProxy.doFilterInternal(FilterChainProxy.java:233)
	at org.springframework.security.web.FilterChainProxy.doFilter(FilterChainProxy.java:191)
	at org.springframework.web.filter.CompositeFilter$VirtualFilterChain.doFilter(CompositeFilter.java:113)
	at org.springframework.web.servlet.handler.HandlerMappingIntrospector.lambda$createCacheFilter$3(HandlerMappingIntrospector.java:195)
	at org.springframework.web.filter.CompositeFilter$VirtualFilterChain.doFilter(CompositeFilter.java:113)
	at org.springframework.web.filter.CompositeFilter.doFilter(CompositeFilter.java:74)
	at org.springframework.security.config.annotation.web.configuration.WebMvcSecurityConfiguration$CompositeFilterChainProxy.doFilter(WebMvcSecurityConfiguration.java:230)
	at org.springframework.web.filter.DelegatingFilterProxy.invokeDelegate(DelegatingFilterProxy.java:352)
	at org.springframework.web.filter.DelegatingFilterProxy.doFilter(DelegatingFilterProxy.java:268)
	at org.apache.catalina.core.ApplicationFilterChain.internalDoFilter(ApplicationFilterChain.java:175)
	at org.apache.catalina.core.ApplicationFilterChain.doFilter(ApplicationFilterChain.java:150)
	at org.springframework.web.filter.RequestContextFilter.doFilterInternal(RequestContextFilter.java:100)
	at org.springframework.web.filter.OncePerRequestFilter.doFilter(OncePerRequestFilter.java:116)
	at org.apache.catalina.core.ApplicationFilterChain.internalDoFilter(ApplicationFilterChain.java:175)
	at org.apache.catalina.core.ApplicationFilterChain.doFilter(ApplicationFilterChain.java:150)
	at org.springframework.web.filter.FormContentFilter.doFilterInternal(FormContentFilter.java:93)
	at org.springframework.web.filter.OncePerRequestFilter.doFilter(OncePerRequestFilter.java:116)
	at org.apache.catalina.core.ApplicationFilterChain.internalDoFilter(ApplicationFilterChain.java:175)
	at org.apache.catalina.core.ApplicationFilterChain.doFilter(ApplicationFilterChain.java:150)
	at org.springframework.web.filter.CharacterEncodingFilter.doFilterInternal(CharacterEncodingFilter.java:201)
	at org.springframework.web.filter.OncePerRequestFilter.doFilter(OncePerRequestFilter.java:116)
	at org.apache.catalina.core.ApplicationFilterChain.internalDoFilter(ApplicationFilterChain.java:175)
	at org.apache.catalina.core.ApplicationFilterChain.doFilter(ApplicationFilterChain.java:150)
	at org.apache.catalina.core.StandardWrapperValve.invoke(StandardWrapperValve.java:167)
	at org.apache.catalina.core.StandardContextValve.invoke(StandardContextValve.java:90)
	at org.apache.catalina.authenticator.AuthenticatorBase.invoke(AuthenticatorBase.java:482)
	at org.apache.catalina.core.StandardHostValve.invoke(StandardHostValve.java:115)
	at org.apache.catalina.valves.ErrorReportValve.invoke(ErrorReportValve.java:93)
	at org.apache.catalina.core.StandardEngineValve.invoke(StandardEngineValve.java:74)
	at org.apache.catalina.connector.CoyoteAdapter.service(CoyoteAdapter.java:344)
	at org.apache.coyote.http11.Http11Processor.service(Http11Processor.java:391)
	at org.apache.coyote.AbstractProcessorLight.process(AbstractProcessorLight.java:63)
	at org.apache.coyote.AbstractProtocol$ConnectionHandler.process(AbstractProtocol.java:896)
	at org.apache.tomcat.util.net.NioEndpoint$SocketProcessor.doRun(NioEndpoint.java:1736)
	at org.apache.tomcat.util.net.SocketProcessorBase.run(SocketProcessorBase.java:52)
	at org.apache.tomcat.util.threads.ThreadPoolExecutor.runWorker(ThreadPoolExecutor.java:1191)
	at org.apache.tomcat.util.threads.ThreadPoolExecutor$Worker.run(ThreadPoolExecutor.java:659)
	at org.apache.tomcat.util.threads.TaskThread$WrappingRunnable.run(TaskThread.java:63)
	at java.base/java.lang.Thread.run(Thread.java:842)
2026-05-06 12:54:20 [http-nio-5500-exec-9] ERROR o.a.c.c.C.[.[.[.[dispatcherServlet] - Servlet.service() for servlet [dispatcherServlet] in context with path [] threw exception [Handler dispatch failed: java.lang.Error: Unresolved compilation problem: 
	The method getIntervalSeconds() is undefined for the type ApiMonitor
] with root cause
java.lang.Error: Unresolved compilation problem: 
	The method getIntervalSeconds() is undefined for the type ApiMonitor

	at com.sentinel.controllers.SettingsController.getInterval(SettingsController.java:18)
	at java.base/jdk.internal.reflect.NativeMethodAccessorImpl.invoke0(Native Method)
	at java.base/jdk.internal.reflect.NativeMethodAccessorImpl.invoke(NativeMethodAccessorImpl.java:77)
	at java.base/jdk.internal.reflect.DelegatingMethodAccessorImpl.invoke(DelegatingMethodAccessorImpl.java:43)
	at java.base/java.lang.reflect.Method.invoke(Method.java:568)
	at org.springframework.web.method.support.InvocableHandlerMethod.doInvoke(InvocableHandlerMethod.java:255)
	at org.springframework.web.method.support.InvocableHandlerMethod.invokeForRequest(InvocableHandlerMethod.java:188)
	at org.springframework.web.servlet.mvc.method.annotation.ServletInvocableHandlerMethod.invokeAndHandle(ServletInvocableHandlerMethod.java:118)
	at org.springframework.web.servlet.mvc.method.annotation.RequestMappingHandlerAdapter.invokeHandlerMethod(RequestMappingHandlerAdapter.java:926)
	at org.springframework.web.servlet.mvc.method.annotation.RequestMappingHandlerAdapter.handleInternal(RequestMappingHandlerAdapter.java:831)
	at org.springframework.web.servlet.mvc.method.AbstractHandlerMethodAdapter.handle(AbstractHandlerMethodAdapter.java:87)
	at org.springframework.web.servlet.DispatcherServlet.doDispatch(DispatcherServlet.java:1089)
	at org.springframework.web.servlet.DispatcherServlet.doService(DispatcherServlet.java:979)
	at org.springframework.web.servlet.FrameworkServlet.processRequest(FrameworkServlet.java:1014)
	at org.springframework.web.servlet.FrameworkServlet.doGet(FrameworkServlet.java:903)
	at jakarta.servlet.http.HttpServlet.service(HttpServlet.java:564)
	at org.springframework.web.servlet.FrameworkServlet.service(FrameworkServlet.java:885)
	at jakarta.servlet.http.HttpServlet.service(HttpServlet.java:658)
	at org.apache.catalina.core.ApplicationFilterChain.internalDoFilter(ApplicationFilterChain.java:206)
	at org.apache.catalina.core.ApplicationFilterChain.doFilter(ApplicationFilterChain.java:150)
	at org.apache.tomcat.websocket.server.WsFilter.doFilter(WsFilter.java:51)
	at org.apache.catalina.core.ApplicationFilterChain.internalDoFilter(ApplicationFilterChain.java:175)
	at org.apache.catalina.core.ApplicationFilterChain.doFilter(ApplicationFilterChain.java:150)
	at org.springframework.web.filter.CompositeFilter$VirtualFilterChain.doFilter(CompositeFilter.java:108)
	at org.springframework.security.web.FilterChainProxy.lambda$doFilterInternal$3(FilterChainProxy.java:231)
	at org.springframework.security.web.FilterChainProxy$VirtualFilterChain.doFilter(FilterChainProxy.java:365)
	at org.springframework.security.web.access.intercept.AuthorizationFilter.doFilter(AuthorizationFilter.java:100)
	at org.springframework.security.web.FilterChainProxy$VirtualFilterChain.doFilter(FilterChainProxy.java:374)
	at org.springframework.security.web.access.ExceptionTranslationFilter.doFilter(ExceptionTranslationFilter.java:126)
	at org.springframework.security.web.access.ExceptionTranslationFilter.doFilter(ExceptionTranslationFilter.java:120)
	at org.springframework.security.web.FilterChainProxy$VirtualFilterChain.doFilter(FilterChainProxy.java:374)
	at org.springframework.security.web.session.SessionManagementFilter.doFilter(SessionManagementFilter.java:131)
	at org.springframework.security.web.session.SessionManagementFilter.doFilter(SessionManagementFilter.java:85)
	at org.springframework.security.web.FilterChainProxy$VirtualFilterChain.doFilter(FilterChainProxy.java:374)
	at org.springframework.security.web.authentication.AnonymousAuthenticationFilter.doFilter(AnonymousAuthenticationFilter.java:100)
	at org.springframework.security.web.FilterChainProxy$VirtualFilterChain.doFilter(FilterChainProxy.java:374)
	at org.springframework.security.web.servletapi.SecurityContextHolderAwareRequestFilter.doFilter(SecurityContextHolderAwareRequestFilter.java:179)
	at org.springframework.security.web.FilterChainProxy$VirtualFilterChain.doFilter(FilterChainProxy.java:374)
	at org.springframework.security.web.savedrequest.RequestCacheAwareFilter.doFilter(RequestCacheAwareFilter.java:63)
	at org.springframework.security.web.FilterChainProxy$VirtualFilterChain.doFilter(FilterChainProxy.java:374)
	at com.sentinel.security.JwtTokenFilter.doFilterInternal(JwtTokenFilter.java:32)
	at org.springframework.web.filter.OncePerRequestFilter.doFilter(OncePerRequestFilter.java:116)
	at org.springframework.security.web.FilterChainProxy$VirtualFilterChain.doFilter(FilterChainProxy.java:374)
	at org.springframework.security.web.authentication.logout.LogoutFilter.doFilter(LogoutFilter.java:107)
	at org.springframework.security.web.authentication.logout.LogoutFilter.doFilter(LogoutFilter.java:93)
	at org.springframework.security.web.FilterChainProxy$VirtualFilterChain.doFilter(FilterChainProxy.java:374)
	at org.springframework.web.filter.CorsFilter.doFilterInternal(CorsFilter.java:91)
	at org.springframework.web.filter.OncePerRequestFilter.doFilter(OncePerRequestFilter.java:116)
	at org.springframework.security.web.FilterChainProxy$VirtualFilterChain.doFilter(FilterChainProxy.java:374)
	at org.springframework.security.web.header.HeaderWriterFilter.doHeadersAfter(HeaderWriterFilter.java:90)
	at org.springframework.security.web.header.HeaderWriterFilter.doFilterInternal(HeaderWriterFilter.java:75)
	at org.springframework.web.filter.OncePerRequestFilter.doFilter(OncePerRequestFilter.java:116)
	at org.springframework.security.web.FilterChainProxy$VirtualFilterChain.doFilter(FilterChainProxy.java:374)
	at org.springframework.security.web.context.SecurityContextHolderFilter.doFilter(SecurityContextHolderFilter.java:82)
	at org.springframework.security.web.context.SecurityContextHolderFilter.doFilter(SecurityContextHolderFilter.java:69)
	at org.springframework.security.web.FilterChainProxy$VirtualFilterChain.doFilter(FilterChainProxy.java:374)
	at org.springframework.security.web.context.request.async.WebAsyncManagerIntegrationFilter.doFilterInternal(WebAsyncManagerIntegrationFilter.java:62)
	at org.springframework.web.filter.OncePerRequestFilter.doFilter(OncePerRequestFilter.java:116)
	at org.springframework.security.web.FilterChainProxy$VirtualFilterChain.doFilter(FilterChainProxy.java:374)
	at org.springframework.security.web.session.DisableEncodeUrlFilter.doFilterInternal(DisableEncodeUrlFilter.java:42)
	at org.springframework.web.filter.OncePerRequestFilter.doFilter(OncePerRequestFilter.java:116)
	at org.springframework.security.web.FilterChainProxy$VirtualFilterChain.doFilter(FilterChainProxy.java:374)
	at org.springframework.security.web.FilterChainProxy.doFilterInternal(FilterChainProxy.java:233)
	at org.springframework.security.web.FilterChainProxy.doFilter(FilterChainProxy.java:191)
	at org.springframework.web.filter.CompositeFilter$VirtualFilterChain.doFilter(CompositeFilter.java:113)
	at org.springframework.web.servlet.handler.HandlerMappingIntrospector.lambda$createCacheFilter$3(HandlerMappingIntrospector.java:195)
	at org.springframework.web.filter.CompositeFilter$VirtualFilterChain.doFilter(CompositeFilter.java:113)
	at org.springframework.web.filter.CompositeFilter.doFilter(CompositeFilter.java:74)
	at org.springframework.security.config.annotation.web.configuration.WebMvcSecurityConfiguration$CompositeFilterChainProxy.doFilter(WebMvcSecurityConfiguration.java:230)
	at org.springframework.web.filter.DelegatingFilterProxy.invokeDelegate(DelegatingFilterProxy.java:352)
	at org.springframework.web.filter.DelegatingFilterProxy.doFilter(DelegatingFilterProxy.java:268)
	at org.apache.catalina.core.ApplicationFilterChain.internalDoFilter(ApplicationFilterChain.java:175)
	at org.apache.catalina.core.ApplicationFilterChain.doFilter(ApplicationFilterChain.java:150)
	at org.springframework.web.filter.RequestContextFilter.doFilterInternal(RequestContextFilter.java:100)
	at org.springframework.web.filter.OncePerRequestFilter.doFilter(OncePerRequestFilter.java:116)
	at org.apache.catalina.core.ApplicationFilterChain.internalDoFilter(ApplicationFilterChain.java:175)
	at org.apache.catalina.core.ApplicationFilterChain.doFilter(ApplicationFilterChain.java:150)
	at org.springframework.web.filter.FormContentFilter.doFilterInternal(FormContentFilter.java:93)
	at org.springframework.web.filter.OncePerRequestFilter.doFilter(OncePerRequestFilter.java:116)
	at org.apache.catalina.core.ApplicationFilterChain.internalDoFilter(ApplicationFilterChain.java:175)
	at org.apache.catalina.core.ApplicationFilterChain.doFilter(ApplicationFilterChain.java:150)
	at org.springframework.web.filter.CharacterEncodingFilter.doFilterInternal(CharacterEncodingFilter.java:201)
	at org.springframework.web.filter.OncePerRequestFilter.doFilter(OncePerRequestFilter.java:116)
	at org.apache.catalina.core.ApplicationFilterChain.internalDoFilter(ApplicationFilterChain.java:175)
	at org.apache.catalina.core.ApplicationFilterChain.doFilter(ApplicationFilterChain.java:150)
	at org.apache.catalina.core.StandardWrapperValve.invoke(StandardWrapperValve.java:167)
	at org.apache.catalina.core.StandardContextValve.invoke(StandardContextValve.java:90)
	at org.apache.catalina.authenticator.AuthenticatorBase.invoke(AuthenticatorBase.java:482)
	at org.apache.catalina.core.StandardHostValve.invoke(StandardHostValve.java:115)
	at org.apache.catalina.valves.ErrorReportValve.invoke(ErrorReportValve.java:93)
	at org.apache.catalina.core.StandardEngineValve.invoke(StandardEngineValve.java:74)
	at org.apache.catalina.connector.CoyoteAdapter.service(CoyoteAdapter.java:344)
	at org.apache.coyote.http11.Http11Processor.service(Http11Processor.java:391)
	at org.apache.coyote.AbstractProcessorLight.process(AbstractProcessorLight.java:63)
	at org.apache.coyote.AbstractProtocol$ConnectionHandler.process(AbstractProtocol.java:896)
	at org.apache.tomcat.util.net.NioEndpoint$SocketProcessor.doRun(NioEndpoint.java:1736)
	at org.apache.tomcat.util.net.SocketProcessorBase.run(SocketProcessorBase.java:52)
	at org.apache.tomcat.util.threads.ThreadPoolExecutor.runWorker(ThreadPoolExecutor.java:1191)
	at org.apache.tomcat.util.threads.ThreadPoolExecutor$Worker.run(ThreadPoolExecutor.java:659)
	at org.apache.tomcat.util.threads.TaskThread$WrappingRunnable.run(TaskThread.java:63)
	at java.base/java.lang.Thread.run(Thread.java:842)
2026-05-06 12:55:16 [background-preinit] INFO  o.h.validator.internal.util.Version - HV000001: Hibernate Validator 8.0.1.Final
2026-05-06 12:55:16 [main] INFO  com.sentinel.SentinelApplication - Starting SentinelApplication using Java 17.0.12 with PID 7832 (A:\Projects\Santinel\backend\target\classes started by Ajay in A:\Projects\Santinel\backend)
2026-05-06 12:55:16 [main] INFO  com.sentinel.SentinelApplication - No active profile set, falling back to 1 default profile: "default"
2026-05-06 12:55:18 [main] INFO  o.s.d.r.c.RepositoryConfigurationDelegate - Bootstrapping Spring Data MongoDB repositories in DEFAULT mode.
2026-05-06 12:55:18 [main] INFO  o.s.d.r.c.RepositoryConfigurationDelegate - Finished Spring Data repository scanning in 226 ms. Found 3 MongoDB repository interfaces.
2026-05-06 12:55:19 [main] INFO  o.s.b.w.e.tomcat.TomcatWebServer - Tomcat initialized with port 5500 (http)
2026-05-06 12:55:19 [main] INFO  o.a.coyote.http11.Http11NioProtocol - Initializing ProtocolHandler ["http-nio-5500"]
2026-05-06 12:55:19 [main] INFO  o.a.catalina.core.StandardService - Starting service [Tomcat]
2026-05-06 12:55:19 [main] INFO  o.a.catalina.core.StandardEngine - Starting Servlet engine: [Apache Tomcat/10.1.20]
2026-05-06 12:55:19 [main] INFO  o.a.c.c.C.[Tomcat].[localhost].[/] - Initializing Spring embedded WebApplicationContext
2026-05-06 12:55:19 [main] INFO  o.s.b.w.s.c.ServletWebServerApplicationContext - Root WebApplicationContext: initialization completed in 2281 ms
2026-05-06 12:55:19 [main] INFO  org.mongodb.driver.cluster - Adding discovered server ac-ipegaos-shard-00-00.n6xcems.mongodb.net:27017 to client view of cluster
2026-05-06 12:55:19 [main] INFO  org.mongodb.driver.cluster - Adding discovered server ac-ipegaos-shard-00-01.n6xcems.mongodb.net:27017 to client view of cluster
2026-05-06 12:55:19 [main] INFO  org.mongodb.driver.cluster - Adding discovered server ac-ipegaos-shard-00-02.n6xcems.mongodb.net:27017 to client view of cluster
2026-05-06 12:55:19 [main] INFO  org.mongodb.driver.client - MongoClient with metadata {"application": {"name": "Cluster0"}, "driver": {"name": "mongo-java-driver|sync|spring-boot", "version": "4.11.2"}, "os": {"type": "Windows", "name": "Windows 11", "architecture": "amd64", "version": "10.0"}, "platform": "Java/Oracle Corporation/17.0.12+8-LTS-286"} created with settings MongoClientSettings{readPreference=primary, writeConcern=WriteConcern{w=null, wTimeout=null ms, journal=null}, retryWrites=true, retryReads=true, readConcern=ReadConcern{level=null}, credential=MongoCredential{mechanism=null, userName='admin', source='admin', password=<hidden>, mechanismProperties=<hidden>}, transportSettings=null, streamFactoryFactory=null, commandListeners=[], codecRegistry=ProvidersCodecRegistry{codecProviders=[ValueCodecProvider{}, BsonValueCodecProvider{}, DBRefCodecProvider{}, DBObjectCodecProvider{}, DocumentCodecProvider{}, CollectionCodecProvider{}, IterableCodecProvider{}, MapCodecProvider{}, GeoJsonCodecProvider{}, GridFSFileCodecProvider{}, Jsr310CodecProvider{}, JsonObjectCodecProvider{}, BsonCodecProvider{}, EnumCodecProvider{}, com.mongodb.client.model.mql.ExpressionCodecProvider@4b55ff0a, com.mongodb.Jep395RecordCodecProvider@46a795de, com.mongodb.KotlinCodecProvider@256a0d95]}, loggerSettings=LoggerSettings{maxDocumentLength=1000}, clusterSettings={hosts=[ac-ipegaos-shard-00-00.n6xcems.mongodb.net:27017, ac-ipegaos-shard-00-01.n6xcems.mongodb.net:27017, ac-ipegaos-shard-00-02.n6xcems.mongodb.net:27017], srvServiceName=mongodb, mode=MULTIPLE, requiredClusterType=REPLICA_SET, requiredReplicaSetName='atlas-12ucmv-shard-0', serverSelector='null', clusterListeners='[]', serverSelectionTimeout='30000 ms', localThreshold='15 ms'}, socketSettings=SocketSettings{connectTimeoutMS=10000, readTimeoutMS=0, receiveBufferSize=0, proxySettings=ProxySettings{host=null, port=null, username=null, password=null}}, heartbeatSocketSettings=SocketSettings{connectTimeoutMS=10000, readTimeoutMS=10000, receiveBufferSize=0, proxySettings=ProxySettings{host=null, port=null, username=null, password=null}}, connectionPoolSettings=ConnectionPoolSettings{maxSize=100, minSize=0, maxWaitTimeMS=120000, maxConnectionLifeTimeMS=0, maxConnectionIdleTimeMS=0, maintenanceInitialDelayMS=0, maintenanceFrequencyMS=60000, connectionPoolListeners=[], maxConnecting=2}, serverSettings=ServerSettings{heartbeatFrequencyMS=10000, minHeartbeatFrequencyMS=500, serverListeners='[]', serverMonitorListeners='[]'}, sslSettings=SslSettings{enabled=true, invalidHostNameAllowed=false, context=null}, applicationName='Cluster0', compressorList=[], uuidRepresentation=JAVA_LEGACY, serverApi=null, autoEncryptionSettings=null, dnsClient=null, inetAddressResolver=null, contextProvider=null}
2026-05-06 12:55:20 [cluster-ClusterId{value='69faecdf15ad46605530e301', description='Cluster0'}-ac-ipegaos-shard-00-02.n6xcems.mongodb.net:27017] INFO  org.mongodb.driver.cluster - Monitor thread successfully connected to server with description ServerDescription{address=ac-ipegaos-shard-00-02.n6xcems.mongodb.net:27017, type=REPLICA_SET_PRIMARY, state=CONNECTED, ok=true, minWireVersion=0, maxWireVersion=25, maxDocumentSize=16777216, logicalSessionTimeoutMinutes=30, roundTripTimeNanos=316015600, setName='atlas-12ucmv-shard-0', canonicalAddress=ac-ipegaos-shard-00-02.n6xcems.mongodb.net:27017, hosts=[ac-ipegaos-shard-00-00.n6xcems.mongodb.net:27017, ac-ipegaos-shard-00-02.n6xcems.mongodb.net:27017, ac-ipegaos-shard-00-01.n6xcems.mongodb.net:27017], passives=[], arbiters=[], primary='ac-ipegaos-shard-00-02.n6xcems.mongodb.net:27017', tagSet=TagSet{[Tag{name='availabilityZone', value='aps1-az2'}, Tag{name='cacheState', value='READY'}, Tag{name='diskState', value='READY'}, Tag{name='nodeType', value='ELECTABLE'}, Tag{name='provider', value='AWS'}, Tag{name='region', value='AP_SOUTH_1'}, Tag{name='workloadType', value='OPERATIONAL'}]}, electionId=7fffffff00000000000000de, setVersion=59, topologyVersion=TopologyVersion{processId=69f3aaf9f53630c5bd712865, counter=6}, lastWriteDate=Wed May 06 12:55:20 IST 2026, lastUpdateTimeNanos=12872026247600}
2026-05-06 12:55:20 [cluster-ClusterId{value='69faecdf15ad46605530e301', description='Cluster0'}-ac-ipegaos-shard-00-00.n6xcems.mongodb.net:27017] INFO  org.mongodb.driver.cluster - Monitor thread successfully connected to server with description ServerDescription{address=ac-ipegaos-shard-00-00.n6xcems.mongodb.net:27017, type=REPLICA_SET_SECONDARY, state=CONNECTED, ok=true, minWireVersion=0, maxWireVersion=25, maxDocumentSize=16777216, logicalSessionTimeoutMinutes=30, roundTripTimeNanos=315997000, setName='atlas-12ucmv-shard-0', canonicalAddress=ac-ipegaos-shard-00-00.n6xcems.mongodb.net:27017, hosts=[ac-ipegaos-shard-00-00.n6xcems.mongodb.net:27017, ac-ipegaos-shard-00-02.n6xcems.mongodb.net:27017, ac-ipegaos-shard-00-01.n6xcems.mongodb.net:27017], passives=[], arbiters=[], primary='ac-ipegaos-shard-00-02.n6xcems.mongodb.net:27017', tagSet=TagSet{[Tag{name='availabilityZone', value='aps1-az1'}, Tag{name='cacheState', value='READY'}, Tag{name='diskState', value='READY'}, Tag{name='nodeType', value='ELECTABLE'}, Tag{name='provider', value='AWS'}, Tag{name='region', value='AP_SOUTH_1'}, Tag{name='workloadType', value='OPERATIONAL'}]}, electionId=null, setVersion=59, topologyVersion=TopologyVersion{processId=69f3a905134fe1d7a24e0f42, counter=4}, lastWriteDate=Wed May 06 12:55:20 IST 2026, lastUpdateTimeNanos=12872026247500}
2026-05-06 12:55:20 [cluster-ClusterId{value='69faecdf15ad46605530e301', description='Cluster0'}-ac-ipegaos-shard-00-01.n6xcems.mongodb.net:27017] INFO  org.mongodb.driver.cluster - Monitor thread successfully connected to server with description ServerDescription{address=ac-ipegaos-shard-00-01.n6xcems.mongodb.net:27017, type=REPLICA_SET_SECONDARY, state=CONNECTED, ok=true, minWireVersion=0, maxWireVersion=25, maxDocumentSize=16777216, logicalSessionTimeoutMinutes=30, roundTripTimeNanos=316027500, setName='atlas-12ucmv-shard-0', canonicalAddress=ac-ipegaos-shard-00-01.n6xcems.mongodb.net:27017, hosts=[ac-ipegaos-shard-00-00.n6xcems.mongodb.net:27017, ac-ipegaos-shard-00-02.n6xcems.mongodb.net:27017, ac-ipegaos-shard-00-01.n6xcems.mongodb.net:27017], passives=[], arbiters=[], primary='ac-ipegaos-shard-00-02.n6xcems.mongodb.net:27017', tagSet=TagSet{[Tag{name='availabilityZone', value='aps1-az3'}, Tag{name='cacheState', value='READY'}, Tag{name='diskState', value='READY'}, Tag{name='nodeType', value='ELECTABLE'}, Tag{name='provider', value='AWS'}, Tag{name='region', value='AP_SOUTH_1'}, Tag{name='workloadType', value='OPERATIONAL'}]}, electionId=null, setVersion=59, topologyVersion=TopologyVersion{processId=69f3ad64c76752dcd71912a2, counter=3}, lastWriteDate=Wed May 06 12:55:20 IST 2026, lastUpdateTimeNanos=12872026247500}
2026-05-06 12:55:20 [cluster-ClusterId{value='69faecdf15ad46605530e301', description='Cluster0'}-ac-ipegaos-shard-00-02.n6xcems.mongodb.net:27017] INFO  org.mongodb.driver.cluster - Discovered replica set primary ac-ipegaos-shard-00-02.n6xcems.mongodb.net:27017 with max election id 7fffffff00000000000000de and max set version 59
2026-05-06 12:55:20 [main] INFO  com.sentinel.engine.ApiMonitor - Initializing global fleet surveillance protocols...
2026-05-06 12:55:20 [main] INFO  com.sentinel.engine.ApiMonitor - Scheduling surveillance for Test Service | Protocol Frequency: 30s
2026-05-06 12:55:20 [main] INFO  com.sentinel.engine.ApiMonitor - Scheduling surveillance for Sentinel API | Protocol Frequency: 30s
2026-05-06 12:55:20 [main] INFO  com.sentinel.engine.ApiMonitor - Scheduling surveillance for JSONPlaceholder | Protocol Frequency: 30s
2026-05-06 12:55:20 [main] INFO  com.sentinel.engine.ApiMonitor - Scheduling surveillance for JSONPlaceholder | Protocol Frequency: 30s
2026-05-06 12:55:20 [main] INFO  com.sentinel.engine.ApiMonitor - Scheduling surveillance for fvwrg | Protocol Frequency: 30s
2026-05-06 12:55:20 [main] INFO  com.sentinel.engine.ApiMonitor - Scheduling surveillance for JSONPlaceholder Test | Protocol Frequency: 30s
2026-05-06 12:55:20 [main] INFO  com.sentinel.engine.ApiMonitor - Scheduling surveillance for JSONPlaceholder Test | Protocol Frequency: 30s
2026-05-06 12:55:20 [main] INFO  com.sentinel.engine.ApiMonitor - Scheduling surveillance for JSONPlaceholder Fleet | Protocol Frequency: 30s
2026-05-06 12:55:20 [main] WARN  o.s.b.a.s.s.UserDetailsServiceAutoConfiguration - 

Using generated security password: 37b8a8be-95a5-4904-97cf-6227de6950ca

This generated password is for development use only. Your security configuration must be updated before running your application in production.

2026-05-06 12:55:21 [main] INFO  o.s.s.web.DefaultSecurityFilterChain - Will secure any request with [org.springframework.security.web.session.DisableEncodeUrlFilter@3caf5c96, org.springframework.security.web.context.request.async.WebAsyncManagerIntegrationFilter@5b3755f4, org.springframework.security.web.context.SecurityContextHolderFilter@a047bdb, org.springframework.security.web.header.HeaderWriterFilter@3451fc88, org.springframework.web.filter.CorsFilter@37d3aa8c, org.springframework.security.web.authentication.logout.LogoutFilter@225e09f0, com.sentinel.security.JwtTokenFilter@5dd747c1, org.springframework.security.web.savedrequest.RequestCacheAwareFilter@7856f41a, org.springframework.security.web.servletapi.SecurityContextHolderAwareRequestFilter@5fbae40, org.springframework.security.web.authentication.AnonymousAuthenticationFilter@1bdafb01, org.springframework.security.web.session.SessionManagementFilter@ff2266c, org.springframework.security.web.access.ExceptionTranslationFilter@64c95480, org.springframework.security.web.access.intercept.AuthorizationFilter@59f7c106]
2026-05-06 12:55:21 [main] INFO  o.a.coyote.http11.Http11NioProtocol - Starting ProtocolHandler ["http-nio-5500"]
2026-05-06 12:55:21 [main] WARN  o.s.b.w.s.c.AnnotationConfigServletWebServerApplicationContext - Exception encountered during context initialization - cancelling refresh attempt: org.springframework.context.ApplicationContextException: Failed to start bean 'webServerStartStop'
2026-05-06 12:55:21 [main] INFO  com.sentinel.engine.ApiMonitor - Deactivating all active surveillance signals...
2026-05-06 12:55:21 [main] INFO  o.s.b.a.l.ConditionEvaluationReportLogger - 

Error starting ApplicationContext. To display the condition evaluation report re-run your application with 'debug' enabled.
2026-05-06 12:55:22 [main] ERROR o.s.b.d.LoggingFailureAnalysisReporter - 

***************************
APPLICATION FAILED TO START
***************************

Description:

Web server failed to start. Port 5500 was already in use.

Action:

Identify and stop the process that's listening on port 5500 or configure this application to listen on another port.

2026-05-06 12:56:53 [background-preinit] INFO  o.h.validator.internal.util.Version - HV000001: Hibernate Validator 8.0.1.Final
2026-05-06 12:56:53 [main] INFO  com.sentinel.SentinelApplication - Starting SentinelApplication using Java 17.0.12 with PID 21456 (A:\Projects\Santinel\backend\target\classes started by Ajay in A:\Projects\Santinel\backend)
2026-05-06 12:56:53 [main] INFO  com.sentinel.SentinelApplication - No active profile set, falling back to 1 default profile: "default"
2026-05-06 12:56:54 [main] INFO  o.s.d.r.c.RepositoryConfigurationDelegate - Bootstrapping Spring Data MongoDB repositories in DEFAULT mode.
2026-05-06 12:56:54 [main] INFO  o.s.d.r.c.RepositoryConfigurationDelegate - Finished Spring Data repository scanning in 223 ms. Found 3 MongoDB repository interfaces.
2026-05-06 12:56:55 [main] INFO  o.s.b.w.e.tomcat.TomcatWebServer - Tomcat initialized with port 5500 (http)
2026-05-06 12:56:55 [main] INFO  o.a.coyote.http11.Http11NioProtocol - Initializing ProtocolHandler ["http-nio-5500"]
2026-05-06 12:56:55 [main] INFO  o.a.catalina.core.StandardService - Starting service [Tomcat]
2026-05-06 12:56:55 [main] INFO  o.a.catalina.core.StandardEngine - Starting Servlet engine: [Apache Tomcat/10.1.20]
2026-05-06 12:56:55 [main] INFO  o.a.c.c.C.[Tomcat].[localhost].[/] - Initializing Spring embedded WebApplicationContext
2026-05-06 12:56:55 [main] INFO  o.s.b.w.s.c.ServletWebServerApplicationContext - Root WebApplicationContext: initialization completed in 2178 ms
2026-05-06 12:56:55 [main] INFO  org.mongodb.driver.cluster - Adding discovered server ac-ipegaos-shard-00-00.n6xcems.mongodb.net:27017 to client view of cluster
2026-05-06 12:56:55 [main] INFO  org.mongodb.driver.cluster - Adding discovered server ac-ipegaos-shard-00-01.n6xcems.mongodb.net:27017 to client view of cluster
2026-05-06 12:56:55 [main] INFO  org.mongodb.driver.cluster - Adding discovered server ac-ipegaos-shard-00-02.n6xcems.mongodb.net:27017 to client view of cluster
2026-05-06 12:56:55 [main] INFO  org.mongodb.driver.client - MongoClient with metadata {"application": {"name": "Cluster0"}, "driver": {"name": "mongo-java-driver|sync|spring-boot", "version": "4.11.2"}, "os": {"type": "Windows", "name": "Windows 11", "architecture": "amd64", "version": "10.0"}, "platform": "Java/Oracle Corporation/17.0.12+8-LTS-286"} created with settings MongoClientSettings{readPreference=primary, writeConcern=WriteConcern{w=null, wTimeout=null ms, journal=null}, retryWrites=true, retryReads=true, readConcern=ReadConcern{level=null}, credential=MongoCredential{mechanism=null, userName='admin', source='admin', password=<hidden>, mechanismProperties=<hidden>}, transportSettings=null, streamFactoryFactory=null, commandListeners=[], codecRegistry=ProvidersCodecRegistry{codecProviders=[ValueCodecProvider{}, BsonValueCodecProvider{}, DBRefCodecProvider{}, DBObjectCodecProvider{}, DocumentCodecProvider{}, CollectionCodecProvider{}, IterableCodecProvider{}, MapCodecProvider{}, GeoJsonCodecProvider{}, GridFSFileCodecProvider{}, Jsr310CodecProvider{}, JsonObjectCodecProvider{}, BsonCodecProvider{}, EnumCodecProvider{}, com.mongodb.client.model.mql.ExpressionCodecProvider@613f7eb7, com.mongodb.Jep395RecordCodecProvider@565aa4ac, com.mongodb.KotlinCodecProvider@587c5c1]}, loggerSettings=LoggerSettings{maxDocumentLength=1000}, clusterSettings={hosts=[ac-ipegaos-shard-00-00.n6xcems.mongodb.net:27017, ac-ipegaos-shard-00-01.n6xcems.mongodb.net:27017, ac-ipegaos-shard-00-02.n6xcems.mongodb.net:27017], srvServiceName=mongodb, mode=MULTIPLE, requiredClusterType=REPLICA_SET, requiredReplicaSetName='atlas-12ucmv-shard-0', serverSelector='null', clusterListeners='[]', serverSelectionTimeout='30000 ms', localThreshold='15 ms'}, socketSettings=SocketSettings{connectTimeoutMS=10000, readTimeoutMS=0, receiveBufferSize=0, proxySettings=ProxySettings{host=null, port=null, username=null, password=null}}, heartbeatSocketSettings=SocketSettings{connectTimeoutMS=10000, readTimeoutMS=10000, receiveBufferSize=0, proxySettings=ProxySettings{host=null, port=null, username=null, password=null}}, connectionPoolSettings=ConnectionPoolSettings{maxSize=100, minSize=0, maxWaitTimeMS=120000, maxConnectionLifeTimeMS=0, maxConnectionIdleTimeMS=0, maintenanceInitialDelayMS=0, maintenanceFrequencyMS=60000, connectionPoolListeners=[], maxConnecting=2}, serverSettings=ServerSettings{heartbeatFrequencyMS=10000, minHeartbeatFrequencyMS=500, serverListeners='[]', serverMonitorListeners='[]'}, sslSettings=SslSettings{enabled=true, invalidHostNameAllowed=false, context=null}, applicationName='Cluster0', compressorList=[], uuidRepresentation=JAVA_LEGACY, serverApi=null, autoEncryptionSettings=null, dnsClient=null, inetAddressResolver=null, contextProvider=null}
2026-05-06 12:56:56 [cluster-ClusterId{value='69faed3fefbe2c51fb4ffe31', description='Cluster0'}-ac-ipegaos-shard-00-00.n6xcems.mongodb.net:27017] INFO  org.mongodb.driver.cluster - Monitor thread successfully connected to server with description ServerDescription{address=ac-ipegaos-shard-00-00.n6xcems.mongodb.net:27017, type=REPLICA_SET_SECONDARY, state=CONNECTED, ok=true, minWireVersion=0, maxWireVersion=25, maxDocumentSize=16777216, logicalSessionTimeoutMinutes=30, roundTripTimeNanos=313601900, setName='atlas-12ucmv-shard-0', canonicalAddress=ac-ipegaos-shard-00-00.n6xcems.mongodb.net:27017, hosts=[ac-ipegaos-shard-00-00.n6xcems.mongodb.net:27017, ac-ipegaos-shard-00-02.n6xcems.mongodb.net:27017, ac-ipegaos-shard-00-01.n6xcems.mongodb.net:27017], passives=[], arbiters=[], primary='ac-ipegaos-shard-00-02.n6xcems.mongodb.net:27017', tagSet=TagSet{[Tag{name='availabilityZone', value='aps1-az1'}, Tag{name='cacheState', value='READY'}, Tag{name='diskState', value='READY'}, Tag{name='nodeType', value='ELECTABLE'}, Tag{name='provider', value='AWS'}, Tag{name='region', value='AP_SOUTH_1'}, Tag{name='workloadType', value='OPERATIONAL'}]}, electionId=null, setVersion=59, topologyVersion=TopologyVersion{processId=69f3a905134fe1d7a24e0f42, counter=4}, lastWriteDate=Wed May 06 12:56:56 IST 2026, lastUpdateTimeNanos=12968180512800}
2026-05-06 12:56:56 [cluster-ClusterId{value='69faed3fefbe2c51fb4ffe31', description='Cluster0'}-ac-ipegaos-shard-00-02.n6xcems.mongodb.net:27017] INFO  org.mongodb.driver.cluster - Monitor thread successfully connected to server with description ServerDescription{address=ac-ipegaos-shard-00-02.n6xcems.mongodb.net:27017, type=REPLICA_SET_PRIMARY, state=CONNECTED, ok=true, minWireVersion=0, maxWireVersion=25, maxDocumentSize=16777216, logicalSessionTimeoutMinutes=30, roundTripTimeNanos=316618800, setName='atlas-12ucmv-shard-0', canonicalAddress=ac-ipegaos-shard-00-02.n6xcems.mongodb.net:27017, hosts=[ac-ipegaos-shard-00-00.n6xcems.mongodb.net:27017, ac-ipegaos-shard-00-02.n6xcems.mongodb.net:27017, ac-ipegaos-shard-00-01.n6xcems.mongodb.net:27017], passives=[], arbiters=[], primary='ac-ipegaos-shard-00-02.n6xcems.mongodb.net:27017', tagSet=TagSet{[Tag{name='availabilityZone', value='aps1-az2'}, Tag{name='cacheState', value='READY'}, Tag{name='diskState', value='READY'}, Tag{name='nodeType', value='ELECTABLE'}, Tag{name='provider', value='AWS'}, Tag{name='region', value='AP_SOUTH_1'}, Tag{name='workloadType', value='OPERATIONAL'}]}, electionId=7fffffff00000000000000de, setVersion=59, topologyVersion=TopologyVersion{processId=69f3aaf9f53630c5bd712865, counter=6}, lastWriteDate=Wed May 06 12:56:56 IST 2026, lastUpdateTimeNanos=12968180512400}
2026-05-06 12:56:56 [cluster-ClusterId{value='69faed3fefbe2c51fb4ffe31', description='Cluster0'}-ac-ipegaos-shard-00-01.n6xcems.mongodb.net:27017] INFO  org.mongodb.driver.cluster - Monitor thread successfully connected to server with description ServerDescription{address=ac-ipegaos-shard-00-01.n6xcems.mongodb.net:27017, type=REPLICA_SET_SECONDARY, state=CONNECTED, ok=true, minWireVersion=0, maxWireVersion=25, maxDocumentSize=16777216, logicalSessionTimeoutMinutes=30, roundTripTimeNanos=316635000, setName='atlas-12ucmv-shard-0', canonicalAddress=ac-ipegaos-shard-00-01.n6xcems.mongodb.net:27017, hosts=[ac-ipegaos-shard-00-00.n6xcems.mongodb.net:27017, ac-ipegaos-shard-00-02.n6xcems.mongodb.net:27017, ac-ipegaos-shard-00-01.n6xcems.mongodb.net:27017], passives=[], arbiters=[], primary='ac-ipegaos-shard-00-02.n6xcems.mongodb.net:27017', tagSet=TagSet{[Tag{name='availabilityZone', value='aps1-az3'}, Tag{name='cacheState', value='READY'}, Tag{name='diskState', value='READY'}, Tag{name='nodeType', value='ELECTABLE'}, Tag{name='provider', value='AWS'}, Tag{name='region', value='AP_SOUTH_1'}, Tag{name='workloadType', value='OPERATIONAL'}]}, electionId=null, setVersion=59, topologyVersion=TopologyVersion{processId=69f3ad64c76752dcd71912a2, counter=3}, lastWriteDate=Wed May 06 12:56:56 IST 2026, lastUpdateTimeNanos=12968180512500}
2026-05-06 12:56:56 [cluster-ClusterId{value='69faed3fefbe2c51fb4ffe31', description='Cluster0'}-ac-ipegaos-shard-00-02.n6xcems.mongodb.net:27017] INFO  org.mongodb.driver.cluster - Discovered replica set primary ac-ipegaos-shard-00-02.n6xcems.mongodb.net:27017 with max election id 7fffffff00000000000000de and max set version 59
2026-05-06 12:56:56 [main] INFO  com.sentinel.engine.ApiMonitor - Initializing global fleet surveillance protocols...
2026-05-06 12:56:56 [main] INFO  com.sentinel.engine.ApiMonitor - Scheduling surveillance for Test Service | Protocol Frequency: 30s
2026-05-06 12:56:56 [main] INFO  com.sentinel.engine.ApiMonitor - Scheduling surveillance for Sentinel API | Protocol Frequency: 30s
2026-05-06 12:56:56 [main] INFO  com.sentinel.engine.ApiMonitor - Scheduling surveillance for JSONPlaceholder | Protocol Frequency: 30s
2026-05-06 12:56:56 [main] INFO  com.sentinel.engine.ApiMonitor - Scheduling surveillance for JSONPlaceholder | Protocol Frequency: 30s
2026-05-06 12:56:56 [main] INFO  com.sentinel.engine.ApiMonitor - Scheduling surveillance for fvwrg | Protocol Frequency: 30s
2026-05-06 12:56:56 [main] INFO  com.sentinel.engine.ApiMonitor - Scheduling surveillance for JSONPlaceholder Test | Protocol Frequency: 30s
2026-05-06 12:56:56 [main] INFO  com.sentinel.engine.ApiMonitor - Scheduling surveillance for JSONPlaceholder Test | Protocol Frequency: 30s
2026-05-06 12:56:56 [main] INFO  com.sentinel.engine.ApiMonitor - Scheduling surveillance for JSONPlaceholder Fleet | Protocol Frequency: 30s
2026-05-06 12:56:57 [main] WARN  o.s.b.a.s.s.UserDetailsServiceAutoConfiguration - 

Using generated security password: 20e43683-9ae9-4732-852a-799248e8c072

This generated password is for development use only. Your security configuration must be updated before running your application in production.

2026-05-06 12:56:57 [main] INFO  o.s.s.web.DefaultSecurityFilterChain - Will secure any request with [org.springframework.security.web.session.DisableEncodeUrlFilter@78d6c244, org.springframework.security.web.context.request.async.WebAsyncManagerIntegrationFilter@448086ab, org.springframework.security.web.context.SecurityContextHolderFilter@64c95480, org.springframework.security.web.header.HeaderWriterFilter@69d2fb0a, org.springframework.web.filter.CorsFilter@16e907b6, org.springframework.security.web.authentication.logout.LogoutFilter@1b8d20e6, com.sentinel.security.JwtTokenFilter@6de610c6, org.springframework.security.web.savedrequest.RequestCacheAwareFilter@3451fc88, org.springframework.security.web.servletapi.SecurityContextHolderAwareRequestFilter@1e0294a7, org.springframework.security.web.authentication.AnonymousAuthenticationFilter@23ec2bdc, org.springframework.security.web.session.SessionManagementFilter@2804b13f, org.springframework.security.web.access.ExceptionTranslationFilter@1de30c31, org.springframework.security.web.access.intercept.AuthorizationFilter@186481d4]
2026-05-06 12:56:57 [main] INFO  o.a.coyote.http11.Http11NioProtocol - Starting ProtocolHandler ["http-nio-5500"]
2026-05-06 12:56:57 [main] INFO  o.s.b.w.e.tomcat.TomcatWebServer - Tomcat started on port 5500 (http) with context path ''
2026-05-06 12:56:57 [main] INFO  com.sentinel.SentinelApplication - Started SentinelApplication in 5.424 seconds (process running for 6.068)
2026-05-06 12:57:06 [http-nio-5500-exec-1] INFO  o.a.c.c.C.[Tomcat].[localhost].[/] - Initializing Spring DispatcherServlet 'dispatcherServlet'
2026-05-06 12:57:06 [http-nio-5500-exec-1] INFO  o.s.web.servlet.DispatcherServlet - Initializing Servlet 'dispatcherServlet'
2026-05-06 12:57:06 [http-nio-5500-exec-1] INFO  o.s.web.servlet.DispatcherServlet - Completed initialization in 1 ms
2026-05-06 13:14:00 [http-nio-5500-exec-1] INFO  com.sentinel.engine.ApiMonitor - Scheduling surveillance for Doggo  | Protocol Frequency: 30s
2026-05-06 14:10:30 [cluster-ClusterId{value='69faed3fefbe2c51fb4ffe31', description='Cluster0'}-ac-ipegaos-shard-00-00.n6xcems.mongodb.net:27017] INFO  org.mongodb.driver.cluster - Exception in monitor thread while connecting to server ac-ipegaos-shard-00-00.n6xcems.mongodb.net:27017
com.mongodb.MongoSocketReadException: Exception receiving message
	at com.mongodb.internal.connection.InternalStreamConnection.translateReadException(InternalStreamConnection.java:730)
	at com.mongodb.internal.connection.InternalStreamConnection.receiveMessageWithAdditionalTimeout(InternalStreamConnection.java:606)
	at com.mongodb.internal.connection.InternalStreamConnection.receiveCommandMessageResponse(InternalStreamConnection.java:451)
	at com.mongodb.internal.connection.InternalStreamConnection.receive(InternalStreamConnection.java:404)
	at com.mongodb.internal.connection.DefaultServerMonitor$ServerMonitorRunnable.lookupServerDescription(DefaultServerMonitor.java:221)
	at com.mongodb.internal.connection.DefaultServerMonitor$ServerMonitorRunnable.run(DefaultServerMonitor.java:153)
	at java.base/java.lang.Thread.run(Thread.java:842)
Caused by: java.net.SocketException: Connection reset
	at java.base/sun.nio.ch.NioSocketImpl.implRead(NioSocketImpl.java:328)
	at java.base/sun.nio.ch.NioSocketImpl.read(NioSocketImpl.java:355)
	at java.base/sun.nio.ch.NioSocketImpl$1.read(NioSocketImpl.java:808)
	at java.base/java.net.Socket$SocketInputStream.read(Socket.java:966)
	at java.base/sun.security.ssl.SSLSocketInputRecord.read(SSLSocketInputRecord.java:484)
	at java.base/sun.security.ssl.SSLSocketInputRecord.readHeader(SSLSocketInputRecord.java:478)
	at java.base/sun.security.ssl.SSLSocketInputRecord.bytesInCompletePacket(SSLSocketInputRecord.java:70)
	at java.base/sun.security.ssl.SSLSocketImpl.readApplicationRecord(SSLSocketImpl.java:1461)
	at java.base/sun.security.ssl.SSLSocketImpl$AppInputStream.read(SSLSocketImpl.java:1065)
	at com.mongodb.internal.connection.SocketStream.read(SocketStream.java:175)
	at com.mongodb.internal.connection.SocketStream.read(SocketStream.java:200)
	at com.mongodb.internal.connection.InternalStreamConnection.receiveResponseBuffers(InternalStreamConnection.java:739)
	at com.mongodb.internal.connection.InternalStreamConnection.receiveMessageWithAdditionalTimeout(InternalStreamConnection.java:603)
	... 5 common frames omitted
2026-05-06 14:10:30 [cluster-ClusterId{value='69faed3fefbe2c51fb4ffe31', description='Cluster0'}-ac-ipegaos-shard-00-02.n6xcems.mongodb.net:27017] INFO  org.mongodb.driver.cluster - Exception in monitor thread while connecting to server ac-ipegaos-shard-00-02.n6xcems.mongodb.net:27017
com.mongodb.MongoSocketReadException: Exception receiving message
	at com.mongodb.internal.connection.InternalStreamConnection.translateReadException(InternalStreamConnection.java:730)
	at com.mongodb.internal.connection.InternalStreamConnection.receiveMessageWithAdditionalTimeout(InternalStreamConnection.java:606)
	at com.mongodb.internal.connection.InternalStreamConnection.receiveCommandMessageResponse(InternalStreamConnection.java:451)
	at com.mongodb.internal.connection.InternalStreamConnection.receive(InternalStreamConnection.java:404)
	at com.mongodb.internal.connection.DefaultServerMonitor$ServerMonitorRunnable.lookupServerDescription(DefaultServerMonitor.java:221)
	at com.mongodb.internal.connection.DefaultServerMonitor$ServerMonitorRunnable.run(DefaultServerMonitor.java:153)
	at java.base/java.lang.Thread.run(Thread.java:842)
Caused by: java.net.SocketException: Connection reset
	at java.base/sun.nio.ch.NioSocketImpl.implRead(NioSocketImpl.java:328)
	at java.base/sun.nio.ch.NioSocketImpl.read(NioSocketImpl.java:355)
	at java.base/sun.nio.ch.NioSocketImpl$1.read(NioSocketImpl.java:808)
	at java.base/java.net.Socket$SocketInputStream.read(Socket.java:966)
	at java.base/sun.security.ssl.SSLSocketInputRecord.read(SSLSocketInputRecord.java:484)
	at java.base/sun.security.ssl.SSLSocketInputRecord.readHeader(SSLSocketInputRecord.java:478)
	at java.base/sun.security.ssl.SSLSocketInputRecord.bytesInCompletePacket(SSLSocketInputRecord.java:70)
	at java.base/sun.security.ssl.SSLSocketImpl.readApplicationRecord(SSLSocketImpl.java:1461)
	at java.base/sun.security.ssl.SSLSocketImpl$AppInputStream.read(SSLSocketImpl.java:1065)
	at com.mongodb.internal.connection.SocketStream.read(SocketStream.java:175)
	at com.mongodb.internal.connection.SocketStream.read(SocketStream.java:200)
	at com.mongodb.internal.connection.InternalStreamConnection.receiveResponseBuffers(InternalStreamConnection.java:739)
	at com.mongodb.internal.connection.InternalStreamConnection.receiveMessageWithAdditionalTimeout(InternalStreamConnection.java:603)
	... 5 common frames omitted
2026-05-06 14:10:30 [cluster-ClusterId{value='69faed3fefbe2c51fb4ffe31', description='Cluster0'}-ac-ipegaos-shard-00-01.n6xcems.mongodb.net:27017] INFO  org.mongodb.driver.cluster - Exception in monitor thread while connecting to server ac-ipegaos-shard-00-01.n6xcems.mongodb.net:27017
com.mongodb.MongoSocketReadException: Exception receiving message
	at com.mongodb.internal.connection.InternalStreamConnection.translateReadException(InternalStreamConnection.java:730)
	at com.mongodb.internal.connection.InternalStreamConnection.receiveMessageWithAdditionalTimeout(InternalStreamConnection.java:606)
	at com.mongodb.internal.connection.InternalStreamConnection.receiveCommandMessageResponse(InternalStreamConnection.java:451)
	at com.mongodb.internal.connection.InternalStreamConnection.receive(InternalStreamConnection.java:404)
	at com.mongodb.internal.connection.DefaultServerMonitor$ServerMonitorRunnable.lookupServerDescription(DefaultServerMonitor.java:221)
	at com.mongodb.internal.connection.DefaultServerMonitor$ServerMonitorRunnable.run(DefaultServerMonitor.java:153)
	at java.base/java.lang.Thread.run(Thread.java:842)
Caused by: java.net.SocketException: Connection reset
	at java.base/sun.nio.ch.NioSocketImpl.implRead(NioSocketImpl.java:328)
	at java.base/sun.nio.ch.NioSocketImpl.read(NioSocketImpl.java:355)
	at java.base/sun.nio.ch.NioSocketImpl$1.read(NioSocketImpl.java:808)
	at java.base/java.net.Socket$SocketInputStream.read(Socket.java:966)
	at java.base/sun.security.ssl.SSLSocketInputRecord.read(SSLSocketInputRecord.java:484)
	at java.base/sun.security.ssl.SSLSocketInputRecord.readHeader(SSLSocketInputRecord.java:478)
	at java.base/sun.security.ssl.SSLSocketInputRecord.bytesInCompletePacket(SSLSocketInputRecord.java:70)
	at java.base/sun.security.ssl.SSLSocketImpl.readApplicationRecord(SSLSocketImpl.java:1461)
	at java.base/sun.security.ssl.SSLSocketImpl$AppInputStream.read(SSLSocketImpl.java:1065)
	at com.mongodb.internal.connection.SocketStream.read(SocketStream.java:175)
	at com.mongodb.internal.connection.SocketStream.read(SocketStream.java:200)
	at com.mongodb.internal.connection.InternalStreamConnection.receiveResponseBuffers(InternalStreamConnection.java:739)
	at com.mongodb.internal.connection.InternalStreamConnection.receiveMessageWithAdditionalTimeout(InternalStreamConnection.java:603)
	... 5 common frames omitted
2026-05-06 14:10:30 [cluster-ClusterId{value='69faed3fefbe2c51fb4ffe31', description='Cluster0'}-ac-ipegaos-shard-00-01.n6xcems.mongodb.net:27017] INFO  org.mongodb.driver.cluster - Monitor thread successfully connected to server with description ServerDescription{address=ac-ipegaos-shard-00-01.n6xcems.mongodb.net:27017, type=REPLICA_SET_SECONDARY, state=CONNECTED, ok=true, minWireVersion=0, maxWireVersion=25, maxDocumentSize=16777216, logicalSessionTimeoutMinutes=30, roundTripTimeNanos=179132800, setName='atlas-12ucmv-shard-0', canonicalAddress=ac-ipegaos-shard-00-01.n6xcems.mongodb.net:27017, hosts=[ac-ipegaos-shard-00-00.n6xcems.mongodb.net:27017, ac-ipegaos-shard-00-02.n6xcems.mongodb.net:27017, ac-ipegaos-shard-00-01.n6xcems.mongodb.net:27017], passives=[], arbiters=[], primary='ac-ipegaos-shard-00-02.n6xcems.mongodb.net:27017', tagSet=TagSet{[Tag{name='availabilityZone', value='aps1-az3'}, Tag{name='cacheState', value='READY'}, Tag{name='diskState', value='READY'}, Tag{name='nodeType', value='ELECTABLE'}, Tag{name='provider', value='AWS'}, Tag{name='region', value='AP_SOUTH_1'}, Tag{name='workloadType', value='OPERATIONAL'}]}, electionId=null, setVersion=59, topologyVersion=TopologyVersion{processId=69f3ad64c76752dcd71912a2, counter=3}, lastWriteDate=Wed May 06 14:10:30 IST 2026, lastUpdateTimeNanos=17382722997500}
2026-05-06 14:10:31 [cluster-ClusterId{value='69faed3fefbe2c51fb4ffe31', description='Cluster0'}-ac-ipegaos-shard-00-00.n6xcems.mongodb.net:27017] INFO  org.mongodb.driver.cluster - Monitor thread successfully connected to server with description ServerDescription{address=ac-ipegaos-shard-00-00.n6xcems.mongodb.net:27017, type=REPLICA_SET_SECONDARY, state=CONNECTED, ok=true, minWireVersion=0, maxWireVersion=25, maxDocumentSize=16777216, logicalSessionTimeoutMinutes=30, roundTripTimeNanos=169011700, setName='atlas-12ucmv-shard-0', canonicalAddress=ac-ipegaos-shard-00-00.n6xcems.mongodb.net:27017, hosts=[ac-ipegaos-shard-00-00.n6xcems.mongodb.net:27017, ac-ipegaos-shard-00-02.n6xcems.mongodb.net:27017, ac-ipegaos-shard-00-01.n6xcems.mongodb.net:27017], passives=[], arbiters=[], primary='ac-ipegaos-shard-00-02.n6xcems.mongodb.net:27017', tagSet=TagSet{[Tag{name='availabilityZone', value='aps1-az1'}, Tag{name='cacheState', value='READY'}, Tag{name='diskState', value='READY'}, Tag{name='nodeType', value='ELECTABLE'}, Tag{name='provider', value='AWS'}, Tag{name='region', value='AP_SOUTH_1'}, Tag{name='workloadType', value='OPERATIONAL'}]}, electionId=null, setVersion=59, topologyVersion=TopologyVersion{processId=69f3a905134fe1d7a24e0f42, counter=4}, lastWriteDate=Wed May 06 14:10:31 IST 2026, lastUpdateTimeNanos=17383710745000}
2026-05-06 14:10:32 [http-nio-5500-exec-7] INFO  org.mongodb.driver.cluster - No server chosen by ReadPreferenceServerSelector{readPreference=primary} from cluster description ClusterDescription{type=REPLICA_SET, connectionMode=MULTIPLE, serverDescriptions=[ServerDescription{address=ac-ipegaos-shard-00-02.n6xcems.mongodb.net:27017, type=UNKNOWN, state=CONNECTING, exception={com.mongodb.MongoSocketReadException: Exception receiving message}, caused by {java.net.SocketException: Connection reset}}, ServerDescription{address=ac-ipegaos-shard-00-00.n6xcems.mongodb.net:27017, type=REPLICA_SET_SECONDARY, state=CONNECTED, ok=true, minWireVersion=0, maxWireVersion=25, maxDocumentSize=16777216, logicalSessionTimeoutMinutes=30, roundTripTimeNanos=169011700, setName='atlas-12ucmv-shard-0', canonicalAddress=ac-ipegaos-shard-00-00.n6xcems.mongodb.net:27017, hosts=[ac-ipegaos-shard-00-00.n6xcems.mongodb.net:27017, ac-ipegaos-shard-00-02.n6xcems.mongodb.net:27017, ac-ipegaos-shard-00-01.n6xcems.mongodb.net:27017], passives=[], arbiters=[], primary='ac-ipegaos-shard-00-02.n6xcems.mongodb.net:27017', tagSet=TagSet{[Tag{name='availabilityZone', value='aps1-az1'}, Tag{name='cacheState', value='READY'}, Tag{name='diskState', value='READY'}, Tag{name='nodeType', value='ELECTABLE'}, Tag{name='provider', value='AWS'}, Tag{name='region', value='AP_SOUTH_1'}, Tag{name='workloadType', value='OPERATIONAL'}]}, electionId=null, setVersion=59, topologyVersion=TopologyVersion{processId=69f3a905134fe1d7a24e0f42, counter=4}, lastWriteDate=Wed May 06 14:10:31 IST 2026, lastUpdateTimeNanos=17383710745000}, ServerDescription{address=ac-ipegaos-shard-00-01.n6xcems.mongodb.net:27017, type=REPLICA_SET_SECONDARY, state=CONNECTED, ok=true, minWireVersion=0, maxWireVersion=25, maxDocumentSize=16777216, logicalSessionTimeoutMinutes=30, roundTripTimeNanos=179132800, setName='atlas-12ucmv-shard-0', canonicalAddress=ac-ipegaos-shard-00-01.n6xcems.mongodb.net:27017, hosts=[ac-ipegaos-shard-00-00.n6xcems.mongodb.net:27017, ac-ipegaos-shard-00-02.n6xcems.mongodb.net:27017, ac-ipegaos-shard-00-01.n6xcems.mongodb.net:27017], passives=[], arbiters=[], primary='ac-ipegaos-shard-00-02.n6xcems.mongodb.net:27017', tagSet=TagSet{[Tag{name='availabilityZone', value='aps1-az3'}, Tag{name='cacheState', value='READY'}, Tag{name='diskState', value='READY'}, Tag{name='nodeType', value='ELECTABLE'}, Tag{name='provider', value='AWS'}, Tag{name='region', value='AP_SOUTH_1'}, Tag{name='workloadType', value='OPERATIONAL'}]}, electionId=null, setVersion=59, topologyVersion=TopologyVersion{processId=69f3ad64c76752dcd71912a2, counter=3}, lastWriteDate=Wed May 06 14:10:30 IST 2026, lastUpdateTimeNanos=17382722997500}]}. Waiting for 30000 ms before timing out
2026-05-06 14:10:32 [cluster-ClusterId{value='69faed3fefbe2c51fb4ffe31', description='Cluster0'}-ac-ipegaos-shard-00-02.n6xcems.mongodb.net:27017] INFO  org.mongodb.driver.cluster - Monitor thread successfully connected to server with description ServerDescription{address=ac-ipegaos-shard-00-02.n6xcems.mongodb.net:27017, type=REPLICA_SET_PRIMARY, state=CONNECTED, ok=true, minWireVersion=0, maxWireVersion=25, maxDocumentSize=16777216, logicalSessionTimeoutMinutes=30, roundTripTimeNanos=480725600, setName='atlas-12ucmv-shard-0', canonicalAddress=ac-ipegaos-shard-00-02.n6xcems.mongodb.net:27017, hosts=[ac-ipegaos-shard-00-00.n6xcems.mongodb.net:27017, ac-ipegaos-shard-00-02.n6xcems.mongodb.net:27017, ac-ipegaos-shard-00-01.n6xcems.mongodb.net:27017], passives=[], arbiters=[], primary='ac-ipegaos-shard-00-02.n6xcems.mongodb.net:27017', tagSet=TagSet{[Tag{name='availabilityZone', value='aps1-az2'}, Tag{name='cacheState', value='READY'}, Tag{name='diskState', value='READY'}, Tag{name='nodeType', value='ELECTABLE'}, Tag{name='provider', value='AWS'}, Tag{name='region', value='AP_SOUTH_1'}, Tag{name='workloadType', value='OPERATIONAL'}]}, electionId=7fffffff00000000000000de, setVersion=59, topologyVersion=TopologyVersion{processId=69f3aaf9f53630c5bd712865, counter=6}, lastWriteDate=Wed May 06 14:10:31 IST 2026, lastUpdateTimeNanos=17384022459299}
2026-05-06 14:10:32 [cluster-ClusterId{value='69faed3fefbe2c51fb4ffe31', description='Cluster0'}-ac-ipegaos-shard-00-02.n6xcems.mongodb.net:27017] INFO  org.mongodb.driver.cluster - Discovered replica set primary ac-ipegaos-shard-00-02.n6xcems.mongodb.net:27017 with max election id 7fffffff00000000000000de and max set version 59
2026-05-06 15:18:14 [SpringApplicationShutdownHook] INFO  com.sentinel.engine.ApiMonitor - Deactivating all active surveillance signals...
2026-05-06 16:29:50 [background-preinit] INFO  o.h.validator.internal.util.Version - HV000001: Hibernate Validator 8.0.1.Final
2026-05-06 16:29:50 [main] INFO  com.sentinel.SentinelApplication - Starting SentinelApplication using Java 17.0.12 with PID 14752 (A:\Projects\Santinel\backend\target\classes started by Ajay in A:\Projects\Santinel\backend)
2026-05-06 16:29:50 [main] INFO  com.sentinel.SentinelApplication - No active profile set, falling back to 1 default profile: "default"
2026-05-06 16:29:51 [main] INFO  o.s.d.r.c.RepositoryConfigurationDelegate - Bootstrapping Spring Data MongoDB repositories in DEFAULT mode.
2026-05-06 16:29:51 [main] INFO  o.s.d.r.c.RepositoryConfigurationDelegate - Finished Spring Data repository scanning in 331 ms. Found 3 MongoDB repository interfaces.
2026-05-06 16:29:52 [main] INFO  o.s.b.w.e.tomcat.TomcatWebServer - Tomcat initialized with port 5500 (http)
2026-05-06 16:29:52 [main] INFO  o.a.coyote.http11.Http11NioProtocol - Initializing ProtocolHandler ["http-nio-5500"]
2026-05-06 16:29:52 [main] INFO  o.a.catalina.core.StandardService - Starting service [Tomcat]
2026-05-06 16:29:52 [main] INFO  o.a.catalina.core.StandardEngine - Starting Servlet engine: [Apache Tomcat/10.1.20]
2026-05-06 16:29:52 [main] INFO  o.a.c.c.C.[Tomcat].[localhost].[/] - Initializing Spring embedded WebApplicationContext
2026-05-06 16:29:52 [main] INFO  o.s.b.w.s.c.ServletWebServerApplicationContext - Root WebApplicationContext: initialization completed in 2758 ms
2026-05-06 16:29:53 [main] INFO  org.mongodb.driver.cluster - Adding discovered server ac-ipegaos-shard-00-00.n6xcems.mongodb.net:27017 to client view of cluster
2026-05-06 16:29:53 [main] INFO  org.mongodb.driver.cluster - Adding discovered server ac-ipegaos-shard-00-01.n6xcems.mongodb.net:27017 to client view of cluster
2026-05-06 16:29:53 [main] INFO  org.mongodb.driver.cluster - Adding discovered server ac-ipegaos-shard-00-02.n6xcems.mongodb.net:27017 to client view of cluster
2026-05-06 16:29:53 [main] INFO  org.mongodb.driver.client - MongoClient with metadata {"application": {"name": "Cluster0"}, "driver": {"name": "mongo-java-driver|sync|spring-boot", "version": "4.11.2"}, "os": {"type": "Windows", "name": "Windows 11", "architecture": "amd64", "version": "10.0"}, "platform": "Java/Oracle Corporation/17.0.12+8-LTS-286"} created with settings MongoClientSettings{readPreference=primary, writeConcern=WriteConcern{w=null, wTimeout=null ms, journal=null}, retryWrites=true, retryReads=true, readConcern=ReadConcern{level=null}, credential=MongoCredential{mechanism=null, userName='admin', source='admin', password=<hidden>, mechanismProperties=<hidden>}, transportSettings=null, streamFactoryFactory=null, commandListeners=[], codecRegistry=ProvidersCodecRegistry{codecProviders=[ValueCodecProvider{}, BsonValueCodecProvider{}, DBRefCodecProvider{}, DBObjectCodecProvider{}, DocumentCodecProvider{}, CollectionCodecProvider{}, IterableCodecProvider{}, MapCodecProvider{}, GeoJsonCodecProvider{}, GridFSFileCodecProvider{}, Jsr310CodecProvider{}, JsonObjectCodecProvider{}, BsonCodecProvider{}, EnumCodecProvider{}, com.mongodb.client.model.mql.ExpressionCodecProvider@6e8fdd19, com.mongodb.Jep395RecordCodecProvider@35787726, com.mongodb.KotlinCodecProvider@2199e845]}, loggerSettings=LoggerSettings{maxDocumentLength=1000}, clusterSettings={hosts=[ac-ipegaos-shard-00-00.n6xcems.mongodb.net:27017, ac-ipegaos-shard-00-01.n6xcems.mongodb.net:27017, ac-ipegaos-shard-00-02.n6xcems.mongodb.net:27017], srvServiceName=mongodb, mode=MULTIPLE, requiredClusterType=REPLICA_SET, requiredReplicaSetName='atlas-12ucmv-shard-0', serverSelector='null', clusterListeners='[]', serverSelectionTimeout='30000 ms', localThreshold='15 ms'}, socketSettings=SocketSettings{connectTimeoutMS=10000, readTimeoutMS=0, receiveBufferSize=0, proxySettings=ProxySettings{host=null, port=null, username=null, password=null}}, heartbeatSocketSettings=SocketSettings{connectTimeoutMS=10000, readTimeoutMS=10000, receiveBufferSize=0, proxySettings=ProxySettings{host=null, port=null, username=null, password=null}}, connectionPoolSettings=ConnectionPoolSettings{maxSize=100, minSize=0, maxWaitTimeMS=120000, maxConnectionLifeTimeMS=0, maxConnectionIdleTimeMS=0, maintenanceInitialDelayMS=0, maintenanceFrequencyMS=60000, connectionPoolListeners=[], maxConnecting=2}, serverSettings=ServerSettings{heartbeatFrequencyMS=10000, minHeartbeatFrequencyMS=500, serverListeners='[]', serverMonitorListeners='[]'}, sslSettings=SslSettings{enabled=true, invalidHostNameAllowed=false, context=null}, applicationName='Cluster0', compressorList=[], uuidRepresentation=JAVA_LEGACY, serverApi=null, autoEncryptionSettings=null, dnsClient=null, inetAddressResolver=null, contextProvider=null}
2026-05-06 16:29:54 [cluster-ClusterId{value='69fb1f2934fede49b81b3eec', description='Cluster0'}-ac-ipegaos-shard-00-01.n6xcems.mongodb.net:27017] INFO  org.mongodb.driver.cluster - Monitor thread successfully connected to server with description ServerDescription{address=ac-ipegaos-shard-00-01.n6xcems.mongodb.net:27017, type=REPLICA_SET_SECONDARY, state=CONNECTED, ok=true, minWireVersion=0, maxWireVersion=25, maxDocumentSize=16777216, logicalSessionTimeoutMinutes=30, roundTripTimeNanos=383778300, setName='atlas-12ucmv-shard-0', canonicalAddress=ac-ipegaos-shard-00-01.n6xcems.mongodb.net:27017, hosts=[ac-ipegaos-shard-00-00.n6xcems.mongodb.net:27017, ac-ipegaos-shard-00-02.n6xcems.mongodb.net:27017, ac-ipegaos-shard-00-01.n6xcems.mongodb.net:27017], passives=[], arbiters=[], primary='ac-ipegaos-shard-00-02.n6xcems.mongodb.net:27017', tagSet=TagSet{[Tag{name='availabilityZone', value='aps1-az3'}, Tag{name='cacheState', value='READY'}, Tag{name='diskState', value='READY'}, Tag{name='nodeType', value='ELECTABLE'}, Tag{name='provider', value='AWS'}, Tag{name='region', value='AP_SOUTH_1'}, Tag{name='workloadType', value='OPERATIONAL'}]}, electionId=null, setVersion=59, topologyVersion=TopologyVersion{processId=69f3ad64c76752dcd71912a2, counter=3}, lastWriteDate=Wed May 06 16:29:53 IST 2026, lastUpdateTimeNanos=25745864862400}
2026-05-06 16:29:54 [cluster-ClusterId{value='69fb1f2934fede49b81b3eec', description='Cluster0'}-ac-ipegaos-shard-00-00.n6xcems.mongodb.net:27017] INFO  org.mongodb.driver.cluster - Monitor thread successfully connected to server with description ServerDescription{address=ac-ipegaos-shard-00-00.n6xcems.mongodb.net:27017, type=REPLICA_SET_SECONDARY, state=CONNECTED, ok=true, minWireVersion=0, maxWireVersion=25, maxDocumentSize=16777216, logicalSessionTimeoutMinutes=30, roundTripTimeNanos=383762900, setName='atlas-12ucmv-shard-0', canonicalAddress=ac-ipegaos-shard-00-00.n6xcems.mongodb.net:27017, hosts=[ac-ipegaos-shard-00-00.n6xcems.mongodb.net:27017, ac-ipegaos-shard-00-02.n6xcems.mongodb.net:27017, ac-ipegaos-shard-00-01.n6xcems.mongodb.net:27017], passives=[], arbiters=[], primary='ac-ipegaos-shard-00-02.n6xcems.mongodb.net:27017', tagSet=TagSet{[Tag{name='availabilityZone', value='aps1-az1'}, Tag{name='cacheState', value='READY'}, Tag{name='diskState', value='READY'}, Tag{name='nodeType', value='ELECTABLE'}, Tag{name='provider', value='AWS'}, Tag{name='region', value='AP_SOUTH_1'}, Tag{name='workloadType', value='OPERATIONAL'}]}, electionId=null, setVersion=59, topologyVersion=TopologyVersion{processId=69f3a905134fe1d7a24e0f42, counter=4}, lastWriteDate=Wed May 06 16:29:53 IST 2026, lastUpdateTimeNanos=25745864862300}
2026-05-06 16:29:54 [cluster-ClusterId{value='69fb1f2934fede49b81b3eec', description='Cluster0'}-ac-ipegaos-shard-00-02.n6xcems.mongodb.net:27017] INFO  org.mongodb.driver.cluster - Monitor thread successfully connected to server with description ServerDescription{address=ac-ipegaos-shard-00-02.n6xcems.mongodb.net:27017, type=REPLICA_SET_PRIMARY, state=CONNECTED, ok=true, minWireVersion=0, maxWireVersion=25, maxDocumentSize=16777216, logicalSessionTimeoutMinutes=30, roundTripTimeNanos=383762400, setName='atlas-12ucmv-shard-0', canonicalAddress=ac-ipegaos-shard-00-02.n6xcems.mongodb.net:27017, hosts=[ac-ipegaos-shard-00-00.n6xcems.mongodb.net:27017, ac-ipegaos-shard-00-02.n6xcems.mongodb.net:27017, ac-ipegaos-shard-00-01.n6xcems.mongodb.net:27017], passives=[], arbiters=[], primary='ac-ipegaos-shard-00-02.n6xcems.mongodb.net:27017', tagSet=TagSet{[Tag{name='availabilityZone', value='aps1-az2'}, Tag{name='cacheState', value='READY'}, Tag{name='diskState', value='READY'}, Tag{name='nodeType', value='ELECTABLE'}, Tag{name='provider', value='AWS'}, Tag{name='region', value='AP_SOUTH_1'}, Tag{name='workloadType', value='OPERATIONAL'}]}, electionId=7fffffff00000000000000de, setVersion=59, topologyVersion=TopologyVersion{processId=69f3aaf9f53630c5bd712865, counter=6}, lastWriteDate=Wed May 06 16:29:53 IST 2026, lastUpdateTimeNanos=25745864862400}
2026-05-06 16:29:54 [cluster-ClusterId{value='69fb1f2934fede49b81b3eec', description='Cluster0'}-ac-ipegaos-shard-00-02.n6xcems.mongodb.net:27017] INFO  org.mongodb.driver.cluster - Discovered replica set primary ac-ipegaos-shard-00-02.n6xcems.mongodb.net:27017 with max election id 7fffffff00000000000000de and max set version 59
2026-05-06 16:29:54 [main] INFO  com.sentinel.engine.ApiMonitor - Initializing global fleet surveillance protocols...
2026-05-06 16:29:54 [main] INFO  com.sentinel.engine.ApiMonitor - Scheduling surveillance for Test Service | Protocol Frequency: 30s
2026-05-06 16:29:54 [main] INFO  com.sentinel.engine.ApiMonitor - Scheduling surveillance for Sentinel API | Protocol Frequency: 30s
2026-05-06 16:29:54 [main] INFO  com.sentinel.engine.ApiMonitor - Scheduling surveillance for JSONPlaceholder | Protocol Frequency: 30s
2026-05-06 16:29:54 [main] INFO  com.sentinel.engine.ApiMonitor - Scheduling surveillance for JSONPlaceholder | Protocol Frequency: 30s
2026-05-06 16:29:54 [main] INFO  com.sentinel.engine.ApiMonitor - Scheduling surveillance for fvwrg | Protocol Frequency: 30s
2026-05-06 16:29:54 [main] INFO  com.sentinel.engine.ApiMonitor - Scheduling surveillance for JSONPlaceholder Test | Protocol Frequency: 30s
2026-05-06 16:29:54 [main] INFO  com.sentinel.engine.ApiMonitor - Scheduling surveillance for JSONPlaceholder Test | Protocol Frequency: 30s
2026-05-06 16:29:54 [main] INFO  com.sentinel.engine.ApiMonitor - Scheduling surveillance for JSONPlaceholder Fleet | Protocol Frequency: 30s
2026-05-06 16:29:54 [main] INFO  com.sentinel.engine.ApiMonitor - Scheduling surveillance for Doggo  | Protocol Frequency: 30s
2026-05-06 16:29:54 [main] WARN  o.s.b.a.s.s.UserDetailsServiceAutoConfiguration - 

Using generated security password: b7bd220f-9294-45b8-b2f7-e85377d54080

This generated password is for development use only. Your security configuration must be updated before running your application in production.

2026-05-06 16:29:55 [main] INFO  o.s.s.web.DefaultSecurityFilterChain - Will secure any request with [org.springframework.security.web.session.DisableEncodeUrlFilter@1b8d20e6, org.springframework.security.web.context.request.async.WebAsyncManagerIntegrationFilter@e49437, org.springframework.security.web.context.SecurityContextHolderFilter@6dcbbb49, org.springframework.security.web.header.HeaderWriterFilter@2976ca51, org.springframework.web.filter.CorsFilter@7645b7d, org.springframework.security.web.authentication.logout.LogoutFilter@1c43df76, com.sentinel.security.JwtTokenFilter@4c50cd7d, org.springframework.security.web.savedrequest.RequestCacheAwareFilter@36c783ca, org.springframework.security.web.servletapi.SecurityContextHolderAwareRequestFilter@17136390, org.springframework.security.web.authentication.AnonymousAuthenticationFilter@3ea84e01, org.springframework.security.web.session.SessionManagementFilter@2e4ecdf8, org.springframework.security.web.access.ExceptionTranslationFilter@2e159116, org.springframework.security.web.access.intercept.AuthorizationFilter@709d6de5]
2026-05-06 16:29:55 [main] INFO  o.a.coyote.http11.Http11NioProtocol - Starting ProtocolHandler ["http-nio-5500"]
2026-05-06 16:29:55 [main] INFO  o.s.b.w.e.tomcat.TomcatWebServer - Tomcat started on port 5500 (http) with context path ''
2026-05-06 16:29:55 [main] INFO  com.sentinel.SentinelApplication - Started SentinelApplication in 6.599 seconds (process running for 7.339)
2026-05-06 16:30:17 [http-nio-5500-exec-1] INFO  o.a.c.c.C.[Tomcat].[localhost].[/] - Initializing Spring DispatcherServlet 'dispatcherServlet'
2026-05-06 16:30:17 [http-nio-5500-exec-1] INFO  o.s.web.servlet.DispatcherServlet - Initializing Servlet 'dispatcherServlet'
2026-05-06 16:30:17 [http-nio-5500-exec-1] INFO  o.s.web.servlet.DispatcherServlet - Completed initialization in 2 ms
2026-05-06 16:47:15 [http-nio-5500-exec-5] INFO  com.sentinel.engine.ApiMonitor - Scheduling surveillance for Charging station | Protocol Frequency: 30s
2026-05-06 16:47:38 [http-nio-5500-exec-10] INFO  com.sentinel.engine.ApiMonitor - Signal terminated for service ID: 69fb233b34fede49b81b4028
2026-05-06 16:48:01 [http-nio-5500-exec-4] INFO  com.sentinel.engine.ApiMonitor - Scheduling surveillance for Charging station | Protocol Frequency: 30s
2026-05-06 16:50:08 [http-nio-5500-exec-2] INFO  com.sentinel.engine.ApiMonitor - Signal terminated for service ID: 69fb236934fede49b81b403f
2026-05-06 16:50:56 [cluster-ClusterId{value='69fb1f2934fede49b81b3eec', description='Cluster0'}-ac-ipegaos-shard-00-01.n6xcems.mongodb.net:27017] INFO  org.mongodb.driver.cluster - Exception in monitor thread while connecting to server ac-ipegaos-shard-00-01.n6xcems.mongodb.net:27017
com.mongodb.MongoSocketReadTimeoutException: Timeout while receiving message
	at com.mongodb.internal.connection.InternalStreamConnection.translateReadException(InternalStreamConnection.java:728)
	at com.mongodb.internal.connection.InternalStreamConnection.receiveMessageWithAdditionalTimeout(InternalStreamConnection.java:606)
	at com.mongodb.internal.connection.InternalStreamConnection.receiveCommandMessageResponse(InternalStreamConnection.java:451)
	at com.mongodb.internal.connection.InternalStreamConnection.receive(InternalStreamConnection.java:404)
	at com.mongodb.internal.connection.DefaultServerMonitor$ServerMonitorRunnable.lookupServerDescription(DefaultServerMonitor.java:221)
	at com.mongodb.internal.connection.DefaultServerMonitor$ServerMonitorRunnable.run(DefaultServerMonitor.java:153)
	at java.base/java.lang.Thread.run(Thread.java:842)
Caused by: java.net.SocketTimeoutException: Read timed out
	at java.base/sun.nio.ch.NioSocketImpl.timedRead(NioSocketImpl.java:288)
	at java.base/sun.nio.ch.NioSocketImpl.implRead(NioSocketImpl.java:314)
	at java.base/sun.nio.ch.NioSocketImpl.read(NioSocketImpl.java:355)
	at java.base/sun.nio.ch.NioSocketImpl$1.read(NioSocketImpl.java:808)
	at java.base/java.net.Socket$SocketInputStream.read(Socket.java:966)
	at java.base/sun.security.ssl.SSLSocketInputRecord.read(SSLSocketInputRecord.java:484)
	at java.base/sun.security.ssl.SSLSocketInputRecord.readHeader(SSLSocketInputRecord.java:478)
	at java.base/sun.security.ssl.SSLSocketInputRecord.bytesInCompletePacket(SSLSocketInputRecord.java:70)
	at java.base/sun.security.ssl.SSLSocketImpl.readApplicationRecord(SSLSocketImpl.java:1461)
	at java.base/sun.security.ssl.SSLSocketImpl$AppInputStream.read(SSLSocketImpl.java:1065)
	at com.mongodb.internal.connection.SocketStream.read(SocketStream.java:175)
	at com.mongodb.internal.connection.SocketStream.read(SocketStream.java:200)
	at com.mongodb.internal.connection.InternalStreamConnection.receiveResponseBuffers(InternalStreamConnection.java:739)
	at com.mongodb.internal.connection.InternalStreamConnection.receiveMessageWithAdditionalTimeout(InternalStreamConnection.java:603)
	... 5 common frames omitted
2026-05-06 16:50:56 [cluster-ClusterId{value='69fb1f2934fede49b81b3eec', description='Cluster0'}-ac-ipegaos-shard-00-01.n6xcems.mongodb.net:27017] INFO  org.mongodb.driver.cluster - Monitor thread successfully connected to server with description ServerDescription{address=ac-ipegaos-shard-00-01.n6xcems.mongodb.net:27017, type=REPLICA_SET_SECONDARY, state=CONNECTED, ok=true, minWireVersion=0, maxWireVersion=25, maxDocumentSize=16777216, logicalSessionTimeoutMinutes=30, roundTripTimeNanos=66813000, setName='atlas-12ucmv-shard-0', canonicalAddress=ac-ipegaos-shard-00-01.n6xcems.mongodb.net:27017, hosts=[ac-ipegaos-shard-00-00.n6xcems.mongodb.net:27017, ac-ipegaos-shard-00-02.n6xcems.mongodb.net:27017, ac-ipegaos-shard-00-01.n6xcems.mongodb.net:27017], passives=[], arbiters=[], primary='ac-ipegaos-shard-00-02.n6xcems.mongodb.net:27017', tagSet=TagSet{[Tag{name='availabilityZone', value='aps1-az3'}, Tag{name='cacheState', value='READY'}, Tag{name='diskState', value='READY'}, Tag{name='nodeType', value='ELECTABLE'}, Tag{name='provider', value='AWS'}, Tag{name='region', value='AP_SOUTH_1'}, Tag{name='workloadType', value='OPERATIONAL'}]}, electionId=null, setVersion=59, topologyVersion=TopologyVersion{processId=69f3ad64c76752dcd71912a2, counter=3}, lastWriteDate=Wed May 06 16:50:55 IST 2026, lastUpdateTimeNanos=27007946727200}
2026-05-06 17:00:56 [cluster-ClusterId{value='69fb1f2934fede49b81b3eec', description='Cluster0'}-ac-ipegaos-shard-00-00.n6xcems.mongodb.net:27017] INFO  org.mongodb.driver.cluster - Exception in monitor thread while connecting to server ac-ipegaos-shard-00-00.n6xcems.mongodb.net:27017
com.mongodb.MongoSocketReadTimeoutException: Timeout while receiving message
	at com.mongodb.internal.connection.InternalStreamConnection.translateReadException(InternalStreamConnection.java:728)
	at com.mongodb.internal.connection.InternalStreamConnection.receiveMessageWithAdditionalTimeout(InternalStreamConnection.java:606)
	at com.mongodb.internal.connection.InternalStreamConnection.receiveCommandMessageResponse(InternalStreamConnection.java:451)
	at com.mongodb.internal.connection.InternalStreamConnection.receive(InternalStreamConnection.java:404)
	at com.mongodb.internal.connection.DefaultServerMonitor$ServerMonitorRunnable.lookupServerDescription(DefaultServerMonitor.java:221)
	at com.mongodb.internal.connection.DefaultServerMonitor$ServerMonitorRunnable.run(DefaultServerMonitor.java:153)
	at java.base/java.lang.Thread.run(Thread.java:842)
Caused by: java.net.SocketTimeoutException: Read timed out
	at java.base/sun.nio.ch.NioSocketImpl.timedRead(NioSocketImpl.java:288)
	at java.base/sun.nio.ch.NioSocketImpl.implRead(NioSocketImpl.java:314)
	at java.base/sun.nio.ch.NioSocketImpl.read(NioSocketImpl.java:355)
	at java.base/sun.nio.ch.NioSocketImpl$1.read(NioSocketImpl.java:808)
	at java.base/java.net.Socket$SocketInputStream.read(Socket.java:966)
	at java.base/sun.security.ssl.SSLSocketInputRecord.read(SSLSocketInputRecord.java:484)
	at java.base/sun.security.ssl.SSLSocketInputRecord.readHeader(SSLSocketInputRecord.java:478)
	at java.base/sun.security.ssl.SSLSocketInputRecord.bytesInCompletePacket(SSLSocketInputRecord.java:70)
	at java.base/sun.security.ssl.SSLSocketImpl.readApplicationRecord(SSLSocketImpl.java:1461)
	at java.base/sun.security.ssl.SSLSocketImpl$AppInputStream.read(SSLSocketImpl.java:1065)
	at com.mongodb.internal.connection.SocketStream.read(SocketStream.java:175)
	at com.mongodb.internal.connection.SocketStream.read(SocketStream.java:200)
	at com.mongodb.internal.connection.InternalStreamConnection.receiveResponseBuffers(InternalStreamConnection.java:739)
	at com.mongodb.internal.connection.InternalStreamConnection.receiveMessageWithAdditionalTimeout(InternalStreamConnection.java:603)
	... 5 common frames omitted
2026-05-06 17:00:59 [cluster-ClusterId{value='69fb1f2934fede49b81b3eec', description='Cluster0'}-ac-ipegaos-shard-00-00.n6xcems.mongodb.net:27017] INFO  org.mongodb.driver.cluster - Monitor thread successfully connected to server with description ServerDescription{address=ac-ipegaos-shard-00-00.n6xcems.mongodb.net:27017, type=REPLICA_SET_SECONDARY, state=CONNECTED, ok=true, minWireVersion=0, maxWireVersion=25, maxDocumentSize=16777216, logicalSessionTimeoutMinutes=30, roundTripTimeNanos=1895318400, setName='atlas-12ucmv-shard-0', canonicalAddress=ac-ipegaos-shard-00-00.n6xcems.mongodb.net:27017, hosts=[ac-ipegaos-shard-00-00.n6xcems.mongodb.net:27017, ac-ipegaos-shard-00-02.n6xcems.mongodb.net:27017, ac-ipegaos-shard-00-01.n6xcems.mongodb.net:27017], passives=[], arbiters=[], primary='ac-ipegaos-shard-00-02.n6xcems.mongodb.net:27017', tagSet=TagSet{[Tag{name='availabilityZone', value='aps1-az1'}, Tag{name='cacheState', value='READY'}, Tag{name='diskState', value='READY'}, Tag{name='nodeType', value='ELECTABLE'}, Tag{name='provider', value='AWS'}, Tag{name='region', value='AP_SOUTH_1'}, Tag{name='workloadType', value='OPERATIONAL'}]}, electionId=null, setVersion=59, topologyVersion=TopologyVersion{processId=69f3a905134fe1d7a24e0f42, counter=4}, lastWriteDate=Wed May 06 17:00:58 IST 2026, lastUpdateTimeNanos=27611520141400}
2026-05-06 17:01:56 [http-nio-5500-exec-2] INFO  com.sentinel.engine.ApiMonitor - Scheduling surveillance for golbot | Protocol Frequency: 30s
