2026-05-08 15:05:46 [background-preinit] INFO  o.h.validator.internal.util.Version - HV000001: Hibernate Validator 8.0.1.Final
2026-05-08 15:05:46 [main] INFO  com.sentinel.SentinelApplication - Starting SentinelApplication using Java 17.0.12 with PID 20700 (A:\Projects\Santinel\backend\target\classes started by Ajay in A:\Projects\Santinel\backend)
2026-05-08 15:05:46 [main] INFO  com.sentinel.SentinelApplication - No active profile set, falling back to 1 default profile: "default"
2026-05-08 15:05:47 [main] INFO  o.s.d.r.c.RepositoryConfigurationDelegate - Bootstrapping Spring Data MongoDB repositories in DEFAULT mode.
2026-05-08 15:05:48 [main] INFO  o.s.d.r.c.RepositoryConfigurationDelegate - Finished Spring Data repository scanning in 257 ms. Found 3 MongoDB repository interfaces.
2026-05-08 15:05:48 [main] INFO  o.s.b.w.e.tomcat.TomcatWebServer - Tomcat initialized with port 5500 (http)
2026-05-08 15:05:48 [main] INFO  o.a.coyote.http11.Http11NioProtocol - Initializing ProtocolHandler ["http-nio-5500"]
2026-05-08 15:05:48 [main] INFO  o.a.catalina.core.StandardService - Starting service [Tomcat]
2026-05-08 15:05:48 [main] INFO  o.a.catalina.core.StandardEngine - Starting Servlet engine: [Apache Tomcat/10.1.20]
2026-05-08 15:05:49 [main] INFO  o.a.c.c.C.[Tomcat].[localhost].[/] - Initializing Spring embedded WebApplicationContext
2026-05-08 15:05:49 [main] INFO  o.s.b.w.s.c.ServletWebServerApplicationContext - Root WebApplicationContext: initialization completed in 2207 ms
2026-05-08 15:05:49 [main] INFO  org.mongodb.driver.cluster - Adding discovered server ac-ipegaos-shard-00-00.n6xcems.mongodb.net:27017 to client view of cluster
2026-05-08 15:05:49 [main] INFO  org.mongodb.driver.cluster - Adding discovered server ac-ipegaos-shard-00-01.n6xcems.mongodb.net:27017 to client view of cluster
2026-05-08 15:05:49 [main] INFO  org.mongodb.driver.cluster - Adding discovered server ac-ipegaos-shard-00-02.n6xcems.mongodb.net:27017 to client view of cluster
2026-05-08 15:05:49 [main] INFO  org.mongodb.driver.client - MongoClient with metadata {"application": {"name": "Cluster0"}, "driver": {"name": "mongo-java-driver|sync|spring-boot", "version": "4.11.2"}, "os": {"type": "Windows", "name": "Windows 11", "architecture": "amd64", "version": "10.0"}, "platform": "Java/Oracle Corporation/17.0.12+8-LTS-286"} created with settings MongoClientSettings{readPreference=primary, writeConcern=WriteConcern{w=null, wTimeout=null ms, journal=null}, retryWrites=true, retryReads=true, readConcern=ReadConcern{level=null}, credential=MongoCredential{mechanism=null, userName='admin', source='admin', password=<hidden>, mechanismProperties=<hidden>}, transportSettings=null, streamFactoryFactory=null, commandListeners=[], codecRegistry=ProvidersCodecRegistry{codecProviders=[ValueCodecProvider{}, BsonValueCodecProvider{}, DBRefCodecProvider{}, DBObjectCodecProvider{}, DocumentCodecProvider{}, CollectionCodecProvider{}, IterableCodecProvider{}, MapCodecProvider{}, GeoJsonCodecProvider{}, GridFSFileCodecProvider{}, Jsr310CodecProvider{}, JsonObjectCodecProvider{}, BsonCodecProvider{}, EnumCodecProvider{}, com.mongodb.client.model.mql.ExpressionCodecProvider@46a795de, com.mongodb.Jep395RecordCodecProvider@256a0d95, com.mongodb.KotlinCodecProvider@2f3928ac]}, loggerSettings=LoggerSettings{maxDocumentLength=1000}, clusterSettings={hosts=[ac-ipegaos-shard-00-00.n6xcems.mongodb.net:27017, ac-ipegaos-shard-00-01.n6xcems.mongodb.net:27017, ac-ipegaos-shard-00-02.n6xcems.mongodb.net:27017], srvServiceName=mongodb, mode=MULTIPLE, requiredClusterType=REPLICA_SET, requiredReplicaSetName='atlas-12ucmv-shard-0', serverSelector='null', clusterListeners='[]', serverSelectionTimeout='30000 ms', localThreshold='15 ms'}, socketSettings=SocketSettings{connectTimeoutMS=10000, readTimeoutMS=0, receiveBufferSize=0, proxySettings=ProxySettings{host=null, port=null, username=null, password=null}}, heartbeatSocketSettings=SocketSettings{connectTimeoutMS=10000, readTimeoutMS=10000, receiveBufferSize=0, proxySettings=ProxySettings{host=null, port=null, username=null, password=null}}, connectionPoolSettings=ConnectionPoolSettings{maxSize=100, minSize=0, maxWaitTimeMS=120000, maxConnectionLifeTimeMS=0, maxConnectionIdleTimeMS=0, maintenanceInitialDelayMS=0, maintenanceFrequencyMS=60000, connectionPoolListeners=[], maxConnecting=2}, serverSettings=ServerSettings{heartbeatFrequencyMS=10000, minHeartbeatFrequencyMS=500, serverListeners='[]', serverMonitorListeners='[]'}, sslSettings=SslSettings{enabled=true, invalidHostNameAllowed=false, context=null}, applicationName='Cluster0', compressorList=[], uuidRepresentation=JAVA_LEGACY, serverApi=null, autoEncryptionSettings=null, dnsClient=null, inetAddressResolver=null, contextProvider=null}
2026-05-08 15:05:50 [main] INFO  com.sentinel.engine.ApiMonitor - Initializing global fleet surveillance protocols...
2026-05-08 15:05:50 [main] INFO  org.mongodb.driver.cluster - No server chosen by ReadPreferenceServerSelector{readPreference=primary} from cluster description ClusterDescription{type=REPLICA_SET, connectionMode=MULTIPLE, serverDescriptions=[ServerDescription{address=ac-ipegaos-shard-00-02.n6xcems.mongodb.net:27017, type=UNKNOWN, state=CONNECTING}, ServerDescription{address=ac-ipegaos-shard-00-00.n6xcems.mongodb.net:27017, type=UNKNOWN, state=CONNECTING}, ServerDescription{address=ac-ipegaos-shard-00-01.n6xcems.mongodb.net:27017, type=UNKNOWN, state=CONNECTING}]}. Waiting for 30000 ms before timing out
2026-05-08 15:05:52 [cluster-ClusterId{value='69fdae757d7a252a8e6b60df', description='Cluster0'}-ac-ipegaos-shard-00-00.n6xcems.mongodb.net:27017] INFO  org.mongodb.driver.cluster - Monitor thread successfully connected to server with description ServerDescription{address=ac-ipegaos-shard-00-00.n6xcems.mongodb.net:27017, type=REPLICA_SET_SECONDARY, state=CONNECTED, ok=true, minWireVersion=0, maxWireVersion=25, maxDocumentSize=16777216, logicalSessionTimeoutMinutes=30, roundTripTimeNanos=211608300, setName='atlas-12ucmv-shard-0', canonicalAddress=ac-ipegaos-shard-00-00.n6xcems.mongodb.net:27017, hosts=[ac-ipegaos-shard-00-00.n6xcems.mongodb.net:27017, ac-ipegaos-shard-00-02.n6xcems.mongodb.net:27017, ac-ipegaos-shard-00-01.n6xcems.mongodb.net:27017], passives=[], arbiters=[], primary='ac-ipegaos-shard-00-01.n6xcems.mongodb.net:27017', tagSet=TagSet{[Tag{name='availabilityZone', value='aps1-az1'}, Tag{name='cacheState', value='READY'}, Tag{name='diskState', value='READY'}, Tag{name='nodeType', value='ELECTABLE'}, Tag{name='provider', value='AWS'}, Tag{name='region', value='AP_SOUTH_1'}, Tag{name='workloadType', value='OPERATIONAL'}]}, electionId=null, setVersion=59, topologyVersion=TopologyVersion{processId=69fb4b8ad9a9c178fb3301e4, counter=4}, lastWriteDate=Fri May 08 15:05:51 IST 2026, lastUpdateTimeNanos=18910118343000}
2026-05-08 15:05:56 [cluster-ClusterId{value='69fdae757d7a252a8e6b60df', description='Cluster0'}-ac-ipegaos-shard-00-02.n6xcems.mongodb.net:27017] INFO  org.mongodb.driver.cluster - Monitor thread successfully connected to server with description ServerDescription{address=ac-ipegaos-shard-00-02.n6xcems.mongodb.net:27017, type=REPLICA_SET_SECONDARY, state=CONNECTED, ok=true, minWireVersion=0, maxWireVersion=25, maxDocumentSize=16777216, logicalSessionTimeoutMinutes=30, roundTripTimeNanos=4992543900, setName='atlas-12ucmv-shard-0', canonicalAddress=ac-ipegaos-shard-00-02.n6xcems.mongodb.net:27017, hosts=[ac-ipegaos-shard-00-00.n6xcems.mongodb.net:27017, ac-ipegaos-shard-00-02.n6xcems.mongodb.net:27017, ac-ipegaos-shard-00-01.n6xcems.mongodb.net:27017], passives=[], arbiters=[], primary='ac-ipegaos-shard-00-01.n6xcems.mongodb.net:27017', tagSet=TagSet{[Tag{name='availabilityZone', value='aps1-az2'}, Tag{name='cacheState', value='READY'}, Tag{name='diskState', value='READY'}, Tag{name='nodeType', value='ELECTABLE'}, Tag{name='provider', value='AWS'}, Tag{name='region', value='AP_SOUTH_1'}, Tag{name='workloadType', value='OPERATIONAL'}]}, electionId=null, setVersion=59, topologyVersion=TopologyVersion{processId=69fb4c217b99c5550e6012ac, counter=3}, lastWriteDate=Fri May 08 15:05:55 IST 2026, lastUpdateTimeNanos=18914157027000}
2026-05-08 15:06:01 [cluster-ClusterId{value='69fdae757d7a252a8e6b60df', description='Cluster0'}-ac-ipegaos-shard-00-01.n6xcems.mongodb.net:27017] INFO  org.mongodb.driver.cluster - Exception in monitor thread while connecting to server ac-ipegaos-shard-00-01.n6xcems.mongodb.net:27017
com.mongodb.MongoSocketWriteException: Exception sending message
	at com.mongodb.internal.connection.InternalStreamConnection.translateWriteException(InternalStreamConnection.java:714)
	at com.mongodb.internal.connection.InternalStreamConnection.sendMessage(InternalStreamConnection.java:587)
	at com.mongodb.internal.connection.InternalStreamConnection.sendCommandMessage(InternalStreamConnection.java:419)
	at com.mongodb.internal.connection.InternalStreamConnection.sendAndReceive(InternalStreamConnection.java:364)
	at com.mongodb.internal.connection.CommandHelper.sendAndReceive(CommandHelper.java:92)
	at com.mongodb.internal.connection.CommandHelper.executeCommand(CommandHelper.java:48)
	at com.mongodb.internal.connection.InternalStreamConnectionInitializer.initializeConnectionDescription(InternalStreamConnectionInitializer.java:130)
	at com.mongodb.internal.connection.InternalStreamConnectionInitializer.startHandshake(InternalStreamConnectionInitializer.java:78)
	at com.mongodb.internal.connection.InternalStreamConnection.open(InternalStreamConnection.java:213)
	at com.mongodb.internal.connection.DefaultServerMonitor$ServerMonitorRunnable.lookupServerDescription(DefaultServerMonitor.java:193)
	at com.mongodb.internal.connection.DefaultServerMonitor$ServerMonitorRunnable.run(DefaultServerMonitor.java:153)
	at java.base/java.lang.Thread.run(Thread.java:842)
Caused by: java.net.SocketTimeoutException: Read timed out
	at java.base/sun.nio.ch.NioSocketImpl.timedRead(NioSocketImpl.java:288)
	at java.base/sun.nio.ch.NioSocketImpl.implRead(NioSocketImpl.java:314)
	at java.base/sun.nio.ch.NioSocketImpl.read(NioSocketImpl.java:355)
	at java.base/sun.nio.ch.NioSocketImpl$1.read(NioSocketImpl.java:808)
	at java.base/java.net.Socket$SocketInputStream.read(Socket.java:966)
	at java.base/sun.security.ssl.SSLSocketInputRecord.read(SSLSocketInputRecord.java:484)
	at java.base/sun.security.ssl.SSLSocketInputRecord.readHeader(SSLSocketInputRecord.java:478)
	at java.base/sun.security.ssl.SSLSocketInputRecord.decode(SSLSocketInputRecord.java:160)
	at java.base/sun.security.ssl.SSLTransport.decode(SSLTransport.java:111)
	at java.base/sun.security.ssl.SSLSocketImpl.decode(SSLSocketImpl.java:1506)
	at java.base/sun.security.ssl.SSLSocketImpl.readHandshakeRecord(SSLSocketImpl.java:1421)
	at java.base/sun.security.ssl.SSLSocketImpl.startHandshake(SSLSocketImpl.java:455)
	at java.base/sun.security.ssl.SSLSocketImpl.ensureNegotiated(SSLSocketImpl.java:921)
	at java.base/sun.security.ssl.SSLSocketImpl$AppOutputStream.write(SSLSocketImpl.java:1291)
	at com.mongodb.internal.connection.SocketStream.write(SocketStream.java:164)
	at com.mongodb.internal.connection.InternalStreamConnection.sendMessage(InternalStreamConnection.java:584)
	... 10 common frames omitted
2026-05-08 15:06:01 [cluster-ClusterId{value='69fdae757d7a252a8e6b60df', description='Cluster0'}-ac-ipegaos-shard-00-01.n6xcems.mongodb.net:27017] INFO  org.mongodb.driver.cluster - Monitor thread successfully connected to server with description ServerDescription{address=ac-ipegaos-shard-00-01.n6xcems.mongodb.net:27017, type=REPLICA_SET_PRIMARY, state=CONNECTED, ok=true, minWireVersion=0, maxWireVersion=25, maxDocumentSize=16777216, logicalSessionTimeoutMinutes=30, roundTripTimeNanos=190371800, setName='atlas-12ucmv-shard-0', canonicalAddress=ac-ipegaos-shard-00-01.n6xcems.mongodb.net:27017, hosts=[ac-ipegaos-shard-00-00.n6xcems.mongodb.net:27017, ac-ipegaos-shard-00-02.n6xcems.mongodb.net:27017, ac-ipegaos-shard-00-01.n6xcems.mongodb.net:27017], passives=[], arbiters=[], primary='ac-ipegaos-shard-00-01.n6xcems.mongodb.net:27017', tagSet=TagSet{[Tag{name='availabilityZone', value='aps1-az3'}, Tag{name='cacheState', value='READY'}, Tag{name='diskState', value='READY'}, Tag{name='nodeType', value='ELECTABLE'}, Tag{name='provider', value='AWS'}, Tag{name='region', value='AP_SOUTH_1'}, Tag{name='workloadType', value='OPERATIONAL'}]}, electionId=7fffffff00000000000000df, setVersion=59, topologyVersion=TopologyVersion{processId=69fb4bd6cc4fccde66e6c67b, counter=6}, lastWriteDate=Fri May 08 15:06:01 IST 2026, lastUpdateTimeNanos=18919980980500}
2026-05-08 15:06:01 [cluster-ClusterId{value='69fdae757d7a252a8e6b60df', description='Cluster0'}-ac-ipegaos-shard-00-01.n6xcems.mongodb.net:27017] INFO  org.mongodb.driver.cluster - Discovered replica set primary ac-ipegaos-shard-00-01.n6xcems.mongodb.net:27017 with max election id 7fffffff00000000000000df and max set version 59
2026-05-08 15:06:07 [main] INFO  com.sentinel.engine.ApiMonitor - Scheduling surveillance for Test Service | Protocol Frequency: 30s
2026-05-08 15:06:07 [main] INFO  com.sentinel.engine.ApiMonitor - Scheduling surveillance for Sentinel API | Protocol Frequency: 30s
2026-05-08 15:06:07 [main] INFO  com.sentinel.engine.ApiMonitor - Scheduling surveillance for JSONPlaceholder | Protocol Frequency: 30s
2026-05-08 15:06:07 [main] INFO  com.sentinel.engine.ApiMonitor - Scheduling surveillance for JSONPlaceholder | Protocol Frequency: 30s
2026-05-08 15:06:07 [main] INFO  com.sentinel.engine.ApiMonitor - Scheduling surveillance for Posts | Protocol Frequency: 30s
2026-05-08 15:06:07 [main] INFO  com.sentinel.engine.ApiMonitor - Scheduling surveillance for JSONPlaceholder Test | Protocol Frequency: 30s
2026-05-08 15:06:07 [main] INFO  com.sentinel.engine.ApiMonitor - Scheduling surveillance for JSONPlaceholder Test | Protocol Frequency: 30s
2026-05-08 15:06:07 [main] INFO  com.sentinel.engine.ApiMonitor - Scheduling surveillance for JSONPlaceholder Fleet | Protocol Frequency: 30s
2026-05-08 15:06:07 [main] INFO  com.sentinel.engine.ApiMonitor - Scheduling surveillance for Doggo  | Protocol Frequency: 30s
2026-05-08 15:06:07 [main] INFO  com.sentinel.engine.ApiMonitor - Scheduling surveillance for golbot | Protocol Frequency: 30s
2026-05-08 15:06:07 [main] INFO  com.sentinel.engine.ApiMonitor - Scheduling surveillance for Golbot 2 | Protocol Frequency: 5s
2026-05-08 15:06:07 [main] INFO  com.sentinel.engine.ApiMonitor - Scheduling surveillance for test | Protocol Frequency: 30s
2026-05-08 15:06:07 [main] WARN  o.s.b.a.s.s.UserDetailsServiceAutoConfiguration - 

Using generated security password: e6eb323b-16fc-4e10-9983-14a836447107

This generated password is for development use only. Your security configuration must be updated before running your application in production.

2026-05-08 15:06:08 [main] INFO  o.s.s.web.DefaultSecurityFilterChain - Will secure any request with [org.springframework.security.web.session.DisableEncodeUrlFilter@5d800a56, org.springframework.security.web.context.request.async.WebAsyncManagerIntegrationFilter@1be77a76, org.springframework.security.web.context.SecurityContextHolderFilter@24eecabf, org.springframework.security.web.header.HeaderWriterFilter@7856f41a, org.springframework.web.filter.CorsFilter@315cf170, org.springframework.security.web.authentication.logout.LogoutFilter@7bce9ce4, com.sentinel.security.JwtTokenFilter@7878bbdb, org.springframework.security.web.savedrequest.RequestCacheAwareFilter@78d6c244, org.springframework.security.web.servletapi.SecurityContextHolderAwareRequestFilter@448086ab, org.springframework.security.web.authentication.AnonymousAuthenticationFilter@25f7cc38, org.springframework.security.web.session.SessionManagementFilter@5a1a20ae, org.springframework.security.web.access.ExceptionTranslationFilter@a047bdb, org.springframework.security.web.access.intercept.AuthorizationFilter@5af38a4a]
2026-05-08 15:06:08 [main] INFO  o.a.coyote.http11.Http11NioProtocol - Starting ProtocolHandler ["http-nio-5500"]
2026-05-08 15:06:08 [main] INFO  o.s.b.w.e.tomcat.TomcatWebServer - Tomcat started on port 5500 (http) with context path ''
2026-05-08 15:06:08 [main] INFO  com.sentinel.SentinelApplication - Started SentinelApplication in 22.706 seconds (process running for 23.343)
2026-05-08 15:06:15 [http-nio-5500-exec-2] INFO  o.a.c.c.C.[Tomcat].[localhost].[/] - Initializing Spring DispatcherServlet 'dispatcherServlet'
2026-05-08 15:06:15 [http-nio-5500-exec-2] INFO  o.s.web.servlet.DispatcherServlet - Initializing Servlet 'dispatcherServlet'
2026-05-08 15:06:15 [http-nio-5500-exec-2] INFO  o.s.web.servlet.DispatcherServlet - Completed initialization in 1 ms
2026-05-08 15:14:34 [background-preinit] INFO  o.h.validator.internal.util.Version - HV000001: Hibernate Validator 8.0.1.Final
2026-05-08 15:14:34 [main] INFO  com.sentinel.SentinelApplication - Starting SentinelApplication using Java 17.0.12 with PID 6044 (A:\Projects\Santinel\backend\target\classes started by Ajay in A:\Projects\Santinel\backend)
2026-05-08 15:14:34 [main] INFO  com.sentinel.SentinelApplication - No active profile set, falling back to 1 default profile: "default"
2026-05-08 15:14:35 [main] INFO  o.s.d.r.c.RepositoryConfigurationDelegate - Bootstrapping Spring Data MongoDB repositories in DEFAULT mode.
2026-05-08 15:14:35 [main] INFO  o.s.d.r.c.RepositoryConfigurationDelegate - Finished Spring Data repository scanning in 216 ms. Found 3 MongoDB repository interfaces.
2026-05-08 15:14:36 [main] INFO  o.s.b.w.e.tomcat.TomcatWebServer - Tomcat initialized with port 5500 (http)
2026-05-08 15:14:36 [main] INFO  o.a.coyote.http11.Http11NioProtocol - Initializing ProtocolHandler ["http-nio-5500"]
2026-05-08 15:14:36 [main] INFO  o.a.catalina.core.StandardService - Starting service [Tomcat]
2026-05-08 15:14:36 [main] INFO  o.a.catalina.core.StandardEngine - Starting Servlet engine: [Apache Tomcat/10.1.20]
2026-05-08 15:14:36 [main] INFO  o.a.c.c.C.[Tomcat].[localhost].[/] - Initializing Spring embedded WebApplicationContext
2026-05-08 15:14:36 [main] INFO  o.s.b.w.s.c.ServletWebServerApplicationContext - Root WebApplicationContext: initialization completed in 2097 ms
2026-05-08 15:14:37 [main] INFO  org.mongodb.driver.cluster - Adding discovered server ac-ipegaos-shard-00-00.n6xcems.mongodb.net:27017 to client view of cluster
2026-05-08 15:14:37 [main] INFO  org.mongodb.driver.cluster - Adding discovered server ac-ipegaos-shard-00-01.n6xcems.mongodb.net:27017 to client view of cluster
2026-05-08 15:14:37 [main] INFO  org.mongodb.driver.cluster - Adding discovered server ac-ipegaos-shard-00-02.n6xcems.mongodb.net:27017 to client view of cluster
2026-05-08 15:14:37 [main] INFO  org.mongodb.driver.client - MongoClient with metadata {"application": {"name": "Cluster0"}, "driver": {"name": "mongo-java-driver|sync|spring-boot", "version": "4.11.2"}, "os": {"type": "Windows", "name": "Windows 11", "architecture": "amd64", "version": "10.0"}, "platform": "Java/Oracle Corporation/17.0.12+8-LTS-286"} created with settings MongoClientSettings{readPreference=primary, writeConcern=WriteConcern{w=null, wTimeout=null ms, journal=null}, retryWrites=true, retryReads=true, readConcern=ReadConcern{level=null}, credential=MongoCredential{mechanism=null, userName='admin', source='admin', password=<hidden>, mechanismProperties=<hidden>}, transportSettings=null, streamFactoryFactory=null, commandListeners=[], codecRegistry=ProvidersCodecRegistry{codecProviders=[ValueCodecProvider{}, BsonValueCodecProvider{}, DBRefCodecProvider{}, DBObjectCodecProvider{}, DocumentCodecProvider{}, CollectionCodecProvider{}, IterableCodecProvider{}, MapCodecProvider{}, GeoJsonCodecProvider{}, GridFSFileCodecProvider{}, Jsr310CodecProvider{}, JsonObjectCodecProvider{}, BsonCodecProvider{}, EnumCodecProvider{}, com.mongodb.client.model.mql.ExpressionCodecProvider@3fdcde7a, com.mongodb.Jep395RecordCodecProvider@4f363abd, com.mongodb.KotlinCodecProvider@7302ff13]}, loggerSettings=LoggerSettings{maxDocumentLength=1000}, clusterSettings={hosts=[ac-ipegaos-shard-00-00.n6xcems.mongodb.net:27017, ac-ipegaos-shard-00-01.n6xcems.mongodb.net:27017, ac-ipegaos-shard-00-02.n6xcems.mongodb.net:27017], srvServiceName=mongodb, mode=MULTIPLE, requiredClusterType=REPLICA_SET, requiredReplicaSetName='atlas-12ucmv-shard-0', serverSelector='null', clusterListeners='[]', serverSelectionTimeout='30000 ms', localThreshold='15 ms'}, socketSettings=SocketSettings{connectTimeoutMS=10000, readTimeoutMS=0, receiveBufferSize=0, proxySettings=ProxySettings{host=null, port=null, username=null, password=null}}, heartbeatSocketSettings=SocketSettings{connectTimeoutMS=10000, readTimeoutMS=10000, receiveBufferSize=0, proxySettings=ProxySettings{host=null, port=null, username=null, password=null}}, connectionPoolSettings=ConnectionPoolSettings{maxSize=100, minSize=0, maxWaitTimeMS=120000, maxConnectionLifeTimeMS=0, maxConnectionIdleTimeMS=0, maintenanceInitialDelayMS=0, maintenanceFrequencyMS=60000, connectionPoolListeners=[], maxConnecting=2}, serverSettings=ServerSettings{heartbeatFrequencyMS=10000, minHeartbeatFrequencyMS=500, serverListeners='[]', serverMonitorListeners='[]'}, sslSettings=SslSettings{enabled=true, invalidHostNameAllowed=false, context=null}, applicationName='Cluster0', compressorList=[], uuidRepresentation=JAVA_LEGACY, serverApi=null, autoEncryptionSettings=null, dnsClient=null, inetAddressResolver=null, contextProvider=null}
2026-05-08 15:14:37 [cluster-ClusterId{value='69fdb0853c961c5b877d1e21', description='Cluster0'}-ac-ipegaos-shard-00-01.n6xcems.mongodb.net:27017] INFO  org.mongodb.driver.cluster - Monitor thread successfully connected to server with description ServerDescription{address=ac-ipegaos-shard-00-01.n6xcems.mongodb.net:27017, type=REPLICA_SET_PRIMARY, state=CONNECTED, ok=true, minWireVersion=0, maxWireVersion=25, maxDocumentSize=16777216, logicalSessionTimeoutMinutes=30, roundTripTimeNanos=320407000, setName='atlas-12ucmv-shard-0', canonicalAddress=ac-ipegaos-shard-00-01.n6xcems.mongodb.net:27017, hosts=[ac-ipegaos-shard-00-00.n6xcems.mongodb.net:27017, ac-ipegaos-shard-00-02.n6xcems.mongodb.net:27017, ac-ipegaos-shard-00-01.n6xcems.mongodb.net:27017], passives=[], arbiters=[], primary='ac-ipegaos-shard-00-01.n6xcems.mongodb.net:27017', tagSet=TagSet{[Tag{name='availabilityZone', value='aps1-az3'}, Tag{name='cacheState', value='READY'}, Tag{name='diskState', value='READY'}, Tag{name='nodeType', value='ELECTABLE'}, Tag{name='provider', value='AWS'}, Tag{name='region', value='AP_SOUTH_1'}, Tag{name='workloadType', value='OPERATIONAL'}]}, electionId=7fffffff00000000000000df, setVersion=59, topologyVersion=TopologyVersion{processId=69fb4bd6cc4fccde66e6c67b, counter=6}, lastWriteDate=Fri May 08 15:14:37 IST 2026, lastUpdateTimeNanos=19435960893200}
2026-05-08 15:14:37 [cluster-ClusterId{value='69fdb0853c961c5b877d1e21', description='Cluster0'}-ac-ipegaos-shard-00-02.n6xcems.mongodb.net:27017] INFO  org.mongodb.driver.cluster - Monitor thread successfully connected to server with description ServerDescription{address=ac-ipegaos-shard-00-02.n6xcems.mongodb.net:27017, type=REPLICA_SET_SECONDARY, state=CONNECTED, ok=true, minWireVersion=0, maxWireVersion=25, maxDocumentSize=16777216, logicalSessionTimeoutMinutes=30, roundTripTimeNanos=320462000, setName='atlas-12ucmv-shard-0', canonicalAddress=ac-ipegaos-shard-00-02.n6xcems.mongodb.net:27017, hosts=[ac-ipegaos-shard-00-00.n6xcems.mongodb.net:27017, ac-ipegaos-shard-00-02.n6xcems.mongodb.net:27017, ac-ipegaos-shard-00-01.n6xcems.mongodb.net:27017], passives=[], arbiters=[], primary='ac-ipegaos-shard-00-01.n6xcems.mongodb.net:27017', tagSet=TagSet{[Tag{name='availabilityZone', value='aps1-az2'}, Tag{name='cacheState', value='READY'}, Tag{name='diskState', value='READY'}, Tag{name='nodeType', value='ELECTABLE'}, Tag{name='provider', value='AWS'}, Tag{name='region', value='AP_SOUTH_1'}, Tag{name='workloadType', value='OPERATIONAL'}]}, electionId=null, setVersion=59, topologyVersion=TopologyVersion{processId=69fb4c217b99c5550e6012ac, counter=3}, lastWriteDate=Fri May 08 15:14:37 IST 2026, lastUpdateTimeNanos=19435960892900}
2026-05-08 15:14:37 [cluster-ClusterId{value='69fdb0853c961c5b877d1e21', description='Cluster0'}-ac-ipegaos-shard-00-00.n6xcems.mongodb.net:27017] INFO  org.mongodb.driver.cluster - Monitor thread successfully connected to server with description ServerDescription{address=ac-ipegaos-shard-00-00.n6xcems.mongodb.net:27017, type=REPLICA_SET_SECONDARY, state=CONNECTED, ok=true, minWireVersion=0, maxWireVersion=25, maxDocumentSize=16777216, logicalSessionTimeoutMinutes=30, roundTripTimeNanos=323278000, setName='atlas-12ucmv-shard-0', canonicalAddress=ac-ipegaos-shard-00-00.n6xcems.mongodb.net:27017, hosts=[ac-ipegaos-shard-00-00.n6xcems.mongodb.net:27017, ac-ipegaos-shard-00-02.n6xcems.mongodb.net:27017, ac-ipegaos-shard-00-01.n6xcems.mongodb.net:27017], passives=[], arbiters=[], primary='ac-ipegaos-shard-00-01.n6xcems.mongodb.net:27017', tagSet=TagSet{[Tag{name='availabilityZone', value='aps1-az1'}, Tag{name='cacheState', value='READY'}, Tag{name='diskState', value='READY'}, Tag{name='nodeType', value='ELECTABLE'}, Tag{name='provider', value='AWS'}, Tag{name='region', value='AP_SOUTH_1'}, Tag{name='workloadType', value='OPERATIONAL'}]}, electionId=null, setVersion=59, topologyVersion=TopologyVersion{processId=69fb4b8ad9a9c178fb3301e4, counter=4}, lastWriteDate=Fri May 08 15:14:37 GMT+05:30 2026, lastUpdateTimeNanos=19435960893300}
2026-05-08 15:14:37 [cluster-ClusterId{value='69fdb0853c961c5b877d1e21', description='Cluster0'}-ac-ipegaos-shard-00-01.n6xcems.mongodb.net:27017] INFO  org.mongodb.driver.cluster - Discovered replica set primary ac-ipegaos-shard-00-01.n6xcems.mongodb.net:27017 with max election id 7fffffff00000000000000df and max set version 59
2026-05-08 15:14:38 [main] INFO  com.sentinel.engine.ApiMonitor - Initializing global fleet surveillance protocols...
2026-05-08 15:14:38 [main] INFO  com.sentinel.engine.ApiMonitor - Scheduling surveillance for Test Service | Protocol Frequency: 30s
2026-05-08 15:14:38 [main] INFO  com.sentinel.engine.ApiMonitor - Scheduling surveillance for Sentinel API | Protocol Frequency: 30s
2026-05-08 15:14:38 [main] INFO  com.sentinel.engine.ApiMonitor - Scheduling surveillance for JSONPlaceholder | Protocol Frequency: 30s
2026-05-08 15:14:38 [main] INFO  com.sentinel.engine.ApiMonitor - Scheduling surveillance for JSONPlaceholder | Protocol Frequency: 30s
2026-05-08 15:14:38 [main] INFO  com.sentinel.engine.ApiMonitor - Scheduling surveillance for Posts | Protocol Frequency: 30s
2026-05-08 15:14:38 [main] INFO  com.sentinel.engine.ApiMonitor - Scheduling surveillance for JSONPlaceholder Test | Protocol Frequency: 30s
2026-05-08 15:14:38 [main] INFO  com.sentinel.engine.ApiMonitor - Scheduling surveillance for JSONPlaceholder Test | Protocol Frequency: 30s
2026-05-08 15:14:38 [main] INFO  com.sentinel.engine.ApiMonitor - Scheduling surveillance for JSONPlaceholder Fleet | Protocol Frequency: 30s
2026-05-08 15:14:38 [main] INFO  com.sentinel.engine.ApiMonitor - Scheduling surveillance for Doggo  | Protocol Frequency: 30s
2026-05-08 15:14:38 [main] INFO  com.sentinel.engine.ApiMonitor - Scheduling surveillance for golbot | Protocol Frequency: 30s
2026-05-08 15:14:38 [main] INFO  com.sentinel.engine.ApiMonitor - Scheduling surveillance for Golbot 2 | Protocol Frequency: 5s
2026-05-08 15:14:38 [main] INFO  com.sentinel.engine.ApiMonitor - Scheduling surveillance for test | Protocol Frequency: 30s
2026-05-08 15:14:38 [main] WARN  o.s.b.a.s.s.UserDetailsServiceAutoConfiguration - 

Using generated security password: b94e1e0a-6bec-48fc-9645-0ee8e032a9aa

This generated password is for development use only. Your security configuration must be updated before running your application in production.

2026-05-08 15:14:39 [main] INFO  o.s.s.web.DefaultSecurityFilterChain - Will secure any request with [org.springframework.security.web.session.DisableEncodeUrlFilter@7b79ff1c, org.springframework.security.web.context.request.async.WebAsyncManagerIntegrationFilter@527d48db, org.springframework.security.web.context.SecurityContextHolderFilter@28bd5015, org.springframework.security.web.header.HeaderWriterFilter@77d0dbba, org.springframework.web.filter.CorsFilter@194037f9, org.springframework.security.web.authentication.logout.LogoutFilter@3b7b0b57, com.sentinel.security.JwtTokenFilter@2335aef2, org.springframework.security.web.savedrequest.RequestCacheAwareFilter@d1f23a0, org.springframework.security.web.servletapi.SecurityContextHolderAwareRequestFilter@2976ca51, org.springframework.security.web.authentication.AnonymousAuthenticationFilter@17003497, org.springframework.security.web.session.SessionManagementFilter@6efd0a6e, org.springframework.security.web.access.ExceptionTranslationFilter@1ad1b737, org.springframework.security.web.access.intercept.AuthorizationFilter@2e40fdbd]
2026-05-08 15:14:39 [main] INFO  o.a.coyote.http11.Http11NioProtocol - Starting ProtocolHandler ["http-nio-5500"]
2026-05-08 15:14:39 [main] WARN  o.s.b.w.s.c.AnnotationConfigServletWebServerApplicationContext - Exception encountered during context initialization - cancelling refresh attempt: org.springframework.context.ApplicationContextException: Failed to start bean 'webServerStartStop'
2026-05-08 15:14:39 [main] INFO  com.sentinel.engine.ApiMonitor - Deactivating all active surveillance signals...
2026-05-08 15:14:39 [main] INFO  o.s.b.a.l.ConditionEvaluationReportLogger - 

Error starting ApplicationContext. To display the condition evaluation report re-run your application with 'debug' enabled.
2026-05-08 15:14:39 [main] ERROR o.s.b.d.LoggingFailureAnalysisReporter - 

***************************
APPLICATION FAILED TO START
***************************

Description:

Web server failed to start. Port 5500 was already in use.

Action:

Identify and stop the process that's listening on port 5500 or configure this application to listen on another port.

2026-05-08 15:15:50 [background-preinit] INFO  o.h.validator.internal.util.Version - HV000001: Hibernate Validator 8.0.1.Final
2026-05-08 15:15:50 [main] INFO  com.sentinel.SentinelApplication - Starting SentinelApplication using Java 17.0.12 with PID 16724 (A:\Projects\Santinel\backend\target\classes started by Ajay in A:\Projects\Santinel\backend)
2026-05-08 15:15:50 [main] INFO  com.sentinel.SentinelApplication - No active profile set, falling back to 1 default profile: "default"
2026-05-08 15:15:51 [main] INFO  o.s.d.r.c.RepositoryConfigurationDelegate - Bootstrapping Spring Data MongoDB repositories in DEFAULT mode.
2026-05-08 15:15:52 [main] INFO  o.s.d.r.c.RepositoryConfigurationDelegate - Finished Spring Data repository scanning in 230 ms. Found 3 MongoDB repository interfaces.
2026-05-08 15:15:52 [main] INFO  o.s.b.w.e.tomcat.TomcatWebServer - Tomcat initialized with port 5500 (http)
2026-05-08 15:15:52 [main] INFO  o.a.coyote.http11.Http11NioProtocol - Initializing ProtocolHandler ["http-nio-5500"]
2026-05-08 15:15:52 [main] INFO  o.a.catalina.core.StandardService - Starting service [Tomcat]
2026-05-08 15:15:52 [main] INFO  o.a.catalina.core.StandardEngine - Starting Servlet engine: [Apache Tomcat/10.1.20]
2026-05-08 15:15:53 [main] INFO  o.a.c.c.C.[Tomcat].[localhost].[/] - Initializing Spring embedded WebApplicationContext
2026-05-08 15:15:53 [main] INFO  o.s.b.w.s.c.ServletWebServerApplicationContext - Root WebApplicationContext: initialization completed in 2180 ms
2026-05-08 15:15:53 [main] INFO  org.mongodb.driver.cluster - Adding discovered server ac-ipegaos-shard-00-00.n6xcems.mongodb.net:27017 to client view of cluster
2026-05-08 15:15:53 [main] INFO  org.mongodb.driver.cluster - Adding discovered server ac-ipegaos-shard-00-01.n6xcems.mongodb.net:27017 to client view of cluster
2026-05-08 15:15:53 [main] INFO  org.mongodb.driver.cluster - Adding discovered server ac-ipegaos-shard-00-02.n6xcems.mongodb.net:27017 to client view of cluster
2026-05-08 15:15:53 [main] INFO  org.mongodb.driver.client - MongoClient with metadata {"application": {"name": "Cluster0"}, "driver": {"name": "mongo-java-driver|sync|spring-boot", "version": "4.11.2"}, "os": {"type": "Windows", "name": "Windows 11", "architecture": "amd64", "version": "10.0"}, "platform": "Java/Oracle Corporation/17.0.12+8-LTS-286"} created with settings MongoClientSettings{readPreference=primary, writeConcern=WriteConcern{w=null, wTimeout=null ms, journal=null}, retryWrites=true, retryReads=true, readConcern=ReadConcern{level=null}, credential=MongoCredential{mechanism=null, userName='admin', source='admin', password=<hidden>, mechanismProperties=<hidden>}, transportSettings=null, streamFactoryFactory=null, commandListeners=[], codecRegistry=ProvidersCodecRegistry{codecProviders=[ValueCodecProvider{}, BsonValueCodecProvider{}, DBRefCodecProvider{}, DBObjectCodecProvider{}, DocumentCodecProvider{}, CollectionCodecProvider{}, IterableCodecProvider{}, MapCodecProvider{}, GeoJsonCodecProvider{}, GridFSFileCodecProvider{}, Jsr310CodecProvider{}, JsonObjectCodecProvider{}, BsonCodecProvider{}, EnumCodecProvider{}, com.mongodb.client.model.mql.ExpressionCodecProvider@3fdcde7a, com.mongodb.Jep395RecordCodecProvider@4f363abd, com.mongodb.KotlinCodecProvider@7302ff13]}, loggerSettings=LoggerSettings{maxDocumentLength=1000}, clusterSettings={hosts=[ac-ipegaos-shard-00-00.n6xcems.mongodb.net:27017, ac-ipegaos-shard-00-01.n6xcems.mongodb.net:27017, ac-ipegaos-shard-00-02.n6xcems.mongodb.net:27017], srvServiceName=mongodb, mode=MULTIPLE, requiredClusterType=REPLICA_SET, requiredReplicaSetName='atlas-12ucmv-shard-0', serverSelector='null', clusterListeners='[]', serverSelectionTimeout='30000 ms', localThreshold='15 ms'}, socketSettings=SocketSettings{connectTimeoutMS=10000, readTimeoutMS=0, receiveBufferSize=0, proxySettings=ProxySettings{host=null, port=null, username=null, password=null}}, heartbeatSocketSettings=SocketSettings{connectTimeoutMS=10000, readTimeoutMS=10000, receiveBufferSize=0, proxySettings=ProxySettings{host=null, port=null, username=null, password=null}}, connectionPoolSettings=ConnectionPoolSettings{maxSize=100, minSize=0, maxWaitTimeMS=120000, maxConnectionLifeTimeMS=0, maxConnectionIdleTimeMS=0, maintenanceInitialDelayMS=0, maintenanceFrequencyMS=60000, connectionPoolListeners=[], maxConnecting=2}, serverSettings=ServerSettings{heartbeatFrequencyMS=10000, minHeartbeatFrequencyMS=500, serverListeners='[]', serverMonitorListeners='[]'}, sslSettings=SslSettings{enabled=true, invalidHostNameAllowed=false, context=null}, applicationName='Cluster0', compressorList=[], uuidRepresentation=JAVA_LEGACY, serverApi=null, autoEncryptionSettings=null, dnsClient=null, inetAddressResolver=null, contextProvider=null}
2026-05-08 15:15:53 [cluster-ClusterId{value='69fdb0d14ae12b7510c6fb15', description='Cluster0'}-ac-ipegaos-shard-00-00.n6xcems.mongodb.net:27017] INFO  org.mongodb.driver.cluster - Monitor thread successfully connected to server with description ServerDescription{address=ac-ipegaos-shard-00-00.n6xcems.mongodb.net:27017, type=REPLICA_SET_SECONDARY, state=CONNECTED, ok=true, minWireVersion=0, maxWireVersion=25, maxDocumentSize=16777216, logicalSessionTimeoutMinutes=30, roundTripTimeNanos=307493700, setName='atlas-12ucmv-shard-0', canonicalAddress=ac-ipegaos-shard-00-00.n6xcems.mongodb.net:27017, hosts=[ac-ipegaos-shard-00-00.n6xcems.mongodb.net:27017, ac-ipegaos-shard-00-02.n6xcems.mongodb.net:27017, ac-ipegaos-shard-00-01.n6xcems.mongodb.net:27017], passives=[], arbiters=[], primary='ac-ipegaos-shard-00-01.n6xcems.mongodb.net:27017', tagSet=TagSet{[Tag{name='availabilityZone', value='aps1-az1'}, Tag{name='cacheState', value='READY'}, Tag{name='diskState', value='READY'}, Tag{name='nodeType', value='ELECTABLE'}, Tag{name='provider', value='AWS'}, Tag{name='region', value='AP_SOUTH_1'}, Tag{name='workloadType', value='OPERATIONAL'}]}, electionId=null, setVersion=59, topologyVersion=TopologyVersion{processId=69fb4b8ad9a9c178fb3301e4, counter=4}, lastWriteDate=Fri May 08 15:15:53 IST 2026, lastUpdateTimeNanos=19512022801600}
2026-05-08 15:15:53 [cluster-ClusterId{value='69fdb0d14ae12b7510c6fb15', description='Cluster0'}-ac-ipegaos-shard-00-02.n6xcems.mongodb.net:27017] INFO  org.mongodb.driver.cluster - Monitor thread successfully connected to server with description ServerDescription{address=ac-ipegaos-shard-00-02.n6xcems.mongodb.net:27017, type=REPLICA_SET_SECONDARY, state=CONNECTED, ok=true, minWireVersion=0, maxWireVersion=25, maxDocumentSize=16777216, logicalSessionTimeoutMinutes=30, roundTripTimeNanos=307547500, setName='atlas-12ucmv-shard-0', canonicalAddress=ac-ipegaos-shard-00-02.n6xcems.mongodb.net:27017, hosts=[ac-ipegaos-shard-00-00.n6xcems.mongodb.net:27017, ac-ipegaos-shard-00-02.n6xcems.mongodb.net:27017, ac-ipegaos-shard-00-01.n6xcems.mongodb.net:27017], passives=[], arbiters=[], primary='ac-ipegaos-shard-00-01.n6xcems.mongodb.net:27017', tagSet=TagSet{[Tag{name='availabilityZone', value='aps1-az2'}, Tag{name='cacheState', value='READY'}, Tag{name='diskState', value='READY'}, Tag{name='nodeType', value='ELECTABLE'}, Tag{name='provider', value='AWS'}, Tag{name='region', value='AP_SOUTH_1'}, Tag{name='workloadType', value='OPERATIONAL'}]}, electionId=null, setVersion=59, topologyVersion=TopologyVersion{processId=69fb4c217b99c5550e6012ac, counter=3}, lastWriteDate=Fri May 08 15:15:53 IST 2026, lastUpdateTimeNanos=19512022801700}
2026-05-08 15:15:53 [cluster-ClusterId{value='69fdb0d14ae12b7510c6fb15', description='Cluster0'}-ac-ipegaos-shard-00-01.n6xcems.mongodb.net:27017] INFO  org.mongodb.driver.cluster - Monitor thread successfully connected to server with description ServerDescription{address=ac-ipegaos-shard-00-01.n6xcems.mongodb.net:27017, type=REPLICA_SET_PRIMARY, state=CONNECTED, ok=true, minWireVersion=0, maxWireVersion=25, maxDocumentSize=16777216, logicalSessionTimeoutMinutes=30, roundTripTimeNanos=307524700, setName='atlas-12ucmv-shard-0', canonicalAddress=ac-ipegaos-shard-00-01.n6xcems.mongodb.net:27017, hosts=[ac-ipegaos-shard-00-00.n6xcems.mongodb.net:27017, ac-ipegaos-shard-00-02.n6xcems.mongodb.net:27017, ac-ipegaos-shard-00-01.n6xcems.mongodb.net:27017], passives=[], arbiters=[], primary='ac-ipegaos-shard-00-01.n6xcems.mongodb.net:27017', tagSet=TagSet{[Tag{name='availabilityZone', value='aps1-az3'}, Tag{name='cacheState', value='READY'}, Tag{name='diskState', value='READY'}, Tag{name='nodeType', value='ELECTABLE'}, Tag{name='provider', value='AWS'}, Tag{name='region', value='AP_SOUTH_1'}, Tag{name='workloadType', value='OPERATIONAL'}]}, electionId=7fffffff00000000000000df, setVersion=59, topologyVersion=TopologyVersion{processId=69fb4bd6cc4fccde66e6c67b, counter=6}, lastWriteDate=Fri May 08 15:15:53 IST 2026, lastUpdateTimeNanos=19512022801700}
2026-05-08 15:15:53 [cluster-ClusterId{value='69fdb0d14ae12b7510c6fb15', description='Cluster0'}-ac-ipegaos-shard-00-01.n6xcems.mongodb.net:27017] INFO  org.mongodb.driver.cluster - Discovered replica set primary ac-ipegaos-shard-00-01.n6xcems.mongodb.net:27017 with max election id 7fffffff00000000000000df and max set version 59
2026-05-08 15:15:54 [main] INFO  com.sentinel.engine.ApiMonitor - Initializing global fleet surveillance protocols...
2026-05-08 15:15:54 [main] INFO  com.sentinel.engine.ApiMonitor - Scheduling surveillance for Test Service | Protocol Frequency: 30s
2026-05-08 15:15:54 [main] INFO  com.sentinel.engine.ApiMonitor - Scheduling surveillance for Sentinel API | Protocol Frequency: 30s
2026-05-08 15:15:54 [main] INFO  com.sentinel.engine.ApiMonitor - Scheduling surveillance for JSONPlaceholder | Protocol Frequency: 30s
2026-05-08 15:15:54 [main] INFO  com.sentinel.engine.ApiMonitor - Scheduling surveillance for JSONPlaceholder | Protocol Frequency: 30s
2026-05-08 15:15:54 [main] INFO  com.sentinel.engine.ApiMonitor - Scheduling surveillance for Posts | Protocol Frequency: 30s
2026-05-08 15:15:54 [main] INFO  com.sentinel.engine.ApiMonitor - Scheduling surveillance for JSONPlaceholder Test | Protocol Frequency: 30s
2026-05-08 15:15:54 [main] INFO  com.sentinel.engine.ApiMonitor - Scheduling surveillance for JSONPlaceholder Test | Protocol Frequency: 30s
2026-05-08 15:15:54 [main] INFO  com.sentinel.engine.ApiMonitor - Scheduling surveillance for JSONPlaceholder Fleet | Protocol Frequency: 30s
2026-05-08 15:15:54 [main] INFO  com.sentinel.engine.ApiMonitor - Scheduling surveillance for Doggo  | Protocol Frequency: 30s
2026-05-08 15:15:54 [main] INFO  com.sentinel.engine.ApiMonitor - Scheduling surveillance for golbot | Protocol Frequency: 30s
2026-05-08 15:15:54 [main] INFO  com.sentinel.engine.ApiMonitor - Scheduling surveillance for Golbot 2 | Protocol Frequency: 5s
2026-05-08 15:15:54 [main] INFO  com.sentinel.engine.ApiMonitor - Scheduling surveillance for test | Protocol Frequency: 30s
2026-05-08 15:15:54 [main] WARN  o.s.b.a.s.s.UserDetailsServiceAutoConfiguration - 

Using generated security password: 5ea5c2fc-2621-4ac1-a0dc-c564d72495b2

This generated password is for development use only. Your security configuration must be updated before running your application in production.

2026-05-08 15:15:55 [main] INFO  o.s.s.web.DefaultSecurityFilterChain - Will secure any request with [org.springframework.security.web.session.DisableEncodeUrlFilter@194037f9, org.springframework.security.web.context.request.async.WebAsyncManagerIntegrationFilter@2335aef2, org.springframework.security.web.context.SecurityContextHolderFilter@d1f23a0, org.springframework.security.web.header.HeaderWriterFilter@67ceeffd, org.springframework.web.filter.CorsFilter@17003497, org.springframework.security.web.authentication.logout.LogoutFilter@2804b13f, com.sentinel.security.JwtTokenFilter@2f038d3c, org.springframework.security.web.savedrequest.RequestCacheAwareFilter@6b091a92, org.springframework.security.web.servletapi.SecurityContextHolderAwareRequestFilter@6996bbc4, org.springframework.security.web.authentication.AnonymousAuthenticationFilter@376498da, org.springframework.security.web.session.SessionManagementFilter@30228de7, org.springframework.security.web.access.ExceptionTranslationFilter@77d0dbba, org.springframework.security.web.access.intercept.AuthorizationFilter@19647566]
2026-05-08 15:15:55 [main] INFO  o.a.coyote.http11.Http11NioProtocol - Starting ProtocolHandler ["http-nio-5500"]
2026-05-08 15:15:55 [main] WARN  o.s.b.w.s.c.AnnotationConfigServletWebServerApplicationContext - Exception encountered during context initialization - cancelling refresh attempt: org.springframework.context.ApplicationContextException: Failed to start bean 'webServerStartStop'
2026-05-08 15:15:55 [main] INFO  com.sentinel.engine.ApiMonitor - Deactivating all active surveillance signals...
2026-05-08 15:15:55 [main] INFO  o.s.b.a.l.ConditionEvaluationReportLogger - 

Error starting ApplicationContext. To display the condition evaluation report re-run your application with 'debug' enabled.
2026-05-08 15:15:55 [main] ERROR o.s.b.d.LoggingFailureAnalysisReporter - 

***************************
APPLICATION FAILED TO START
***************************

Description:

Web server failed to start. Port 5500 was already in use.

Action:

Identify and stop the process that's listening on port 5500 or configure this application to listen on another port.

2026-05-08 15:20:24 [background-preinit] INFO  o.h.validator.internal.util.Version - HV000001: Hibernate Validator 8.0.1.Final
2026-05-08 15:20:24 [main] INFO  com.sentinel.SentinelApplication - Starting SentinelApplication using Java 17.0.12 with PID 25396 (A:\Projects\Santinel\backend\target\classes started by Ajay in A:\Projects\Santinel\backend)
2026-05-08 15:20:24 [main] INFO  com.sentinel.SentinelApplication - No active profile set, falling back to 1 default profile: "default"
2026-05-08 15:20:25 [main] INFO  o.s.d.r.c.RepositoryConfigurationDelegate - Bootstrapping Spring Data MongoDB repositories in DEFAULT mode.
2026-05-08 15:20:25 [main] INFO  o.s.d.r.c.RepositoryConfigurationDelegate - Finished Spring Data repository scanning in 219 ms. Found 3 MongoDB repository interfaces.
2026-05-08 15:20:25 [main] INFO  o.s.b.w.e.tomcat.TomcatWebServer - Tomcat initialized with port 5500 (http)
2026-05-08 15:20:25 [main] INFO  o.a.coyote.http11.Http11NioProtocol - Initializing ProtocolHandler ["http-nio-5500"]
2026-05-08 15:20:25 [main] INFO  o.a.catalina.core.StandardService - Starting service [Tomcat]
2026-05-08 15:20:25 [main] INFO  o.a.catalina.core.StandardEngine - Starting Servlet engine: [Apache Tomcat/10.1.20]
2026-05-08 15:20:26 [main] INFO  o.a.c.c.C.[Tomcat].[localhost].[/] - Initializing Spring embedded WebApplicationContext
2026-05-08 15:20:26 [main] INFO  o.s.b.w.s.c.ServletWebServerApplicationContext - Root WebApplicationContext: initialization completed in 1913 ms
2026-05-08 15:20:26 [main] INFO  org.mongodb.driver.cluster - Adding discovered server ac-ipegaos-shard-00-00.n6xcems.mongodb.net:27017 to client view of cluster
2026-05-08 15:20:26 [main] INFO  org.mongodb.driver.cluster - Adding discovered server ac-ipegaos-shard-00-01.n6xcems.mongodb.net:27017 to client view of cluster
2026-05-08 15:20:26 [main] INFO  org.mongodb.driver.cluster - Adding discovered server ac-ipegaos-shard-00-02.n6xcems.mongodb.net:27017 to client view of cluster
2026-05-08 15:20:26 [main] INFO  org.mongodb.driver.client - MongoClient with metadata {"application": {"name": "Cluster0"}, "driver": {"name": "mongo-java-driver|sync|spring-boot", "version": "4.11.2"}, "os": {"type": "Windows", "name": "Windows 11", "architecture": "amd64", "version": "10.0"}, "platform": "Java/Oracle Corporation/17.0.12+8-LTS-286"} created with settings MongoClientSettings{readPreference=primary, writeConcern=WriteConcern{w=null, wTimeout=null ms, journal=null}, retryWrites=true, retryReads=true, readConcern=ReadConcern{level=null}, credential=MongoCredential{mechanism=null, userName='admin', source='admin', password=<hidden>, mechanismProperties=<hidden>}, transportSettings=null, streamFactoryFactory=null, commandListeners=[], codecRegistry=ProvidersCodecRegistry{codecProviders=[ValueCodecProvider{}, BsonValueCodecProvider{}, DBRefCodecProvider{}, DBObjectCodecProvider{}, DocumentCodecProvider{}, CollectionCodecProvider{}, IterableCodecProvider{}, MapCodecProvider{}, GeoJsonCodecProvider{}, GridFSFileCodecProvider{}, Jsr310CodecProvider{}, JsonObjectCodecProvider{}, BsonCodecProvider{}, EnumCodecProvider{}, com.mongodb.client.model.mql.ExpressionCodecProvider@2f995afc, com.mongodb.Jep395RecordCodecProvider@377949f1, com.mongodb.KotlinCodecProvider@9df564f]}, loggerSettings=LoggerSettings{maxDocumentLength=1000}, clusterSettings={hosts=[ac-ipegaos-shard-00-00.n6xcems.mongodb.net:27017, ac-ipegaos-shard-00-01.n6xcems.mongodb.net:27017, ac-ipegaos-shard-00-02.n6xcems.mongodb.net:27017], srvServiceName=mongodb, mode=MULTIPLE, requiredClusterType=REPLICA_SET, requiredReplicaSetName='atlas-12ucmv-shard-0', serverSelector='null', clusterListeners='[]', serverSelectionTimeout='30000 ms', localThreshold='15 ms'}, socketSettings=SocketSettings{connectTimeoutMS=10000, readTimeoutMS=0, receiveBufferSize=0, proxySettings=ProxySettings{host=null, port=null, username=null, password=null}}, heartbeatSocketSettings=SocketSettings{connectTimeoutMS=10000, readTimeoutMS=10000, receiveBufferSize=0, proxySettings=ProxySettings{host=null, port=null, username=null, password=null}}, connectionPoolSettings=ConnectionPoolSettings{maxSize=100, minSize=0, maxWaitTimeMS=120000, maxConnectionLifeTimeMS=0, maxConnectionIdleTimeMS=0, maintenanceInitialDelayMS=0, maintenanceFrequencyMS=60000, connectionPoolListeners=[], maxConnecting=2}, serverSettings=ServerSettings{heartbeatFrequencyMS=10000, minHeartbeatFrequencyMS=500, serverListeners='[]', serverMonitorListeners='[]'}, sslSettings=SslSettings{enabled=true, invalidHostNameAllowed=false, context=null}, applicationName='Cluster0', compressorList=[], uuidRepresentation=JAVA_LEGACY, serverApi=null, autoEncryptionSettings=null, dnsClient=null, inetAddressResolver=null, contextProvider=null}
2026-05-08 15:20:26 [cluster-ClusterId{value='69fdb1e2bc7b394e73e9f194', description='Cluster0'}-ac-ipegaos-shard-00-02.n6xcems.mongodb.net:27017] INFO  org.mongodb.driver.cluster - Monitor thread successfully connected to server with description ServerDescription{address=ac-ipegaos-shard-00-02.n6xcems.mongodb.net:27017, type=REPLICA_SET_SECONDARY, state=CONNECTED, ok=true, minWireVersion=0, maxWireVersion=25, maxDocumentSize=16777216, logicalSessionTimeoutMinutes=30, roundTripTimeNanos=277818700, setName='atlas-12ucmv-shard-0', canonicalAddress=ac-ipegaos-shard-00-02.n6xcems.mongodb.net:27017, hosts=[ac-ipegaos-shard-00-00.n6xcems.mongodb.net:27017, ac-ipegaos-shard-00-02.n6xcems.mongodb.net:27017, ac-ipegaos-shard-00-01.n6xcems.mongodb.net:27017], passives=[], arbiters=[], primary='ac-ipegaos-shard-00-01.n6xcems.mongodb.net:27017', tagSet=TagSet{[Tag{name='availabilityZone', value='aps1-az2'}, Tag{name='cacheState', value='READY'}, Tag{name='diskState', value='READY'}, Tag{name='nodeType', value='ELECTABLE'}, Tag{name='provider', value='AWS'}, Tag{name='region', value='AP_SOUTH_1'}, Tag{name='workloadType', value='OPERATIONAL'}]}, electionId=null, setVersion=59, topologyVersion=TopologyVersion{processId=69fb4c217b99c5550e6012ac, counter=3}, lastWriteDate=Fri May 08 15:20:26 IST 2026, lastUpdateTimeNanos=19784951595700}
2026-05-08 15:20:26 [cluster-ClusterId{value='69fdb1e2bc7b394e73e9f194', description='Cluster0'}-ac-ipegaos-shard-00-01.n6xcems.mongodb.net:27017] INFO  org.mongodb.driver.cluster - Monitor thread successfully connected to server with description ServerDescription{address=ac-ipegaos-shard-00-01.n6xcems.mongodb.net:27017, type=REPLICA_SET_PRIMARY, state=CONNECTED, ok=true, minWireVersion=0, maxWireVersion=25, maxDocumentSize=16777216, logicalSessionTimeoutMinutes=30, roundTripTimeNanos=277803200, setName='atlas-12ucmv-shard-0', canonicalAddress=ac-ipegaos-shard-00-01.n6xcems.mongodb.net:27017, hosts=[ac-ipegaos-shard-00-00.n6xcems.mongodb.net:27017, ac-ipegaos-shard-00-02.n6xcems.mongodb.net:27017, ac-ipegaos-shard-00-01.n6xcems.mongodb.net:27017], passives=[], arbiters=[], primary='ac-ipegaos-shard-00-01.n6xcems.mongodb.net:27017', tagSet=TagSet{[Tag{name='availabilityZone', value='aps1-az3'}, Tag{name='cacheState', value='READY'}, Tag{name='diskState', value='READY'}, Tag{name='nodeType', value='ELECTABLE'}, Tag{name='provider', value='AWS'}, Tag{name='region', value='AP_SOUTH_1'}, Tag{name='workloadType', value='OPERATIONAL'}]}, electionId=7fffffff00000000000000df, setVersion=59, topologyVersion=TopologyVersion{processId=69fb4bd6cc4fccde66e6c67b, counter=6}, lastWriteDate=Fri May 08 15:20:26 IST 2026, lastUpdateTimeNanos=19784951595700}
2026-05-08 15:20:26 [cluster-ClusterId{value='69fdb1e2bc7b394e73e9f194', description='Cluster0'}-ac-ipegaos-shard-00-01.n6xcems.mongodb.net:27017] INFO  org.mongodb.driver.cluster - Discovered replica set primary ac-ipegaos-shard-00-01.n6xcems.mongodb.net:27017 with max election id 7fffffff00000000000000df and max set version 59
2026-05-08 15:20:26 [cluster-ClusterId{value='69fdb1e2bc7b394e73e9f194', description='Cluster0'}-ac-ipegaos-shard-00-00.n6xcems.mongodb.net:27017] INFO  org.mongodb.driver.cluster - Monitor thread successfully connected to server with description ServerDescription{address=ac-ipegaos-shard-00-00.n6xcems.mongodb.net:27017, type=REPLICA_SET_SECONDARY, state=CONNECTED, ok=true, minWireVersion=0, maxWireVersion=25, maxDocumentSize=16777216, logicalSessionTimeoutMinutes=30, roundTripTimeNanos=255691000, setName='atlas-12ucmv-shard-0', canonicalAddress=ac-ipegaos-shard-00-00.n6xcems.mongodb.net:27017, hosts=[ac-ipegaos-shard-00-00.n6xcems.mongodb.net:27017, ac-ipegaos-shard-00-02.n6xcems.mongodb.net:27017, ac-ipegaos-shard-00-01.n6xcems.mongodb.net:27017], passives=[], arbiters=[], primary='ac-ipegaos-shard-00-01.n6xcems.mongodb.net:27017', tagSet=TagSet{[Tag{name='availabilityZone', value='aps1-az1'}, Tag{name='cacheState', value='READY'}, Tag{name='diskState', value='READY'}, Tag{name='nodeType', value='ELECTABLE'}, Tag{name='provider', value='AWS'}, Tag{name='region', value='AP_SOUTH_1'}, Tag{name='workloadType', value='OPERATIONAL'}]}, electionId=null, setVersion=59, topologyVersion=TopologyVersion{processId=69fb4b8ad9a9c178fb3301e4, counter=4}, lastWriteDate=Fri May 08 15:20:26 IST 2026, lastUpdateTimeNanos=19784993181200}
2026-05-08 15:20:26 [main] INFO  com.sentinel.engine.ApiMonitor - Initializing global fleet surveillance protocols...
2026-05-08 15:20:27 [main] INFO  com.sentinel.engine.ApiMonitor - Scheduling surveillance for Test Service | Protocol Frequency: 30s
2026-05-08 15:20:27 [main] INFO  com.sentinel.engine.ApiMonitor - Scheduling surveillance for Sentinel API | Protocol Frequency: 30s
2026-05-08 15:20:27 [main] INFO  com.sentinel.engine.ApiMonitor - Scheduling surveillance for JSONPlaceholder | Protocol Frequency: 30s
2026-05-08 15:20:27 [main] INFO  com.sentinel.engine.ApiMonitor - Scheduling surveillance for JSONPlaceholder | Protocol Frequency: 30s
2026-05-08 15:20:27 [main] INFO  com.sentinel.engine.ApiMonitor - Scheduling surveillance for Posts | Protocol Frequency: 30s
2026-05-08 15:20:27 [main] INFO  com.sentinel.engine.ApiMonitor - Scheduling surveillance for JSONPlaceholder Test | Protocol Frequency: 30s
2026-05-08 15:20:27 [main] INFO  com.sentinel.engine.ApiMonitor - Scheduling surveillance for JSONPlaceholder Test | Protocol Frequency: 30s
2026-05-08 15:20:27 [main] INFO  com.sentinel.engine.ApiMonitor - Scheduling surveillance for JSONPlaceholder Fleet | Protocol Frequency: 30s
2026-05-08 15:20:27 [main] INFO  com.sentinel.engine.ApiMonitor - Scheduling surveillance for Doggo  | Protocol Frequency: 30s
2026-05-08 15:20:27 [main] INFO  com.sentinel.engine.ApiMonitor - Scheduling surveillance for golbot | Protocol Frequency: 30s
2026-05-08 15:20:27 [main] INFO  com.sentinel.engine.ApiMonitor - Scheduling surveillance for Golbot 2 | Protocol Frequency: 5s
2026-05-08 15:20:27 [main] INFO  com.sentinel.engine.ApiMonitor - Scheduling surveillance for test | Protocol Frequency: 30s
2026-05-08 15:20:27 [main] WARN  o.s.b.a.s.s.UserDetailsServiceAutoConfiguration - 

Using generated security password: 92cd945c-4b8d-412a-bc26-3bc3bd4cca46

This generated password is for development use only. Your security configuration must be updated before running your application in production.

2026-05-08 15:20:27 [main] INFO  o.s.s.web.DefaultSecurityFilterChain - Will secure any request with [org.springframework.security.web.session.DisableEncodeUrlFilter@5fbae40, org.springframework.security.web.context.request.async.WebAsyncManagerIntegrationFilter@2c08c787, org.springframework.security.web.context.SecurityContextHolderFilter@1cc93da4, org.springframework.security.web.header.HeaderWriterFilter@2c668c2a, org.springframework.web.filter.CorsFilter@67f591c2, org.springframework.security.web.authentication.logout.LogoutFilter@194037f9, com.sentinel.security.JwtTokenFilter@284c4f02, org.springframework.security.web.savedrequest.RequestCacheAwareFilter@7e38e254, org.springframework.security.web.servletapi.SecurityContextHolderAwareRequestFilter@7b3feb26, org.springframework.security.web.authentication.AnonymousAuthenticationFilter@709d6de5, org.springframework.security.web.session.SessionManagementFilter@43b6cb1c, org.springframework.security.web.access.ExceptionTranslationFilter@1a34a51e, org.springframework.security.web.access.intercept.AuthorizationFilter@a047bdb]
2026-05-08 15:20:28 [main] INFO  o.a.coyote.http11.Http11NioProtocol - Starting ProtocolHandler ["http-nio-5500"]
2026-05-08 15:20:28 [main] INFO  o.s.b.w.e.tomcat.TomcatWebServer - Tomcat started on port 5500 (http) with context path ''
2026-05-08 15:20:28 [main] INFO  com.sentinel.SentinelApplication - Started SentinelApplication in 4.903 seconds (process running for 5.458)
2026-05-08 15:21:58 [http-nio-5500-exec-1] INFO  o.a.c.c.C.[Tomcat].[localhost].[/] - Initializing Spring DispatcherServlet 'dispatcherServlet'
2026-05-08 15:21:58 [http-nio-5500-exec-1] INFO  o.s.web.servlet.DispatcherServlet - Initializing Servlet 'dispatcherServlet'
2026-05-08 15:21:58 [http-nio-5500-exec-1] INFO  o.s.web.servlet.DispatcherServlet - Completed initialization in 1 ms
2026-05-08 15:22:05 [http-nio-5500-exec-5] WARN  o.s.w.s.m.s.DefaultHandlerExceptionResolver - Resolved [org.springframework.web.context.request.async.AsyncRequestNotUsableException: ServletOutputStream failed to write: java.io.IOException: An established connection was aborted by the software in your host machine]
2026-05-08 15:22:13 [http-nio-5500-exec-10] WARN  o.s.w.s.m.s.DefaultHandlerExceptionResolver - Resolved [org.springframework.web.context.request.async.AsyncRequestNotUsableException: ServletOutputStream failed to write: java.io.IOException: An established connection was aborted by the software in your host machine]
2026-05-08 15:22:16 [http-nio-5500-exec-9] WARN  o.s.w.s.m.s.DefaultHandlerExceptionResolver - Resolved [org.springframework.web.context.request.async.AsyncRequestNotUsableException: ServletOutputStream failed to write: java.io.IOException: An established connection was aborted by the software in your host machine]
2026-05-08 15:25:00 [http-nio-5500-exec-6] WARN  o.s.w.s.m.s.DefaultHandlerExceptionResolver - Resolved [org.springframework.web.context.request.async.AsyncRequestNotUsableException: ServletOutputStream failed to write: java.io.IOException: An established connection was aborted by the software in your host machine]
2026-05-08 16:56:43 [SpringApplicationShutdownHook] INFO  com.sentinel.engine.ApiMonitor - Deactivating all active surveillance signals...
2026-05-08 16:56:56 [background-preinit] INFO  o.h.validator.internal.util.Version - HV000001: Hibernate Validator 8.0.1.Final
2026-05-08 16:56:56 [main] INFO  com.sentinel.SentinelApplication - Starting SentinelApplication using Java 17.0.12 with PID 25104 (A:\Projects\Santinel\backend\target\classes started by Ajay in A:\Projects\Santinel\backend)
2026-05-08 16:56:56 [main] INFO  com.sentinel.SentinelApplication - No active profile set, falling back to 1 default profile: "default"
2026-05-08 16:56:57 [main] INFO  o.s.d.r.c.RepositoryConfigurationDelegate - Bootstrapping Spring Data MongoDB repositories in DEFAULT mode.
2026-05-08 16:56:58 [main] INFO  o.s.d.r.c.RepositoryConfigurationDelegate - Finished Spring Data repository scanning in 230 ms. Found 3 MongoDB repository interfaces.
2026-05-08 16:56:59 [main] INFO  o.s.b.w.e.tomcat.TomcatWebServer - Tomcat initialized with port 5500 (http)
2026-05-08 16:56:59 [main] INFO  o.a.coyote.http11.Http11NioProtocol - Initializing ProtocolHandler ["http-nio-5500"]
2026-05-08 16:56:59 [main] INFO  o.a.catalina.core.StandardService - Starting service [Tomcat]
2026-05-08 16:56:59 [main] INFO  o.a.catalina.core.StandardEngine - Starting Servlet engine: [Apache Tomcat/10.1.20]
2026-05-08 16:56:59 [main] INFO  o.a.c.c.C.[Tomcat].[localhost].[/] - Initializing Spring embedded WebApplicationContext
2026-05-08 16:56:59 [main] INFO  o.s.b.w.s.c.ServletWebServerApplicationContext - Root WebApplicationContext: initialization completed in 2283 ms
2026-05-08 16:56:59 [main] INFO  org.mongodb.driver.cluster - Adding discovered server ac-ipegaos-shard-00-00.n6xcems.mongodb.net:27017 to client view of cluster
2026-05-08 16:56:59 [main] INFO  org.mongodb.driver.cluster - Adding discovered server ac-ipegaos-shard-00-01.n6xcems.mongodb.net:27017 to client view of cluster
2026-05-08 16:56:59 [main] INFO  org.mongodb.driver.cluster - Adding discovered server ac-ipegaos-shard-00-02.n6xcems.mongodb.net:27017 to client view of cluster
2026-05-08 16:56:59 [main] INFO  org.mongodb.driver.client - MongoClient with metadata {"application": {"name": "Cluster0"}, "driver": {"name": "mongo-java-driver|sync|spring-boot", "version": "4.11.2"}, "os": {"type": "Windows", "name": "Windows 11", "architecture": "amd64", "version": "10.0"}, "platform": "Java/Oracle Corporation/17.0.12+8-LTS-286"} created with settings MongoClientSettings{readPreference=primary, writeConcern=WriteConcern{w=null, wTimeout=null ms, journal=null}, retryWrites=true, retryReads=true, readConcern=ReadConcern{level=null}, credential=MongoCredential{mechanism=null, userName='admin', source='admin', password=<hidden>, mechanismProperties=<hidden>}, transportSettings=null, streamFactoryFactory=null, commandListeners=[], codecRegistry=ProvidersCodecRegistry{codecProviders=[ValueCodecProvider{}, BsonValueCodecProvider{}, DBRefCodecProvider{}, DBObjectCodecProvider{}, DocumentCodecProvider{}, CollectionCodecProvider{}, IterableCodecProvider{}, MapCodecProvider{}, GeoJsonCodecProvider{}, GridFSFileCodecProvider{}, Jsr310CodecProvider{}, JsonObjectCodecProvider{}, BsonCodecProvider{}, EnumCodecProvider{}, com.mongodb.client.model.mql.ExpressionCodecProvider@9df564f, com.mongodb.Jep395RecordCodecProvider@1a21f43f, com.mongodb.KotlinCodecProvider@7f0a133d]}, loggerSettings=LoggerSettings{maxDocumentLength=1000}, clusterSettings={hosts=[ac-ipegaos-shard-00-00.n6xcems.mongodb.net:27017, ac-ipegaos-shard-00-01.n6xcems.mongodb.net:27017, ac-ipegaos-shard-00-02.n6xcems.mongodb.net:27017], srvServiceName=mongodb, mode=MULTIPLE, requiredClusterType=REPLICA_SET, requiredReplicaSetName='atlas-12ucmv-shard-0', serverSelector='null', clusterListeners='[]', serverSelectionTimeout='30000 ms', localThreshold='15 ms'}, socketSettings=SocketSettings{connectTimeoutMS=10000, readTimeoutMS=0, receiveBufferSize=0, proxySettings=ProxySettings{host=null, port=null, username=null, password=null}}, heartbeatSocketSettings=SocketSettings{connectTimeoutMS=10000, readTimeoutMS=10000, receiveBufferSize=0, proxySettings=ProxySettings{host=null, port=null, username=null, password=null}}, connectionPoolSettings=ConnectionPoolSettings{maxSize=100, minSize=0, maxWaitTimeMS=120000, maxConnectionLifeTimeMS=0, maxConnectionIdleTimeMS=0, maintenanceInitialDelayMS=0, maintenanceFrequencyMS=60000, connectionPoolListeners=[], maxConnecting=2}, serverSettings=ServerSettings{heartbeatFrequencyMS=10000, minHeartbeatFrequencyMS=500, serverListeners='[]', serverMonitorListeners='[]'}, sslSettings=SslSettings{enabled=true, invalidHostNameAllowed=false, context=null}, applicationName='Cluster0', compressorList=[], uuidRepresentation=JAVA_LEGACY, serverApi=null, autoEncryptionSettings=null, dnsClient=null, inetAddressResolver=null, contextProvider=null}
2026-05-08 16:57:00 [cluster-ClusterId{value='69fdc883a76a6261771cbf4d', description='Cluster0'}-ac-ipegaos-shard-00-01.n6xcems.mongodb.net:27017] INFO  org.mongodb.driver.cluster - Monitor thread successfully connected to server with description ServerDescription{address=ac-ipegaos-shard-00-01.n6xcems.mongodb.net:27017, type=REPLICA_SET_PRIMARY, state=CONNECTED, ok=true, minWireVersion=0, maxWireVersion=25, maxDocumentSize=16777216, logicalSessionTimeoutMinutes=30, roundTripTimeNanos=343803600, setName='atlas-12ucmv-shard-0', canonicalAddress=ac-ipegaos-shard-00-01.n6xcems.mongodb.net:27017, hosts=[ac-ipegaos-shard-00-00.n6xcems.mongodb.net:27017, ac-ipegaos-shard-00-02.n6xcems.mongodb.net:27017, ac-ipegaos-shard-00-01.n6xcems.mongodb.net:27017], passives=[], arbiters=[], primary='ac-ipegaos-shard-00-01.n6xcems.mongodb.net:27017', tagSet=TagSet{[Tag{name='availabilityZone', value='aps1-az3'}, Tag{name='cacheState', value='READY'}, Tag{name='diskState', value='READY'}, Tag{name='nodeType', value='ELECTABLE'}, Tag{name='provider', value='AWS'}, Tag{name='region', value='AP_SOUTH_1'}, Tag{name='workloadType', value='OPERATIONAL'}]}, electionId=7fffffff00000000000000df, setVersion=59, topologyVersion=TopologyVersion{processId=69fb4bd6cc4fccde66e6c67b, counter=6}, lastWriteDate=Fri May 08 16:57:00 IST 2026, lastUpdateTimeNanos=25578408526400}
2026-05-08 16:57:00 [cluster-ClusterId{value='69fdc883a76a6261771cbf4d', description='Cluster0'}-ac-ipegaos-shard-00-02.n6xcems.mongodb.net:27017] INFO  org.mongodb.driver.cluster - Monitor thread successfully connected to server with description ServerDescription{address=ac-ipegaos-shard-00-02.n6xcems.mongodb.net:27017, type=REPLICA_SET_SECONDARY, state=CONNECTED, ok=true, minWireVersion=0, maxWireVersion=25, maxDocumentSize=16777216, logicalSessionTimeoutMinutes=30, roundTripTimeNanos=343700800, setName='atlas-12ucmv-shard-0', canonicalAddress=ac-ipegaos-shard-00-02.n6xcems.mongodb.net:27017, hosts=[ac-ipegaos-shard-00-00.n6xcems.mongodb.net:27017, ac-ipegaos-shard-00-02.n6xcems.mongodb.net:27017, ac-ipegaos-shard-00-01.n6xcems.mongodb.net:27017], passives=[], arbiters=[], primary='ac-ipegaos-shard-00-01.n6xcems.mongodb.net:27017', tagSet=TagSet{[Tag{name='availabilityZone', value='aps1-az2'}, Tag{name='cacheState', value='READY'}, Tag{name='diskState', value='READY'}, Tag{name='nodeType', value='ELECTABLE'}, Tag{name='provider', value='AWS'}, Tag{name='region', value='AP_SOUTH_1'}, Tag{name='workloadType', value='OPERATIONAL'}]}, electionId=null, setVersion=59, topologyVersion=TopologyVersion{processId=69fb4c217b99c5550e6012ac, counter=3}, lastWriteDate=Fri May 08 16:57:00 IST 2026, lastUpdateTimeNanos=25578408530400}
2026-05-08 16:57:00 [cluster-ClusterId{value='69fdc883a76a6261771cbf4d', description='Cluster0'}-ac-ipegaos-shard-00-00.n6xcems.mongodb.net:27017] INFO  org.mongodb.driver.cluster - Monitor thread successfully connected to server with description ServerDescription{address=ac-ipegaos-shard-00-00.n6xcems.mongodb.net:27017, type=REPLICA_SET_SECONDARY, state=CONNECTED, ok=true, minWireVersion=0, maxWireVersion=25, maxDocumentSize=16777216, logicalSessionTimeoutMinutes=30, roundTripTimeNanos=343597700, setName='atlas-12ucmv-shard-0', canonicalAddress=ac-ipegaos-shard-00-00.n6xcems.mongodb.net:27017, hosts=[ac-ipegaos-shard-00-00.n6xcems.mongodb.net:27017, ac-ipegaos-shard-00-02.n6xcems.mongodb.net:27017, ac-ipegaos-shard-00-01.n6xcems.mongodb.net:27017], passives=[], arbiters=[], primary='ac-ipegaos-shard-00-01.n6xcems.mongodb.net:27017', tagSet=TagSet{[Tag{name='availabilityZone', value='aps1-az1'}, Tag{name='cacheState', value='READY'}, Tag{name='diskState', value='READY'}, Tag{name='nodeType', value='ELECTABLE'}, Tag{name='provider', value='AWS'}, Tag{name='region', value='AP_SOUTH_1'}, Tag{name='workloadType', value='OPERATIONAL'}]}, electionId=null, setVersion=59, topologyVersion=TopologyVersion{processId=69fb4b8ad9a9c178fb3301e4, counter=4}, lastWriteDate=Fri May 08 16:57:00 IST 2026, lastUpdateTimeNanos=25578408493700}
2026-05-08 16:57:00 [cluster-ClusterId{value='69fdc883a76a6261771cbf4d', description='Cluster0'}-ac-ipegaos-shard-00-01.n6xcems.mongodb.net:27017] INFO  org.mongodb.driver.cluster - Discovered replica set primary ac-ipegaos-shard-00-01.n6xcems.mongodb.net:27017 with max election id 7fffffff00000000000000df and max set version 59
2026-05-08 16:57:00 [main] INFO  com.sentinel.engine.ApiMonitor - Initializing global fleet surveillance protocols...
2026-05-08 16:57:00 [main] INFO  com.sentinel.engine.ApiMonitor - Scheduling surveillance for Test Service | Protocol Frequency: 30s
2026-05-08 16:57:00 [main] INFO  com.sentinel.engine.ApiMonitor - Scheduling surveillance for Sentinel API | Protocol Frequency: 30s
2026-05-08 16:57:00 [main] INFO  com.sentinel.engine.ApiMonitor - Scheduling surveillance for JSONPlaceholder | Protocol Frequency: 30s
2026-05-08 16:57:00 [main] INFO  com.sentinel.engine.ApiMonitor - Scheduling surveillance for JSONPlaceholder | Protocol Frequency: 30s
2026-05-08 16:57:00 [main] INFO  com.sentinel.engine.ApiMonitor - Scheduling surveillance for Posts | Protocol Frequency: 30s
2026-05-08 16:57:00 [main] INFO  com.sentinel.engine.ApiMonitor - Scheduling surveillance for JSONPlaceholder Test | Protocol Frequency: 30s
2026-05-08 16:57:00 [main] INFO  com.sentinel.engine.ApiMonitor - Scheduling surveillance for JSONPlaceholder Test | Protocol Frequency: 30s
2026-05-08 16:57:00 [main] INFO  com.sentinel.engine.ApiMonitor - Scheduling surveillance for JSONPlaceholder Fleet | Protocol Frequency: 30s
2026-05-08 16:57:00 [main] INFO  com.sentinel.engine.ApiMonitor - Scheduling surveillance for Doggo  | Protocol Frequency: 30s
2026-05-08 16:57:00 [main] INFO  com.sentinel.engine.ApiMonitor - Scheduling surveillance for golbot | Protocol Frequency: 30s
2026-05-08 16:57:00 [main] INFO  com.sentinel.engine.ApiMonitor - Scheduling surveillance for Golbot 2 | Protocol Frequency: 5s
2026-05-08 16:57:00 [main] INFO  com.sentinel.engine.ApiMonitor - Scheduling surveillance for test | Protocol Frequency: 30s
2026-05-08 16:57:00 [main] WARN  o.s.b.a.s.s.UserDetailsServiceAutoConfiguration - 

Using generated security password: eed45667-7cbe-4007-90f7-1c40bb955b5b

This generated password is for development use only. Your security configuration must be updated before running your application in production.

2026-05-08 16:57:01 [main] INFO  o.s.s.web.DefaultSecurityFilterChain - Will secure any request with [org.springframework.security.web.session.DisableEncodeUrlFilter@986b619, org.springframework.security.web.context.request.async.WebAsyncManagerIntegrationFilter@5a1a20ae, org.springframework.security.web.context.SecurityContextHolderFilter@333e5fb6, org.springframework.security.web.header.HeaderWriterFilter@39e3ea78, org.springframework.web.filter.CorsFilter@7c956dda, org.springframework.security.web.authentication.logout.LogoutFilter@2c08c787, com.sentinel.security.JwtTokenFilter@186481d4, org.springframework.security.web.savedrequest.RequestCacheAwareFilter@21a9f95b, org.springframework.security.web.servletapi.SecurityContextHolderAwareRequestFilter@2804b13f, org.springframework.security.web.authentication.AnonymousAuthenticationFilter@24eecabf, org.springframework.security.web.session.SessionManagementFilter@6f1d799, org.springframework.security.web.access.ExceptionTranslationFilter@7db162f2, org.springframework.security.web.access.intercept.AuthorizationFilter@1a4930cf]
2026-05-08 16:57:01 [main] INFO  o.a.coyote.http11.Http11NioProtocol - Starting ProtocolHandler ["http-nio-5500"]
2026-05-08 16:57:01 [main] INFO  o.s.b.w.e.tomcat.TomcatWebServer - Tomcat started on port 5500 (http) with context path ''
2026-05-08 16:57:01 [main] INFO  com.sentinel.SentinelApplication - Started SentinelApplication in 5.777 seconds (process running for 6.487)
2026-05-08 16:57:01 [http-nio-5500-exec-1] INFO  o.a.c.c.C.[Tomcat].[localhost].[/] - Initializing Spring DispatcherServlet 'dispatcherServlet'
2026-05-08 16:57:01 [http-nio-5500-exec-1] INFO  o.s.web.servlet.DispatcherServlet - Initializing Servlet 'dispatcherServlet'
2026-05-08 16:57:01 [http-nio-5500-exec-1] INFO  o.s.web.servlet.DispatcherServlet - Completed initialization in 1 ms
2026-05-08 16:59:40 [http-nio-5500-exec-2] WARN  o.s.w.s.m.s.DefaultHandlerExceptionResolver - Resolved [org.springframework.web.context.request.async.AsyncRequestNotUsableException: ServletOutputStream failed to write: java.io.IOException: An established connection was aborted by the software in your host machine]
2026-05-08 16:59:55 [http-nio-5500-exec-8] INFO  com.sentinel.engine.ApiMonitor - Scheduling surveillance for Charging station | Protocol Frequency: 30s
2026-05-08 17:00:27 [http-nio-5500-exec-5] WARN  o.s.w.s.m.s.DefaultHandlerExceptionResolver - Resolved [org.springframework.web.context.request.async.AsyncRequestNotUsableException: ServletOutputStream failed to write: java.io.IOException: An established connection was aborted by the software in your host machine]
2026-05-08 17:00:31 [http-nio-5500-exec-7] WARN  o.s.w.s.m.s.DefaultHandlerExceptionResolver - Resolved [org.springframework.web.context.request.async.AsyncRequestNotUsableException: ServletOutputStream failed to write: java.io.IOException: An established connection was aborted by the software in your host machine]
2026-05-08 17:00:50 [http-nio-5500-exec-9] WARN  o.s.w.s.m.s.DefaultHandlerExceptionResolver - Resolved [org.springframework.web.context.request.async.AsyncRequestNotUsableException: ServletOutputStream failed to write: java.io.IOException: An established connection was aborted by the software in your host machine]
2026-05-08 17:01:12 [http-nio-5500-exec-1] WARN  o.s.w.s.m.s.DefaultHandlerExceptionResolver - Resolved [org.springframework.web.context.request.async.AsyncRequestNotUsableException: ServletOutputStream failed to write: java.io.IOException: An established connection was aborted by the software in your host machine]
2026-05-08 17:01:13 [http-nio-5500-exec-4] WARN  o.s.w.s.m.s.DefaultHandlerExceptionResolver - Resolved [org.springframework.web.context.request.async.AsyncRequestNotUsableException: ServletOutputStream failed to write: java.io.IOException: An established connection was aborted by the software in your host machine]
2026-05-08 17:02:43 [http-nio-5500-exec-10] WARN  o.s.w.s.m.s.DefaultHandlerExceptionResolver - Resolved [org.springframework.web.context.request.async.AsyncRequestNotUsableException: ServletOutputStream failed to write: java.io.IOException: An established connection was aborted by the software in your host machine]
2026-05-08 17:02:43 [http-nio-5500-exec-3] WARN  o.s.w.s.m.s.DefaultHandlerExceptionResolver - Resolved [org.springframework.web.context.request.async.AsyncRequestNotUsableException: ServletOutputStream failed to write: java.io.IOException: An established connection was aborted by the software in your host machine]
2026-05-08 17:03:15 [http-nio-5500-exec-2] WARN  o.s.w.s.m.s.DefaultHandlerExceptionResolver - Resolved [org.springframework.web.context.request.async.AsyncRequestNotUsableException: ServletOutputStream failed to write: java.io.IOException: An established connection was aborted by the software in your host machine]
2026-05-08 17:03:15 [http-nio-5500-exec-6] WARN  o.s.w.s.m.s.DefaultHandlerExceptionResolver - Resolved [org.springframework.web.context.request.async.AsyncRequestNotUsableException: ServletOutputStream failed to write: java.io.IOException: An established connection was aborted by the software in your host machine]
2026-05-08 17:03:15 [http-nio-5500-exec-8] WARN  o.s.w.s.m.s.DefaultHandlerExceptionResolver - Resolved [org.springframework.web.context.request.async.AsyncRequestNotUsableException: ServletOutputStream failed to write: java.io.IOException: An established connection was aborted by the software in your host machine]
2026-05-08 17:03:50 [http-nio-5500-exec-13] WARN  o.s.w.s.m.s.DefaultHandlerExceptionResolver - Resolved [org.springframework.web.context.request.async.AsyncRequestNotUsableException: ServletOutputStream failed to write: java.io.IOException: An established connection was aborted by the software in your host machine]
2026-05-08 17:03:52 [http-nio-5500-exec-11] WARN  o.s.w.s.m.s.DefaultHandlerExceptionResolver - Resolved [org.springframework.web.context.request.async.AsyncRequestNotUsableException: ServletOutputStream failed to write: java.io.IOException: An established connection was aborted by the software in your host machine]
2026-05-08 17:03:52 [http-nio-5500-exec-14] WARN  o.s.w.s.m.s.DefaultHandlerExceptionResolver - Resolved [org.springframework.web.context.request.async.AsyncRequestNotUsableException: ServletOutputStream failed to write: java.io.IOException: An established connection was aborted by the software in your host machine]
2026-05-08 17:03:53 [http-nio-5500-exec-12] WARN  o.s.w.s.m.s.DefaultHandlerExceptionResolver - Resolved [org.springframework.web.context.request.async.AsyncRequestNotUsableException: ServletOutputStream failed to write: java.io.IOException: An established connection was aborted by the software in your host machine]
2026-05-08 17:04:10 [http-nio-5500-exec-7] WARN  o.s.w.s.m.s.DefaultHandlerExceptionResolver - Resolved [org.springframework.web.context.request.async.AsyncRequestNotUsableException: ServletOutputStream failed to write: java.io.IOException: An established connection was aborted by the software in your host machine]
2026-05-08 17:04:22 [http-nio-5500-exec-5] WARN  o.s.w.s.m.s.DefaultHandlerExceptionResolver - Resolved [org.springframework.web.context.request.async.AsyncRequestNotUsableException: ServletOutputStream failed to write: java.io.IOException: An established connection was aborted by the software in your host machine]
2026-05-08 17:04:23 [http-nio-5500-exec-9] WARN  o.s.w.s.m.s.DefaultHandlerExceptionResolver - Resolved [org.springframework.web.context.request.async.AsyncRequestNotUsableException: ServletOutputStream failed to write: java.io.IOException: An established connection was aborted by the software in your host machine]
2026-05-08 17:04:23 [http-nio-5500-exec-15] WARN  o.s.w.s.m.s.DefaultHandlerExceptionResolver - Resolved [org.springframework.web.context.request.async.AsyncRequestNotUsableException: ServletOutputStream failed to write: java.io.IOException: An established connection was aborted by the software in your host machine]
2026-05-08 17:04:47 [http-nio-5500-exec-17] WARN  o.s.w.s.m.s.DefaultHandlerExceptionResolver - Resolved [org.springframework.web.context.request.async.AsyncRequestNotUsableException: ServletOutputStream failed to write: java.io.IOException: An established connection was aborted by the software in your host machine]
2026-05-08 17:04:47 [http-nio-5500-exec-16] WARN  o.s.w.s.m.s.DefaultHandlerExceptionResolver - Resolved [org.springframework.web.context.request.async.AsyncRequestNotUsableException: ServletOutputStream failed to write: java.io.IOException: An established connection was aborted by the software in your host machine]
2026-05-08 17:05:00 [http-nio-5500-exec-4] WARN  o.s.w.s.m.s.DefaultHandlerExceptionResolver - Resolved [org.springframework.web.context.request.async.AsyncRequestNotUsableException: ServletOutputStream failed to write: java.io.IOException: An established connection was aborted by the software in your host machine]
2026-05-08 17:05:19 [http-nio-5500-exec-18] WARN  o.s.w.s.m.s.DefaultHandlerExceptionResolver - Resolved [org.springframework.web.context.request.async.AsyncRequestNotUsableException: ServletOutputStream failed to write: java.io.IOException: An established connection was aborted by the software in your host machine]
2026-05-08 17:05:19 [http-nio-5500-exec-1] WARN  o.s.w.s.m.s.DefaultHandlerExceptionResolver - Resolved [org.springframework.web.context.request.async.AsyncRequestNotUsableException: ServletOutputStream failed to write: java.io.IOException: An established connection was aborted by the software in your host machine]
2026-05-08 17:05:19 [http-nio-5500-exec-19] WARN  o.s.w.s.m.s.DefaultHandlerExceptionResolver - Resolved [org.springframework.web.context.request.async.AsyncRequestNotUsableException: ServletOutputStream failed to write: java.io.IOException: An established connection was aborted by the software in your host machine]
2026-05-08 17:05:27 [http-nio-5500-exec-22] WARN  o.s.w.s.m.s.DefaultHandlerExceptionResolver - Resolved [org.springframework.web.context.request.async.AsyncRequestNotUsableException: ServletOutputStream failed to write: java.io.IOException: An established connection was aborted by the software in your host machine]
2026-05-08 17:05:27 [http-nio-5500-exec-21] WARN  o.s.w.s.m.s.DefaultHandlerExceptionResolver - Resolved [org.springframework.web.context.request.async.AsyncRequestNotUsableException: ServletOutputStream failed to write: java.io.IOException: An established connection was aborted by the software in your host machine]
2026-05-08 17:05:27 [http-nio-5500-exec-20] WARN  o.s.w.s.m.s.DefaultHandlerExceptionResolver - Resolved [org.springframework.web.context.request.async.AsyncRequestNotUsableException: ServletOutputStream failed to write: java.io.IOException: An established connection was aborted by the software in your host machine]
2026-05-08 17:06:18 [background-preinit] INFO  o.h.validator.internal.util.Version - HV000001: Hibernate Validator 8.0.1.Final
2026-05-08 17:06:18 [main] INFO  com.sentinel.SentinelApplication - Starting SentinelApplication using Java 17.0.12 with PID 26044 (A:\Projects\Santinel\backend\target\classes started by Ajay in A:\Projects\Santinel\backend)
2026-05-08 17:06:18 [main] INFO  com.sentinel.SentinelApplication - No active profile set, falling back to 1 default profile: "default"
2026-05-08 17:06:19 [main] INFO  o.s.d.r.c.RepositoryConfigurationDelegate - Bootstrapping Spring Data MongoDB repositories in DEFAULT mode.
2026-05-08 17:06:19 [main] INFO  o.s.d.r.c.RepositoryConfigurationDelegate - Finished Spring Data repository scanning in 232 ms. Found 3 MongoDB repository interfaces.
2026-05-08 17:06:20 [main] INFO  o.s.b.w.e.tomcat.TomcatWebServer - Tomcat initialized with port 5500 (http)
2026-05-08 17:06:20 [main] INFO  o.a.coyote.http11.Http11NioProtocol - Initializing ProtocolHandler ["http-nio-5500"]
2026-05-08 17:06:20 [main] INFO  o.a.catalina.core.StandardService - Starting service [Tomcat]
2026-05-08 17:06:20 [main] INFO  o.a.catalina.core.StandardEngine - Starting Servlet engine: [Apache Tomcat/10.1.20]
2026-05-08 17:06:20 [main] INFO  o.a.c.c.C.[Tomcat].[localhost].[/] - Initializing Spring embedded WebApplicationContext
2026-05-08 17:06:20 [main] INFO  o.s.b.w.s.c.ServletWebServerApplicationContext - Root WebApplicationContext: initialization completed in 2263 ms
2026-05-08 17:06:20 [main] INFO  org.mongodb.driver.cluster - Adding discovered server ac-ipegaos-shard-00-00.n6xcems.mongodb.net:27017 to client view of cluster
2026-05-08 17:06:21 [main] INFO  org.mongodb.driver.cluster - Adding discovered server ac-ipegaos-shard-00-01.n6xcems.mongodb.net:27017 to client view of cluster
2026-05-08 17:06:21 [main] INFO  org.mongodb.driver.cluster - Adding discovered server ac-ipegaos-shard-00-02.n6xcems.mongodb.net:27017 to client view of cluster
2026-05-08 17:06:21 [main] INFO  org.mongodb.driver.client - MongoClient with metadata {"application": {"name": "Cluster0"}, "driver": {"name": "mongo-java-driver|sync|spring-boot", "version": "4.11.2"}, "os": {"type": "Windows", "name": "Windows 11", "architecture": "amd64", "version": "10.0"}, "platform": "Java/Oracle Corporation/17.0.12+8-LTS-286"} created with settings MongoClientSettings{readPreference=primary, writeConcern=WriteConcern{w=null, wTimeout=null ms, journal=null}, retryWrites=true, retryReads=true, readConcern=ReadConcern{level=null}, credential=MongoCredential{mechanism=null, userName='admin', source='admin', password=<hidden>, mechanismProperties=<hidden>}, transportSettings=null, streamFactoryFactory=null, commandListeners=[], codecRegistry=ProvidersCodecRegistry{codecProviders=[ValueCodecProvider{}, BsonValueCodecProvider{}, DBRefCodecProvider{}, DBObjectCodecProvider{}, DocumentCodecProvider{}, CollectionCodecProvider{}, IterableCodecProvider{}, MapCodecProvider{}, GeoJsonCodecProvider{}, GridFSFileCodecProvider{}, Jsr310CodecProvider{}, JsonObjectCodecProvider{}, BsonCodecProvider{}, EnumCodecProvider{}, com.mongodb.client.model.mql.ExpressionCodecProvider@377949f1, com.mongodb.Jep395RecordCodecProvider@9df564f, com.mongodb.KotlinCodecProvider@1a21f43f]}, loggerSettings=LoggerSettings{maxDocumentLength=1000}, clusterSettings={hosts=[ac-ipegaos-shard-00-00.n6xcems.mongodb.net:27017, ac-ipegaos-shard-00-01.n6xcems.mongodb.net:27017, ac-ipegaos-shard-00-02.n6xcems.mongodb.net:27017], srvServiceName=mongodb, mode=MULTIPLE, requiredClusterType=REPLICA_SET, requiredReplicaSetName='atlas-12ucmv-shard-0', serverSelector='null', clusterListeners='[]', serverSelectionTimeout='30000 ms', localThreshold='15 ms'}, socketSettings=SocketSettings{connectTimeoutMS=10000, readTimeoutMS=0, receiveBufferSize=0, proxySettings=ProxySettings{host=null, port=null, username=null, password=null}}, heartbeatSocketSettings=SocketSettings{connectTimeoutMS=10000, readTimeoutMS=10000, receiveBufferSize=0, proxySettings=ProxySettings{host=null, port=null, username=null, password=null}}, connectionPoolSettings=ConnectionPoolSettings{maxSize=100, minSize=0, maxWaitTimeMS=120000, maxConnectionLifeTimeMS=0, maxConnectionIdleTimeMS=0, maintenanceInitialDelayMS=0, maintenanceFrequencyMS=60000, connectionPoolListeners=[], maxConnecting=2}, serverSettings=ServerSettings{heartbeatFrequencyMS=10000, minHeartbeatFrequencyMS=500, serverListeners='[]', serverMonitorListeners='[]'}, sslSettings=SslSettings{enabled=true, invalidHostNameAllowed=false, context=null}, applicationName='Cluster0', compressorList=[], uuidRepresentation=JAVA_LEGACY, serverApi=null, autoEncryptionSettings=null, dnsClient=null, inetAddressResolver=null, contextProvider=null}
2026-05-08 17:06:21 [cluster-ClusterId{value='69fdcab46d1c2620d2272834', description='Cluster0'}-ac-ipegaos-shard-00-00.n6xcems.mongodb.net:27017] INFO  org.mongodb.driver.cluster - Monitor thread successfully connected to server with description ServerDescription{address=ac-ipegaos-shard-00-00.n6xcems.mongodb.net:27017, type=REPLICA_SET_SECONDARY, state=CONNECTED, ok=true, minWireVersion=0, maxWireVersion=25, maxDocumentSize=16777216, logicalSessionTimeoutMinutes=30, roundTripTimeNanos=322251400, setName='atlas-12ucmv-shard-0', canonicalAddress=ac-ipegaos-shard-00-00.n6xcems.mongodb.net:27017, hosts=[ac-ipegaos-shard-00-00.n6xcems.mongodb.net:27017, ac-ipegaos-shard-00-02.n6xcems.mongodb.net:27017, ac-ipegaos-shard-00-01.n6xcems.mongodb.net:27017], passives=[], arbiters=[], primary='ac-ipegaos-shard-00-01.n6xcems.mongodb.net:27017', tagSet=TagSet{[Tag{name='availabilityZone', value='aps1-az1'}, Tag{name='cacheState', value='READY'}, Tag{name='diskState', value='READY'}, Tag{name='nodeType', value='ELECTABLE'}, Tag{name='provider', value='AWS'}, Tag{name='region', value='AP_SOUTH_1'}, Tag{name='workloadType', value='OPERATIONAL'}]}, electionId=null, setVersion=59, topologyVersion=TopologyVersion{processId=69fb4b8ad9a9c178fb3301e4, counter=4}, lastWriteDate=Fri May 08 17:06:21 IST 2026, lastUpdateTimeNanos=26139742990300}
2026-05-08 17:06:21 [cluster-ClusterId{value='69fdcab46d1c2620d2272834', description='Cluster0'}-ac-ipegaos-shard-00-02.n6xcems.mongodb.net:27017] INFO  org.mongodb.driver.cluster - Monitor thread successfully connected to server with description ServerDescription{address=ac-ipegaos-shard-00-02.n6xcems.mongodb.net:27017, type=REPLICA_SET_SECONDARY, state=CONNECTED, ok=true, minWireVersion=0, maxWireVersion=25, maxDocumentSize=16777216, logicalSessionTimeoutMinutes=30, roundTripTimeNanos=322233400, setName='atlas-12ucmv-shard-0', canonicalAddress=ac-ipegaos-shard-00-02.n6xcems.mongodb.net:27017, hosts=[ac-ipegaos-shard-00-00.n6xcems.mongodb.net:27017, ac-ipegaos-shard-00-02.n6xcems.mongodb.net:27017, ac-ipegaos-shard-00-01.n6xcems.mongodb.net:27017], passives=[], arbiters=[], primary='ac-ipegaos-shard-00-01.n6xcems.mongodb.net:27017', tagSet=TagSet{[Tag{name='availabilityZone', value='aps1-az2'}, Tag{name='cacheState', value='READY'}, Tag{name='diskState', value='READY'}, Tag{name='nodeType', value='ELECTABLE'}, Tag{name='provider', value='AWS'}, Tag{name='region', value='AP_SOUTH_1'}, Tag{name='workloadType', value='OPERATIONAL'}]}, electionId=null, setVersion=59, topologyVersion=TopologyVersion{processId=69fb4c217b99c5550e6012ac, counter=3}, lastWriteDate=Fri May 08 17:06:21 IST 2026, lastUpdateTimeNanos=26139742990100}
2026-05-08 17:06:21 [main] INFO  com.sentinel.engine.ApiMonitor - Initializing global fleet surveillance protocols...
2026-05-08 17:06:21 [main] INFO  org.mongodb.driver.cluster - No server chosen by ReadPreferenceServerSelector{readPreference=primary} from cluster description ClusterDescription{type=REPLICA_SET, connectionMode=MULTIPLE, serverDescriptions=[ServerDescription{address=ac-ipegaos-shard-00-02.n6xcems.mongodb.net:27017, type=REPLICA_SET_SECONDARY, state=CONNECTED, ok=true, minWireVersion=0, maxWireVersion=25, maxDocumentSize=16777216, logicalSessionTimeoutMinutes=30, roundTripTimeNanos=322233400, setName='atlas-12ucmv-shard-0', canonicalAddress=ac-ipegaos-shard-00-02.n6xcems.mongodb.net:27017, hosts=[ac-ipegaos-shard-00-00.n6xcems.mongodb.net:27017, ac-ipegaos-shard-00-02.n6xcems.mongodb.net:27017, ac-ipegaos-shard-00-01.n6xcems.mongodb.net:27017], passives=[], arbiters=[], primary='ac-ipegaos-shard-00-01.n6xcems.mongodb.net:27017', tagSet=TagSet{[Tag{name='availabilityZone', value='aps1-az2'}, Tag{name='cacheState', value='READY'}, Tag{name='diskState', value='READY'}, Tag{name='nodeType', value='ELECTABLE'}, Tag{name='provider', value='AWS'}, Tag{name='region', value='AP_SOUTH_1'}, Tag{name='workloadType', value='OPERATIONAL'}]}, electionId=null, setVersion=59, topologyVersion=TopologyVersion{processId=69fb4c217b99c5550e6012ac, counter=3}, lastWriteDate=Fri May 08 17:06:21 IST 2026, lastUpdateTimeNanos=26139742990100}, ServerDescription{address=ac-ipegaos-shard-00-00.n6xcems.mongodb.net:27017, type=REPLICA_SET_SECONDARY, state=CONNECTED, ok=true, minWireVersion=0, maxWireVersion=25, maxDocumentSize=16777216, logicalSessionTimeoutMinutes=30, roundTripTimeNanos=322251400, setName='atlas-12ucmv-shard-0', canonicalAddress=ac-ipegaos-shard-00-00.n6xcems.mongodb.net:27017, hosts=[ac-ipegaos-shard-00-00.n6xcems.mongodb.net:27017, ac-ipegaos-shard-00-02.n6xcems.mongodb.net:27017, ac-ipegaos-shard-00-01.n6xcems.mongodb.net:27017], passives=[], arbiters=[], primary='ac-ipegaos-shard-00-01.n6xcems.mongodb.net:27017', tagSet=TagSet{[Tag{name='availabilityZone', value='aps1-az1'}, Tag{name='cacheState', value='READY'}, Tag{name='diskState', value='READY'}, Tag{name='nodeType', value='ELECTABLE'}, Tag{name='provider', value='AWS'}, Tag{name='region', value='AP_SOUTH_1'}, Tag{name='workloadType', value='OPERATIONAL'}]}, electionId=null, setVersion=59, topologyVersion=TopologyVersion{processId=69fb4b8ad9a9c178fb3301e4, counter=4}, lastWriteDate=Fri May 08 17:06:21 IST 2026, lastUpdateTimeNanos=26139742990300}, ServerDescription{address=ac-ipegaos-shard-00-01.n6xcems.mongodb.net:27017, type=UNKNOWN, state=CONNECTING}]}. Waiting for 30000 ms before timing out
2026-05-08 17:06:27 [cluster-ClusterId{value='69fdcab46d1c2620d2272834', description='Cluster0'}-ac-ipegaos-shard-00-01.n6xcems.mongodb.net:27017] INFO  org.mongodb.driver.cluster - Monitor thread successfully connected to server with description ServerDescription{address=ac-ipegaos-shard-00-01.n6xcems.mongodb.net:27017, type=REPLICA_SET_PRIMARY, state=CONNECTED, ok=true, minWireVersion=0, maxWireVersion=25, maxDocumentSize=16777216, logicalSessionTimeoutMinutes=30, roundTripTimeNanos=5761954000, setName='atlas-12ucmv-shard-0', canonicalAddress=ac-ipegaos-shard-00-01.n6xcems.mongodb.net:27017, hosts=[ac-ipegaos-shard-00-00.n6xcems.mongodb.net:27017, ac-ipegaos-shard-00-02.n6xcems.mongodb.net:27017, ac-ipegaos-shard-00-01.n6xcems.mongodb.net:27017], passives=[], arbiters=[], primary='ac-ipegaos-shard-00-01.n6xcems.mongodb.net:27017', tagSet=TagSet{[Tag{name='availabilityZone', value='aps1-az3'}, Tag{name='cacheState', value='READY'}, Tag{name='diskState', value='READY'}, Tag{name='nodeType', value='ELECTABLE'}, Tag{name='provider', value='AWS'}, Tag{name='region', value='AP_SOUTH_1'}, Tag{name='workloadType', value='OPERATIONAL'}]}, electionId=7fffffff00000000000000df, setVersion=59, topologyVersion=TopologyVersion{processId=69fb4bd6cc4fccde66e6c67b, counter=6}, lastWriteDate=Fri May 08 17:06:26 IST 2026, lastUpdateTimeNanos=26145185845000}
2026-05-08 17:06:27 [cluster-ClusterId{value='69fdcab46d1c2620d2272834', description='Cluster0'}-ac-ipegaos-shard-00-01.n6xcems.mongodb.net:27017] INFO  org.mongodb.driver.cluster - Discovered replica set primary ac-ipegaos-shard-00-01.n6xcems.mongodb.net:27017 with max election id 7fffffff00000000000000df and max set version 59
2026-05-08 17:06:27 [main] INFO  com.sentinel.engine.ApiMonitor - Scheduling surveillance for Test Service | Protocol Frequency: 30s
2026-05-08 17:06:27 [main] INFO  com.sentinel.engine.ApiMonitor - Scheduling surveillance for Sentinel API | Protocol Frequency: 30s
2026-05-08 17:06:27 [main] INFO  com.sentinel.engine.ApiMonitor - Scheduling surveillance for JSONPlaceholder | Protocol Frequency: 30s
2026-05-08 17:06:27 [main] INFO  com.sentinel.engine.ApiMonitor - Scheduling surveillance for JSONPlaceholder | Protocol Frequency: 30s
2026-05-08 17:06:27 [main] INFO  com.sentinel.engine.ApiMonitor - Scheduling surveillance for Posts | Protocol Frequency: 30s
2026-05-08 17:06:27 [main] INFO  com.sentinel.engine.ApiMonitor - Scheduling surveillance for JSONPlaceholder Test | Protocol Frequency: 30s
2026-05-08 17:06:27 [main] INFO  com.sentinel.engine.ApiMonitor - Scheduling surveillance for JSONPlaceholder Test | Protocol Frequency: 30s
2026-05-08 17:06:27 [main] INFO  com.sentinel.engine.ApiMonitor - Scheduling surveillance for JSONPlaceholder Fleet | Protocol Frequency: 30s
2026-05-08 17:06:27 [main] INFO  com.sentinel.engine.ApiMonitor - Scheduling surveillance for Doggo  | Protocol Frequency: 30s
2026-05-08 17:06:27 [main] INFO  com.sentinel.engine.ApiMonitor - Scheduling surveillance for golbot | Protocol Frequency: 30s
2026-05-08 17:06:27 [main] INFO  com.sentinel.engine.ApiMonitor - Scheduling surveillance for Golbot 2 | Protocol Frequency: 5s
2026-05-08 17:06:27 [main] INFO  com.sentinel.engine.ApiMonitor - Scheduling surveillance for test | Protocol Frequency: 30s
2026-05-08 17:06:27 [main] INFO  com.sentinel.engine.ApiMonitor - Scheduling surveillance for Charging station | Protocol Frequency: 30s
2026-05-08 17:06:27 [main] WARN  o.s.b.a.s.s.UserDetailsServiceAutoConfiguration - 

Using generated security password: d52111d2-1939-49bf-844f-11b929a559cb

This generated password is for development use only. Your security configuration must be updated before running your application in production.

2026-05-08 17:06:28 [main] INFO  o.s.s.web.DefaultSecurityFilterChain - Will secure any request with [org.springframework.security.web.session.DisableEncodeUrlFilter@2ffa91dc, org.springframework.security.web.context.request.async.WebAsyncManagerIntegrationFilter@78d6c244, org.springframework.security.web.context.SecurityContextHolderFilter@ac417a2, org.springframework.security.web.header.HeaderWriterFilter@1cc93da4, org.springframework.web.filter.CorsFilter@448086ab, org.springframework.security.web.authentication.logout.LogoutFilter@51f34185, com.sentinel.security.JwtTokenFilter@16e907b6, org.springframework.security.web.savedrequest.RequestCacheAwareFilter@69499c6f, org.springframework.security.web.servletapi.SecurityContextHolderAwareRequestFilter@3451fc88, org.springframework.security.web.authentication.AnonymousAuthenticationFilter@6de610c6, org.springframework.security.web.session.SessionManagementFilter@21a9f95b, org.springframework.security.web.access.ExceptionTranslationFilter@3bf5911d, org.springframework.security.web.access.intercept.AuthorizationFilter@7c956dda]
2026-05-08 17:06:28 [main] INFO  o.a.coyote.http11.Http11NioProtocol - Starting ProtocolHandler ["http-nio-5500"]
2026-05-08 17:06:28 [main] INFO  o.s.b.w.e.tomcat.TomcatWebServer - Tomcat started on port 5500 (http) with context path ''
2026-05-08 17:06:28 [main] INFO  com.sentinel.SentinelApplication - Started SentinelApplication in 11.02 seconds (process running for 11.647)
2026-05-08 17:06:37 [http-nio-5500-exec-1] INFO  o.a.c.c.C.[Tomcat].[localhost].[/] - Initializing Spring DispatcherServlet 'dispatcherServlet'
2026-05-08 17:06:37 [http-nio-5500-exec-1] INFO  o.s.web.servlet.DispatcherServlet - Initializing Servlet 'dispatcherServlet'
2026-05-08 17:06:37 [http-nio-5500-exec-1] INFO  o.s.web.servlet.DispatcherServlet - Completed initialization in 2 ms
2026-05-08 17:07:54 [SpringApplicationShutdownHook] INFO  com.sentinel.engine.ApiMonitor - Deactivating all active surveillance signals...
2026-05-08 17:08:44 [background-preinit] INFO  o.h.validator.internal.util.Version - HV000001: Hibernate Validator 8.0.1.Final
2026-05-08 17:08:44 [main] INFO  com.sentinel.SentinelApplication - Starting SentinelApplication using Java 17.0.12 with PID 19444 (A:\Projects\Santinel\backend\target\classes started by Ajay in A:\Projects\Santinel\backend)
2026-05-08 17:08:44 [main] INFO  com.sentinel.SentinelApplication - No active profile set, falling back to 1 default profile: "default"
2026-05-08 17:08:45 [main] INFO  o.s.d.r.c.RepositoryConfigurationDelegate - Bootstrapping Spring Data MongoDB repositories in DEFAULT mode.
2026-05-08 17:08:46 [main] INFO  o.s.d.r.c.RepositoryConfigurationDelegate - Finished Spring Data repository scanning in 259 ms. Found 3 MongoDB repository interfaces.
2026-05-08 17:08:47 [main] INFO  o.s.b.w.e.tomcat.TomcatWebServer - Tomcat initialized with port 5500 (http)
2026-05-08 17:08:47 [main] INFO  o.a.coyote.http11.Http11NioProtocol - Initializing ProtocolHandler ["http-nio-5500"]
2026-05-08 17:08:47 [main] INFO  o.a.catalina.core.StandardService - Starting service [Tomcat]
2026-05-08 17:08:47 [main] INFO  o.a.catalina.core.StandardEngine - Starting Servlet engine: [Apache Tomcat/10.1.20]
2026-05-08 17:08:47 [main] INFO  o.a.c.c.C.[Tomcat].[localhost].[/] - Initializing Spring embedded WebApplicationContext
2026-05-08 17:08:47 [main] INFO  o.s.b.w.s.c.ServletWebServerApplicationContext - Root WebApplicationContext: initialization completed in 2486 ms
2026-05-08 17:08:47 [main] INFO  org.mongodb.driver.cluster - Adding discovered server ac-ipegaos-shard-00-00.n6xcems.mongodb.net:27017 to client view of cluster
2026-05-08 17:08:47 [main] INFO  org.mongodb.driver.cluster - Adding discovered server ac-ipegaos-shard-00-01.n6xcems.mongodb.net:27017 to client view of cluster
2026-05-08 17:08:47 [main] INFO  org.mongodb.driver.cluster - Adding discovered server ac-ipegaos-shard-00-02.n6xcems.mongodb.net:27017 to client view of cluster
2026-05-08 17:08:47 [main] INFO  org.mongodb.driver.client - MongoClient with metadata {"application": {"name": "Cluster0"}, "driver": {"name": "mongo-java-driver|sync|spring-boot", "version": "4.11.2"}, "os": {"type": "Windows", "name": "Windows 11", "architecture": "amd64", "version": "10.0"}, "platform": "Java/Oracle Corporation/17.0.12+8-LTS-286"} created with settings MongoClientSettings{readPreference=primary, writeConcern=WriteConcern{w=null, wTimeout=null ms, journal=null}, retryWrites=true, retryReads=true, readConcern=ReadConcern{level=null}, credential=MongoCredential{mechanism=null, userName='admin', source='admin', password=<hidden>, mechanismProperties=<hidden>}, transportSettings=null, streamFactoryFactory=null, commandListeners=[], codecRegistry=ProvidersCodecRegistry{codecProviders=[ValueCodecProvider{}, BsonValueCodecProvider{}, DBRefCodecProvider{}, DBObjectCodecProvider{}, DocumentCodecProvider{}, CollectionCodecProvider{}, IterableCodecProvider{}, MapCodecProvider{}, GeoJsonCodecProvider{}, GridFSFileCodecProvider{}, Jsr310CodecProvider{}, JsonObjectCodecProvider{}, BsonCodecProvider{}, EnumCodecProvider{}, com.mongodb.client.model.mql.ExpressionCodecProvider@3daf03d8, com.mongodb.Jep395RecordCodecProvider@510689af, com.mongodb.KotlinCodecProvider@2415e4c7]}, loggerSettings=LoggerSettings{maxDocumentLength=1000}, clusterSettings={hosts=[ac-ipegaos-shard-00-00.n6xcems.mongodb.net:27017, ac-ipegaos-shard-00-01.n6xcems.mongodb.net:27017, ac-ipegaos-shard-00-02.n6xcems.mongodb.net:27017], srvServiceName=mongodb, mode=MULTIPLE, requiredClusterType=REPLICA_SET, requiredReplicaSetName='atlas-12ucmv-shard-0', serverSelector='null', clusterListeners='[]', serverSelectionTimeout='30000 ms', localThreshold='15 ms'}, socketSettings=SocketSettings{connectTimeoutMS=10000, readTimeoutMS=0, receiveBufferSize=0, proxySettings=ProxySettings{host=null, port=null, username=null, password=null}}, heartbeatSocketSettings=SocketSettings{connectTimeoutMS=10000, readTimeoutMS=10000, receiveBufferSize=0, proxySettings=ProxySettings{host=null, port=null, username=null, password=null}}, connectionPoolSettings=ConnectionPoolSettings{maxSize=100, minSize=0, maxWaitTimeMS=120000, maxConnectionLifeTimeMS=0, maxConnectionIdleTimeMS=0, maintenanceInitialDelayMS=0, maintenanceFrequencyMS=60000, connectionPoolListeners=[], maxConnecting=2}, serverSettings=ServerSettings{heartbeatFrequencyMS=10000, minHeartbeatFrequencyMS=500, serverListeners='[]', serverMonitorListeners='[]'}, sslSettings=SslSettings{enabled=true, invalidHostNameAllowed=false, context=null}, applicationName='Cluster0', compressorList=[], uuidRepresentation=JAVA_LEGACY, serverApi=null, autoEncryptionSettings=null, dnsClient=null, inetAddressResolver=null, contextProvider=null}
2026-05-08 17:08:48 [cluster-ClusterId{value='69fdcb47252f801f6eac74c7', description='Cluster0'}-ac-ipegaos-shard-00-00.n6xcems.mongodb.net:27017] INFO  org.mongodb.driver.cluster - Monitor thread successfully connected to server with description ServerDescription{address=ac-ipegaos-shard-00-00.n6xcems.mongodb.net:27017, type=REPLICA_SET_SECONDARY, state=CONNECTED, ok=true, minWireVersion=0, maxWireVersion=25, maxDocumentSize=16777216, logicalSessionTimeoutMinutes=30, roundTripTimeNanos=338143300, setName='atlas-12ucmv-shard-0', canonicalAddress=ac-ipegaos-shard-00-00.n6xcems.mongodb.net:27017, hosts=[ac-ipegaos-shard-00-00.n6xcems.mongodb.net:27017, ac-ipegaos-shard-00-02.n6xcems.mongodb.net:27017, ac-ipegaos-shard-00-01.n6xcems.mongodb.net:27017], passives=[], arbiters=[], primary='ac-ipegaos-shard-00-01.n6xcems.mongodb.net:27017', tagSet=TagSet{[Tag{name='availabilityZone', value='aps1-az1'}, Tag{name='cacheState', value='READY'}, Tag{name='diskState', value='READY'}, Tag{name='nodeType', value='ELECTABLE'}, Tag{name='provider', value='AWS'}, Tag{name='region', value='AP_SOUTH_1'}, Tag{name='workloadType', value='OPERATIONAL'}]}, electionId=null, setVersion=59, topologyVersion=TopologyVersion{processId=69fb4b8ad9a9c178fb3301e4, counter=4}, lastWriteDate=Fri May 08 17:08:48 IST 2026, lastUpdateTimeNanos=26286419830800}
2026-05-08 17:08:48 [cluster-ClusterId{value='69fdcb47252f801f6eac74c7', description='Cluster0'}-ac-ipegaos-shard-00-02.n6xcems.mongodb.net:27017] INFO  org.mongodb.driver.cluster - Monitor thread successfully connected to server with description ServerDescription{address=ac-ipegaos-shard-00-02.n6xcems.mongodb.net:27017, type=REPLICA_SET_SECONDARY, state=CONNECTED, ok=true, minWireVersion=0, maxWireVersion=25, maxDocumentSize=16777216, logicalSessionTimeoutMinutes=30, roundTripTimeNanos=338248700, setName='atlas-12ucmv-shard-0', canonicalAddress=ac-ipegaos-shard-00-02.n6xcems.mongodb.net:27017, hosts=[ac-ipegaos-shard-00-00.n6xcems.mongodb.net:27017, ac-ipegaos-shard-00-02.n6xcems.mongodb.net:27017, ac-ipegaos-shard-00-01.n6xcems.mongodb.net:27017], passives=[], arbiters=[], primary='ac-ipegaos-shard-00-01.n6xcems.mongodb.net:27017', tagSet=TagSet{[Tag{name='availabilityZone', value='aps1-az2'}, Tag{name='cacheState', value='READY'}, Tag{name='diskState', value='READY'}, Tag{name='nodeType', value='ELECTABLE'}, Tag{name='provider', value='AWS'}, Tag{name='region', value='AP_SOUTH_1'}, Tag{name='workloadType', value='OPERATIONAL'}]}, electionId=null, setVersion=59, topologyVersion=TopologyVersion{processId=69fb4c217b99c5550e6012ac, counter=3}, lastWriteDate=Fri May 08 17:08:48 IST 2026, lastUpdateTimeNanos=26286419830900}
2026-05-08 17:08:48 [main] INFO  com.sentinel.engine.ApiMonitor - Initializing global fleet surveillance protocols...
2026-05-08 17:08:48 [main] INFO  org.mongodb.driver.cluster - No server chosen by ReadPreferenceServerSelector{readPreference=primary} from cluster description ClusterDescription{type=REPLICA_SET, connectionMode=MULTIPLE, serverDescriptions=[ServerDescription{address=ac-ipegaos-shard-00-02.n6xcems.mongodb.net:27017, type=REPLICA_SET_SECONDARY, state=CONNECTED, ok=true, minWireVersion=0, maxWireVersion=25, maxDocumentSize=16777216, logicalSessionTimeoutMinutes=30, roundTripTimeNanos=338248700, setName='atlas-12ucmv-shard-0', canonicalAddress=ac-ipegaos-shard-00-02.n6xcems.mongodb.net:27017, hosts=[ac-ipegaos-shard-00-00.n6xcems.mongodb.net:27017, ac-ipegaos-shard-00-02.n6xcems.mongodb.net:27017, ac-ipegaos-shard-00-01.n6xcems.mongodb.net:27017], passives=[], arbiters=[], primary='ac-ipegaos-shard-00-01.n6xcems.mongodb.net:27017', tagSet=TagSet{[Tag{name='availabilityZone', value='aps1-az2'}, Tag{name='cacheState', value='READY'}, Tag{name='diskState', value='READY'}, Tag{name='nodeType', value='ELECTABLE'}, Tag{name='provider', value='AWS'}, Tag{name='region', value='AP_SOUTH_1'}, Tag{name='workloadType', value='OPERATIONAL'}]}, electionId=null, setVersion=59, topologyVersion=TopologyVersion{processId=69fb4c217b99c5550e6012ac, counter=3}, lastWriteDate=Fri May 08 17:08:48 IST 2026, lastUpdateTimeNanos=26286419830900}, ServerDescription{address=ac-ipegaos-shard-00-00.n6xcems.mongodb.net:27017, type=REPLICA_SET_SECONDARY, state=CONNECTED, ok=true, minWireVersion=0, maxWireVersion=25, maxDocumentSize=16777216, logicalSessionTimeoutMinutes=30, roundTripTimeNanos=338143300, setName='atlas-12ucmv-shard-0', canonicalAddress=ac-ipegaos-shard-00-00.n6xcems.mongodb.net:27017, hosts=[ac-ipegaos-shard-00-00.n6xcems.mongodb.net:27017, ac-ipegaos-shard-00-02.n6xcems.mongodb.net:27017, ac-ipegaos-shard-00-01.n6xcems.mongodb.net:27017], passives=[], arbiters=[], primary='ac-ipegaos-shard-00-01.n6xcems.mongodb.net:27017', tagSet=TagSet{[Tag{name='availabilityZone', value='aps1-az1'}, Tag{name='cacheState', value='READY'}, Tag{name='diskState', value='READY'}, Tag{name='nodeType', value='ELECTABLE'}, Tag{name='provider', value='AWS'}, Tag{name='region', value='AP_SOUTH_1'}, Tag{name='workloadType', value='OPERATIONAL'}]}, electionId=null, setVersion=59, topologyVersion=TopologyVersion{processId=69fb4b8ad9a9c178fb3301e4, counter=4}, lastWriteDate=Fri May 08 17:08:48 IST 2026, lastUpdateTimeNanos=26286419830800}, ServerDescription{address=ac-ipegaos-shard-00-01.n6xcems.mongodb.net:27017, type=UNKNOWN, state=CONNECTING}]}. Waiting for 30000 ms before timing out
2026-05-08 17:08:50 [cluster-ClusterId{value='69fdcb47252f801f6eac74c7', description='Cluster0'}-ac-ipegaos-shard-00-01.n6xcems.mongodb.net:27017] INFO  org.mongodb.driver.cluster - Monitor thread successfully connected to server with description ServerDescription{address=ac-ipegaos-shard-00-01.n6xcems.mongodb.net:27017, type=REPLICA_SET_PRIMARY, state=CONNECTED, ok=true, minWireVersion=0, maxWireVersion=25, maxDocumentSize=16777216, logicalSessionTimeoutMinutes=30, roundTripTimeNanos=2374233600, setName='atlas-12ucmv-shard-0', canonicalAddress=ac-ipegaos-shard-00-01.n6xcems.mongodb.net:27017, hosts=[ac-ipegaos-shard-00-00.n6xcems.mongodb.net:27017, ac-ipegaos-shard-00-02.n6xcems.mongodb.net:27017, ac-ipegaos-shard-00-01.n6xcems.mongodb.net:27017], passives=[], arbiters=[], primary='ac-ipegaos-shard-00-01.n6xcems.mongodb.net:27017', tagSet=TagSet{[Tag{name='availabilityZone', value='aps1-az3'}, Tag{name='cacheState', value='READY'}, Tag{name='diskState', value='READY'}, Tag{name='nodeType', value='ELECTABLE'}, Tag{name='provider', value='AWS'}, Tag{name='region', value='AP_SOUTH_1'}, Tag{name='workloadType', value='OPERATIONAL'}]}, electionId=7fffffff00000000000000df, setVersion=59, topologyVersion=TopologyVersion{processId=69fb4bd6cc4fccde66e6c67b, counter=6}, lastWriteDate=Fri May 08 17:08:50 IST 2026, lastUpdateTimeNanos=26288455868600}
2026-05-08 17:08:50 [cluster-ClusterId{value='69fdcb47252f801f6eac74c7', description='Cluster0'}-ac-ipegaos-shard-00-01.n6xcems.mongodb.net:27017] INFO  org.mongodb.driver.cluster - Discovered replica set primary ac-ipegaos-shard-00-01.n6xcems.mongodb.net:27017 with max election id 7fffffff00000000000000df and max set version 59
2026-05-08 17:08:50 [main] WARN  o.s.b.a.s.s.UserDetailsServiceAutoConfiguration - 

Using generated security password: 9318afe0-da44-432c-bdb9-d66fc525678c

This generated password is for development use only. Your security configuration must be updated before running your application in production.

2026-05-08 17:08:51 [main] INFO  o.s.s.web.DefaultSecurityFilterChain - Will secure any request with [org.springframework.security.web.session.DisableEncodeUrlFilter@5fc7255c, org.springframework.security.web.context.request.async.WebAsyncManagerIntegrationFilter@20a47036, org.springframework.security.web.context.SecurityContextHolderFilter@16df9bde, org.springframework.security.web.header.HeaderWriterFilter@603d25db, org.springframework.web.filter.CorsFilter@70c205bf, org.springframework.security.web.authentication.logout.LogoutFilter@31e7afde, com.sentinel.security.JwtTokenFilter@43ab9ae9, org.springframework.security.web.savedrequest.RequestCacheAwareFilter@5be7b749, org.springframework.security.web.servletapi.SecurityContextHolderAwareRequestFilter@44aeae34, org.springframework.security.web.authentication.AnonymousAuthenticationFilter@2520aa05, org.springframework.security.web.session.SessionManagementFilter@371cd2fc, org.springframework.security.web.access.ExceptionTranslationFilter@1bbb42b4, org.springframework.security.web.access.intercept.AuthorizationFilter@d8e4250]
2026-05-08 17:08:51 [main] INFO  o.a.coyote.http11.Http11NioProtocol - Starting ProtocolHandler ["http-nio-5500"]
2026-05-08 17:08:51 [main] INFO  o.s.b.w.e.tomcat.TomcatWebServer - Tomcat started on port 5500 (http) with context path ''
2026-05-08 17:08:51 [main] INFO  com.sentinel.SentinelApplication - Started SentinelApplication in 7.569 seconds (process running for 8.199)
2026-05-08 17:08:51 [http-nio-5500-exec-1] INFO  o.a.c.c.C.[Tomcat].[localhost].[/] - Initializing Spring DispatcherServlet 'dispatcherServlet'
2026-05-08 17:08:51 [http-nio-5500-exec-1] INFO  o.s.web.servlet.DispatcherServlet - Initializing Servlet 'dispatcherServlet'
2026-05-08 17:08:51 [http-nio-5500-exec-1] INFO  o.s.web.servlet.DispatcherServlet - Completed initialization in 1 ms
2026-05-08 17:13:23 [background-preinit] INFO  o.h.validator.internal.util.Version - HV000001: Hibernate Validator 8.0.1.Final
2026-05-08 17:13:23 [main] INFO  com.sentinel.SentinelApplication - Starting SentinelApplication using Java 17.0.12 with PID 13220 (A:\Projects\Santinel\backend\target\classes started by Ajay in A:\Projects\Santinel\backend)
2026-05-08 17:13:23 [main] INFO  com.sentinel.SentinelApplication - No active profile set, falling back to 1 default profile: "default"
2026-05-08 17:13:24 [main] INFO  o.s.d.r.c.RepositoryConfigurationDelegate - Bootstrapping Spring Data MongoDB repositories in DEFAULT mode.
2026-05-08 17:13:24 [main] INFO  o.s.d.r.c.RepositoryConfigurationDelegate - Finished Spring Data repository scanning in 237 ms. Found 3 MongoDB repository interfaces.
2026-05-08 17:13:25 [main] INFO  o.s.b.w.e.tomcat.TomcatWebServer - Tomcat initialized with port 5500 (http)
2026-05-08 17:13:25 [main] INFO  o.a.coyote.http11.Http11NioProtocol - Initializing ProtocolHandler ["http-nio-5500"]
2026-05-08 17:13:25 [main] INFO  o.a.catalina.core.StandardService - Starting service [Tomcat]
2026-05-08 17:13:25 [main] INFO  o.a.catalina.core.StandardEngine - Starting Servlet engine: [Apache Tomcat/10.1.20]
2026-05-08 17:13:25 [main] INFO  o.a.c.c.C.[Tomcat].[localhost].[/] - Initializing Spring embedded WebApplicationContext
2026-05-08 17:13:25 [main] INFO  o.s.b.w.s.c.ServletWebServerApplicationContext - Root WebApplicationContext: initialization completed in 2171 ms
2026-05-08 17:13:26 [main] INFO  org.mongodb.driver.cluster - Adding discovered server ac-ipegaos-shard-00-00.n6xcems.mongodb.net:27017 to client view of cluster
2026-05-08 17:13:26 [main] INFO  org.mongodb.driver.cluster - Adding discovered server ac-ipegaos-shard-00-01.n6xcems.mongodb.net:27017 to client view of cluster
2026-05-08 17:13:26 [main] INFO  org.mongodb.driver.cluster - Adding discovered server ac-ipegaos-shard-00-02.n6xcems.mongodb.net:27017 to client view of cluster
2026-05-08 17:13:26 [main] INFO  org.mongodb.driver.client - MongoClient with metadata {"application": {"name": "Cluster0"}, "driver": {"name": "mongo-java-driver|sync|spring-boot", "version": "4.11.2"}, "os": {"type": "Windows", "name": "Windows 11", "architecture": "amd64", "version": "10.0"}, "platform": "Java/Oracle Corporation/17.0.12+8-LTS-286"} created with settings MongoClientSettings{readPreference=primary, writeConcern=WriteConcern{w=null, wTimeout=null ms, journal=null}, retryWrites=true, retryReads=true, readConcern=ReadConcern{level=null}, credential=MongoCredential{mechanism=null, userName='admin', source='admin', password=<hidden>, mechanismProperties=<hidden>}, transportSettings=null, streamFactoryFactory=null, commandListeners=[], codecRegistry=ProvidersCodecRegistry{codecProviders=[ValueCodecProvider{}, BsonValueCodecProvider{}, DBRefCodecProvider{}, DBObjectCodecProvider{}, DocumentCodecProvider{}, CollectionCodecProvider{}, IterableCodecProvider{}, MapCodecProvider{}, GeoJsonCodecProvider{}, GridFSFileCodecProvider{}, Jsr310CodecProvider{}, JsonObjectCodecProvider{}, BsonCodecProvider{}, EnumCodecProvider{}, com.mongodb.client.model.mql.ExpressionCodecProvider@9df564f, com.mongodb.Jep395RecordCodecProvider@1a21f43f, com.mongodb.KotlinCodecProvider@7f0a133d]}, loggerSettings=LoggerSettings{maxDocumentLength=1000}, clusterSettings={hosts=[ac-ipegaos-shard-00-00.n6xcems.mongodb.net:27017, ac-ipegaos-shard-00-01.n6xcems.mongodb.net:27017, ac-ipegaos-shard-00-02.n6xcems.mongodb.net:27017], srvServiceName=mongodb, mode=MULTIPLE, requiredClusterType=REPLICA_SET, requiredReplicaSetName='atlas-12ucmv-shard-0', serverSelector='null', clusterListeners='[]', serverSelectionTimeout='30000 ms', localThreshold='15 ms'}, socketSettings=SocketSettings{connectTimeoutMS=10000, readTimeoutMS=0, receiveBufferSize=0, proxySettings=ProxySettings{host=null, port=null, username=null, password=null}}, heartbeatSocketSettings=SocketSettings{connectTimeoutMS=10000, readTimeoutMS=10000, receiveBufferSize=0, proxySettings=ProxySettings{host=null, port=null, username=null, password=null}}, connectionPoolSettings=ConnectionPoolSettings{maxSize=100, minSize=0, maxWaitTimeMS=120000, maxConnectionLifeTimeMS=0, maxConnectionIdleTimeMS=0, maintenanceInitialDelayMS=0, maintenanceFrequencyMS=60000, connectionPoolListeners=[], maxConnecting=2}, serverSettings=ServerSettings{heartbeatFrequencyMS=10000, minHeartbeatFrequencyMS=500, serverListeners='[]', serverMonitorListeners='[]'}, sslSettings=SslSettings{enabled=true, invalidHostNameAllowed=false, context=null}, applicationName='Cluster0', compressorList=[], uuidRepresentation=JAVA_LEGACY, serverApi=null, autoEncryptionSettings=null, dnsClient=null, inetAddressResolver=null, contextProvider=null}
2026-05-08 17:13:26 [cluster-ClusterId{value='69fdcc5e0f5cfc79d78233a7', description='Cluster0'}-ac-ipegaos-shard-00-01.n6xcems.mongodb.net:27017] INFO  org.mongodb.driver.cluster - Monitor thread successfully connected to server with description ServerDescription{address=ac-ipegaos-shard-00-01.n6xcems.mongodb.net:27017, type=REPLICA_SET_PRIMARY, state=CONNECTED, ok=true, minWireVersion=0, maxWireVersion=25, maxDocumentSize=16777216, logicalSessionTimeoutMinutes=30, roundTripTimeNanos=339966600, setName='atlas-12ucmv-shard-0', canonicalAddress=ac-ipegaos-shard-00-01.n6xcems.mongodb.net:27017, hosts=[ac-ipegaos-shard-00-00.n6xcems.mongodb.net:27017, ac-ipegaos-shard-00-02.n6xcems.mongodb.net:27017, ac-ipegaos-shard-00-01.n6xcems.mongodb.net:27017], passives=[], arbiters=[], primary='ac-ipegaos-shard-00-01.n6xcems.mongodb.net:27017', tagSet=TagSet{[Tag{name='availabilityZone', value='aps1-az3'}, Tag{name='cacheState', value='READY'}, Tag{name='diskState', value='READY'}, Tag{name='nodeType', value='ELECTABLE'}, Tag{name='provider', value='AWS'}, Tag{name='region', value='AP_SOUTH_1'}, Tag{name='workloadType', value='OPERATIONAL'}]}, electionId=7fffffff00000000000000df, setVersion=59, topologyVersion=TopologyVersion{processId=69fb4bd6cc4fccde66e6c67b, counter=6}, lastWriteDate=Fri May 08 17:13:26 IST 2026, lastUpdateTimeNanos=26564851994600}
2026-05-08 17:13:26 [cluster-ClusterId{value='69fdcc5e0f5cfc79d78233a7', description='Cluster0'}-ac-ipegaos-shard-00-02.n6xcems.mongodb.net:27017] INFO  org.mongodb.driver.cluster - Monitor thread successfully connected to server with description ServerDescription{address=ac-ipegaos-shard-00-02.n6xcems.mongodb.net:27017, type=REPLICA_SET_SECONDARY, state=CONNECTED, ok=true, minWireVersion=0, maxWireVersion=25, maxDocumentSize=16777216, logicalSessionTimeoutMinutes=30, roundTripTimeNanos=339992300, setName='atlas-12ucmv-shard-0', canonicalAddress=ac-ipegaos-shard-00-02.n6xcems.mongodb.net:27017, hosts=[ac-ipegaos-shard-00-00.n6xcems.mongodb.net:27017, ac-ipegaos-shard-00-02.n6xcems.mongodb.net:27017, ac-ipegaos-shard-00-01.n6xcems.mongodb.net:27017], passives=[], arbiters=[], primary='ac-ipegaos-shard-00-01.n6xcems.mongodb.net:27017', tagSet=TagSet{[Tag{name='availabilityZone', value='aps1-az2'}, Tag{name='cacheState', value='READY'}, Tag{name='diskState', value='READY'}, Tag{name='nodeType', value='ELECTABLE'}, Tag{name='provider', value='AWS'}, Tag{name='region', value='AP_SOUTH_1'}, Tag{name='workloadType', value='OPERATIONAL'}]}, electionId=null, setVersion=59, topologyVersion=TopologyVersion{processId=69fb4c217b99c5550e6012ac, counter=3}, lastWriteDate=Fri May 08 17:13:26 IST 2026, lastUpdateTimeNanos=26564852001100}
2026-05-08 17:13:26 [cluster-ClusterId{value='69fdcc5e0f5cfc79d78233a7', description='Cluster0'}-ac-ipegaos-shard-00-01.n6xcems.mongodb.net:27017] INFO  org.mongodb.driver.cluster - Discovered replica set primary ac-ipegaos-shard-00-01.n6xcems.mongodb.net:27017 with max election id 7fffffff00000000000000df and max set version 59
2026-05-08 17:13:26 [cluster-ClusterId{value='69fdcc5e0f5cfc79d78233a7', description='Cluster0'}-ac-ipegaos-shard-00-00.n6xcems.mongodb.net:27017] INFO  org.mongodb.driver.cluster - Monitor thread successfully connected to server with description ServerDescription{address=ac-ipegaos-shard-00-00.n6xcems.mongodb.net:27017, type=REPLICA_SET_SECONDARY, state=CONNECTED, ok=true, minWireVersion=0, maxWireVersion=25, maxDocumentSize=16777216, logicalSessionTimeoutMinutes=30, roundTripTimeNanos=339995500, setName='atlas-12ucmv-shard-0', canonicalAddress=ac-ipegaos-shard-00-00.n6xcems.mongodb.net:27017, hosts=[ac-ipegaos-shard-00-00.n6xcems.mongodb.net:27017, ac-ipegaos-shard-00-02.n6xcems.mongodb.net:27017, ac-ipegaos-shard-00-01.n6xcems.mongodb.net:27017], passives=[], arbiters=[], primary='ac-ipegaos-shard-00-01.n6xcems.mongodb.net:27017', tagSet=TagSet{[Tag{name='availabilityZone', value='aps1-az1'}, Tag{name='cacheState', value='READY'}, Tag{name='diskState', value='READY'}, Tag{name='nodeType', value='ELECTABLE'}, Tag{name='provider', value='AWS'}, Tag{name='region', value='AP_SOUTH_1'}, Tag{name='workloadType', value='OPERATIONAL'}]}, electionId=null, setVersion=59, topologyVersion=TopologyVersion{processId=69fb4b8ad9a9c178fb3301e4, counter=4}, lastWriteDate=Fri May 08 17:13:26 IST 2026, lastUpdateTimeNanos=26564851994800}
2026-05-08 17:13:26 [main] INFO  com.sentinel.engine.ApiMonitor - Initializing global fleet surveillance protocols...
2026-05-08 17:13:27 [main] WARN  o.s.b.a.s.s.UserDetailsServiceAutoConfiguration - 

Using generated security password: 8245c7e7-8a5d-4253-892d-5774eeea47af

This generated password is for development use only. Your security configuration must be updated before running your application in production.

2026-05-08 17:13:27 [main] INFO  o.s.s.web.DefaultSecurityFilterChain - Will secure any request with [org.springframework.security.web.session.DisableEncodeUrlFilter@4571cebe, org.springframework.security.web.context.request.async.WebAsyncManagerIntegrationFilter@154864f8, org.springframework.security.web.context.SecurityContextHolderFilter@2ecdf528, org.springframework.security.web.header.HeaderWriterFilter@16df9bde, org.springframework.web.filter.CorsFilter@11cadb32, org.springframework.security.web.authentication.logout.LogoutFilter@46894dc5, com.sentinel.security.JwtTokenFilter@6d3ad37a, org.springframework.security.web.savedrequest.RequestCacheAwareFilter@33f349ae, org.springframework.security.web.servletapi.SecurityContextHolderAwareRequestFilter@377e573a, org.springframework.security.web.authentication.AnonymousAuthenticationFilter@26f5e45d, org.springframework.security.web.session.SessionManagementFilter@52856ff9, org.springframework.security.web.access.ExceptionTranslationFilter@b32e983, org.springframework.security.web.access.intercept.AuthorizationFilter@727453a3]
2026-05-08 17:13:28 [main] INFO  o.a.coyote.http11.Http11NioProtocol - Starting ProtocolHandler ["http-nio-5500"]
2026-05-08 17:13:28 [main] INFO  o.s.b.w.e.tomcat.TomcatWebServer - Tomcat started on port 5500 (http) with context path ''
2026-05-08 17:13:28 [main] INFO  com.sentinel.SentinelApplication - Started SentinelApplication in 5.279 seconds (process running for 5.952)
2026-05-08 17:13:30 [http-nio-5500-exec-1] INFO  o.a.c.c.C.[Tomcat].[localhost].[/] - Initializing Spring DispatcherServlet 'dispatcherServlet'
2026-05-08 17:13:30 [http-nio-5500-exec-1] INFO  o.s.web.servlet.DispatcherServlet - Initializing Servlet 'dispatcherServlet'
2026-05-08 17:13:30 [http-nio-5500-exec-1] INFO  o.s.web.servlet.DispatcherServlet - Completed initialization in 2 ms
2026-05-08 17:20:57 [SpringApplicationShutdownHook] INFO  com.sentinel.engine.ApiMonitor - Deactivating all active surveillance signals...
2026-05-08 17:21:08 [background-preinit] INFO  o.h.validator.internal.util.Version - HV000001: Hibernate Validator 8.0.1.Final
2026-05-08 17:21:08 [main] INFO  com.sentinel.SentinelApplication - Starting SentinelApplication using Java 17.0.12 with PID 24248 (A:\Projects\Santinel\backend\target\classes started by Ajay in A:\Projects\Santinel\backend)
2026-05-08 17:21:08 [main] INFO  com.sentinel.SentinelApplication - No active profile set, falling back to 1 default profile: "default"
2026-05-08 17:21:09 [main] INFO  o.s.d.r.c.RepositoryConfigurationDelegate - Bootstrapping Spring Data MongoDB repositories in DEFAULT mode.
2026-05-08 17:21:09 [main] INFO  o.s.d.r.c.RepositoryConfigurationDelegate - Finished Spring Data repository scanning in 278 ms. Found 3 MongoDB repository interfaces.
2026-05-08 17:21:10 [main] INFO  o.s.b.w.e.tomcat.TomcatWebServer - Tomcat initialized with port 5500 (http)
2026-05-08 17:21:10 [main] INFO  o.a.coyote.http11.Http11NioProtocol - Initializing ProtocolHandler ["http-nio-5500"]
2026-05-08 17:21:10 [main] INFO  o.a.catalina.core.StandardService - Starting service [Tomcat]
2026-05-08 17:21:10 [main] INFO  o.a.catalina.core.StandardEngine - Starting Servlet engine: [Apache Tomcat/10.1.20]
2026-05-08 17:21:10 [main] INFO  o.a.c.c.C.[Tomcat].[localhost].[/] - Initializing Spring embedded WebApplicationContext
2026-05-08 17:21:10 [main] INFO  o.s.b.w.s.c.ServletWebServerApplicationContext - Root WebApplicationContext: initialization completed in 2646 ms
2026-05-08 17:21:11 [main] INFO  org.mongodb.driver.cluster - Adding discovered server ac-ipegaos-shard-00-00.n6xcems.mongodb.net:27017 to client view of cluster
2026-05-08 17:21:11 [main] INFO  org.mongodb.driver.cluster - Adding discovered server ac-ipegaos-shard-00-01.n6xcems.mongodb.net:27017 to client view of cluster
2026-05-08 17:21:11 [main] INFO  org.mongodb.driver.cluster - Adding discovered server ac-ipegaos-shard-00-02.n6xcems.mongodb.net:27017 to client view of cluster
2026-05-08 17:21:11 [main] INFO  org.mongodb.driver.client - MongoClient with metadata {"application": {"name": "Cluster0"}, "driver": {"name": "mongo-java-driver|sync|spring-boot", "version": "4.11.2"}, "os": {"type": "Windows", "name": "Windows 11", "architecture": "amd64", "version": "10.0"}, "platform": "Java/Oracle Corporation/17.0.12+8-LTS-286"} created with settings MongoClientSettings{readPreference=primary, writeConcern=WriteConcern{w=null, wTimeout=null ms, journal=null}, retryWrites=true, retryReads=true, readConcern=ReadConcern{level=null}, credential=MongoCredential{mechanism=null, userName='admin', source='admin', password=<hidden>, mechanismProperties=<hidden>}, transportSettings=null, streamFactoryFactory=null, commandListeners=[], codecRegistry=ProvidersCodecRegistry{codecProviders=[ValueCodecProvider{}, BsonValueCodecProvider{}, DBRefCodecProvider{}, DBObjectCodecProvider{}, DocumentCodecProvider{}, CollectionCodecProvider{}, IterableCodecProvider{}, MapCodecProvider{}, GeoJsonCodecProvider{}, GridFSFileCodecProvider{}, Jsr310CodecProvider{}, JsonObjectCodecProvider{}, BsonCodecProvider{}, EnumCodecProvider{}, com.mongodb.client.model.mql.ExpressionCodecProvider@3fdcde7a, com.mongodb.Jep395RecordCodecProvider@4f363abd, com.mongodb.KotlinCodecProvider@7302ff13]}, loggerSettings=LoggerSettings{maxDocumentLength=1000}, clusterSettings={hosts=[ac-ipegaos-shard-00-00.n6xcems.mongodb.net:27017, ac-ipegaos-shard-00-01.n6xcems.mongodb.net:27017, ac-ipegaos-shard-00-02.n6xcems.mongodb.net:27017], srvServiceName=mongodb, mode=MULTIPLE, requiredClusterType=REPLICA_SET, requiredReplicaSetName='atlas-12ucmv-shard-0', serverSelector='null', clusterListeners='[]', serverSelectionTimeout='30000 ms', localThreshold='15 ms'}, socketSettings=SocketSettings{connectTimeoutMS=10000, readTimeoutMS=0, receiveBufferSize=0, proxySettings=ProxySettings{host=null, port=null, username=null, password=null}}, heartbeatSocketSettings=SocketSettings{connectTimeoutMS=10000, readTimeoutMS=10000, receiveBufferSize=0, proxySettings=ProxySettings{host=null, port=null, username=null, password=null}}, connectionPoolSettings=ConnectionPoolSettings{maxSize=100, minSize=0, maxWaitTimeMS=120000, maxConnectionLifeTimeMS=0, maxConnectionIdleTimeMS=0, maintenanceInitialDelayMS=0, maintenanceFrequencyMS=60000, connectionPoolListeners=[], maxConnecting=2}, serverSettings=ServerSettings{heartbeatFrequencyMS=10000, minHeartbeatFrequencyMS=500, serverListeners='[]', serverMonitorListeners='[]'}, sslSettings=SslSettings{enabled=true, invalidHostNameAllowed=false, context=null}, applicationName='Cluster0', compressorList=[], uuidRepresentation=JAVA_LEGACY, serverApi=null, autoEncryptionSettings=null, dnsClient=null, inetAddressResolver=null, contextProvider=null}
2026-05-08 17:21:11 [cluster-ClusterId{value='69fdce2f28c86b1970553d80', description='Cluster0'}-ac-ipegaos-shard-00-01.n6xcems.mongodb.net:27017] INFO  org.mongodb.driver.cluster - Monitor thread successfully connected to server with description ServerDescription{address=ac-ipegaos-shard-00-01.n6xcems.mongodb.net:27017, type=REPLICA_SET_PRIMARY, state=CONNECTED, ok=true, minWireVersion=0, maxWireVersion=25, maxDocumentSize=16777216, logicalSessionTimeoutMinutes=30, roundTripTimeNanos=373448600, setName='atlas-12ucmv-shard-0', canonicalAddress=ac-ipegaos-shard-00-01.n6xcems.mongodb.net:27017, hosts=[ac-ipegaos-shard-00-00.n6xcems.mongodb.net:27017, ac-ipegaos-shard-00-02.n6xcems.mongodb.net:27017, ac-ipegaos-shard-00-01.n6xcems.mongodb.net:27017], passives=[], arbiters=[], primary='ac-ipegaos-shard-00-01.n6xcems.mongodb.net:27017', tagSet=TagSet{[Tag{name='availabilityZone', value='aps1-az3'}, Tag{name='cacheState', value='READY'}, Tag{name='diskState', value='READY'}, Tag{name='nodeType', value='ELECTABLE'}, Tag{name='provider', value='AWS'}, Tag{name='region', value='AP_SOUTH_1'}, Tag{name='workloadType', value='OPERATIONAL'}]}, electionId=7fffffff00000000000000df, setVersion=59, topologyVersion=TopologyVersion{processId=69fb4bd6cc4fccde66e6c67b, counter=6}, lastWriteDate=Fri May 08 17:21:11 IST 2026, lastUpdateTimeNanos=27030058370300}
2026-05-08 17:21:11 [cluster-ClusterId{value='69fdce2f28c86b1970553d80', description='Cluster0'}-ac-ipegaos-shard-00-00.n6xcems.mongodb.net:27017] INFO  org.mongodb.driver.cluster - Monitor thread successfully connected to server with description ServerDescription{address=ac-ipegaos-shard-00-00.n6xcems.mongodb.net:27017, type=REPLICA_SET_SECONDARY, state=CONNECTED, ok=true, minWireVersion=0, maxWireVersion=25, maxDocumentSize=16777216, logicalSessionTimeoutMinutes=30, roundTripTimeNanos=373462300, setName='atlas-12ucmv-shard-0', canonicalAddress=ac-ipegaos-shard-00-00.n6xcems.mongodb.net:27017, hosts=[ac-ipegaos-shard-00-00.n6xcems.mongodb.net:27017, ac-ipegaos-shard-00-02.n6xcems.mongodb.net:27017, ac-ipegaos-shard-00-01.n6xcems.mongodb.net:27017], passives=[], arbiters=[], primary='ac-ipegaos-shard-00-01.n6xcems.mongodb.net:27017', tagSet=TagSet{[Tag{name='availabilityZone', value='aps1-az1'}, Tag{name='cacheState', value='READY'}, Tag{name='diskState', value='READY'}, Tag{name='nodeType', value='ELECTABLE'}, Tag{name='provider', value='AWS'}, Tag{name='region', value='AP_SOUTH_1'}, Tag{name='workloadType', value='OPERATIONAL'}]}, electionId=null, setVersion=59, topologyVersion=TopologyVersion{processId=69fb4b8ad9a9c178fb3301e4, counter=4}, lastWriteDate=Fri May 08 17:21:11 IST 2026, lastUpdateTimeNanos=27030058440400}
2026-05-08 17:21:12 [cluster-ClusterId{value='69fdce2f28c86b1970553d80', description='Cluster0'}-ac-ipegaos-shard-00-02.n6xcems.mongodb.net:27017] INFO  org.mongodb.driver.cluster - Monitor thread successfully connected to server with description ServerDescription{address=ac-ipegaos-shard-00-02.n6xcems.mongodb.net:27017, type=REPLICA_SET_SECONDARY, state=CONNECTED, ok=true, minWireVersion=0, maxWireVersion=25, maxDocumentSize=16777216, logicalSessionTimeoutMinutes=30, roundTripTimeNanos=373447900, setName='atlas-12ucmv-shard-0', canonicalAddress=ac-ipegaos-shard-00-02.n6xcems.mongodb.net:27017, hosts=[ac-ipegaos-shard-00-00.n6xcems.mongodb.net:27017, ac-ipegaos-shard-00-02.n6xcems.mongodb.net:27017, ac-ipegaos-shard-00-01.n6xcems.mongodb.net:27017], passives=[], arbiters=[], primary='ac-ipegaos-shard-00-01.n6xcems.mongodb.net:27017', tagSet=TagSet{[Tag{name='availabilityZone', value='aps1-az2'}, Tag{name='cacheState', value='READY'}, Tag{name='diskState', value='READY'}, Tag{name='nodeType', value='ELECTABLE'}, Tag{name='provider', value='AWS'}, Tag{name='region', value='AP_SOUTH_1'}, Tag{name='workloadType', value='OPERATIONAL'}]}, electionId=null, setVersion=59, topologyVersion=TopologyVersion{processId=69fb4c217b99c5550e6012ac, counter=3}, lastWriteDate=Fri May 08 17:21:11 IST 2026, lastUpdateTimeNanos=27030058383300}
2026-05-08 17:21:12 [cluster-ClusterId{value='69fdce2f28c86b1970553d80', description='Cluster0'}-ac-ipegaos-shard-00-01.n6xcems.mongodb.net:27017] INFO  org.mongodb.driver.cluster - Discovered replica set primary ac-ipegaos-shard-00-01.n6xcems.mongodb.net:27017 with max election id 7fffffff00000000000000df and max set version 59
2026-05-08 17:21:12 [main] INFO  com.sentinel.engine.ApiMonitor - Initializing global fleet surveillance protocols...
2026-05-08 17:21:12 [main] WARN  o.s.b.a.s.s.UserDetailsServiceAutoConfiguration - 

Using generated security password: 64690768-fdb0-4fe7-93bc-3eda5326b891

This generated password is for development use only. Your security configuration must be updated before running your application in production.

2026-05-08 17:21:13 [main] INFO  o.s.s.web.DefaultSecurityFilterChain - Will secure any request with [org.springframework.security.web.session.DisableEncodeUrlFilter@2520aa05, org.springframework.security.web.context.request.async.WebAsyncManagerIntegrationFilter@26865b57, org.springframework.security.web.context.SecurityContextHolderFilter@2ec5cc14, org.springframework.security.web.header.HeaderWriterFilter@29c244e, org.springframework.web.filter.CorsFilter@46894dc5, org.springframework.security.web.authentication.logout.LogoutFilter@308a9264, com.sentinel.security.JwtTokenFilter@596afb2f, org.springframework.security.web.savedrequest.RequestCacheAwareFilter@269308cc, org.springframework.security.web.servletapi.SecurityContextHolderAwareRequestFilter@177ddd24, org.springframework.security.web.authentication.AnonymousAuthenticationFilter@79ba0285, org.springframework.security.web.session.SessionManagementFilter@478530cb, org.springframework.security.web.access.ExceptionTranslationFilter@48b3b1b8, org.springframework.security.web.access.intercept.AuthorizationFilter@20a47036]
2026-05-08 17:21:13 [main] INFO  o.a.coyote.http11.Http11NioProtocol - Starting ProtocolHandler ["http-nio-5500"]
2026-05-08 17:21:13 [main] INFO  o.s.b.w.e.tomcat.TomcatWebServer - Tomcat started on port 5500 (http) with context path ''
2026-05-08 17:21:13 [main] INFO  com.sentinel.SentinelApplication - Started SentinelApplication in 6.037 seconds (process running for 6.756)
2026-05-08 17:22:27 [http-nio-5500-exec-1] INFO  o.a.c.c.C.[Tomcat].[localhost].[/] - Initializing Spring DispatcherServlet 'dispatcherServlet'
2026-05-08 17:22:27 [http-nio-5500-exec-1] INFO  o.s.web.servlet.DispatcherServlet - Initializing Servlet 'dispatcherServlet'
2026-05-08 17:22:27 [http-nio-5500-exec-1] INFO  o.s.web.servlet.DispatcherServlet - Completed initialization in 2 ms
2026-05-08 17:23:38 [http-nio-5500-exec-7] INFO  com.sentinel.engine.ApiMonitor - Scheduling surveillance for Charging station  | Protocol Frequency: 30s
2026-05-08 17:24:49 [http-nio-5500-exec-10] INFO  com.sentinel.engine.ApiMonitor - Signal terminated for service ID: 69fdcec228c86b1970553d82
2026-05-08 17:25:20 [http-nio-5500-exec-7] INFO  com.sentinel.engine.ApiMonitor - Scheduling surveillance for charging station | Protocol Frequency: 30s
